url,snapshot
https://web.archive.org/web/20150330201315/https://www.elmundo.es/opinion/2015/03/30/5519a585ca4741d64a8b456b.html,20150330201315
https://web.archive.org/web/20150426201748/https://www.elmundo.es/pais-vasco/2015/04/04/5520110e268e3ef57f8b457a.html,20150426201748
https://web.archive.org/web/20150426201748/https://www.elmundo.es/opinion/2015/03/30/5519a585ca4741d64a8b456b.html,20150426201748
https://web.archive.org/web/20150506214952/https://www.elmundo.es/pais-vasco/2015/04/04/5520110e268e3ef57f8b457a.html,20150506214952
https://web.archive.org/web/20150506214952/https://www.elmundo.es/opinion/2015/03/30/5519a585ca4741d64a8b456b.html,20150506214952
https://web.archive.org/web/20150526202158/https://www.elmundo.es/pais-vasco/2015/04/04/5520110e268e3ef57f8b457a.html,20150526202158
https://web.archive.org/web/20150526202158/https://www.elmundo.es/opinion/2015/03/30/5519a585ca4741d64a8b456b.html,20150526202158
https://web.archive.org/web/20150531043943/https://www.elmundo.es/pais-vasco/2015/04/04/5520110e268e3ef57f8b457a.html,20150531043943
https://web.archive.org/web/20150531043943/https://www.elmundo.es/opinion/2015/03/30/5519a585ca4741d64a8b456b.html,20150531043943
https://https/pais-vasco.html,20160415125141
https://web.archive.org/web/20150823025256/https://www.elmundo.es/pais-vasco/2015/08/14/55cdad73ca47414a048b4575.html,20150823025256
https://web.archive.org/web/20150823025256/https://www.elmundo.es/pais-vasco/2015/08/13/55cc5b1de2704e74108b4575.html,20150823025256
https://web.archive.org/web/20150823025256/https://www.elmundo.es/opinion/2015/08/03/55be641022601d5a588b4583.html,20150823025256
https://web.archive.org/web/20150824052419/https://www.elmundo.es/pais-vasco/2015/08/14/55cdad73ca47414a048b4575.html,20150824052419
https://web.archive.org/web/20150824052419/https://www.elmundo.es/pais-vasco/2015/08/13/55cc5b1de2704e74108b4575.html,20150824052419
https://web.archive.org/web/20150824052419/https://www.elmundo.es/opinion/2015/08/03/55be641022601d5a588b4583.html,20150824052419
https://web.archive.org/web/20150904185649/https://www.elmundo.es/pais-vasco/2015/08/14/55cdad73ca47414a048b4575.html,20150904185649
https://web.archive.org/web/20150904185649/https://www.elmundo.es/pais-vasco/2015/08/13/55cc5b1de2704e74108b4575.html,20150904185649
https://web.archive.org/web/20150913222210/https://www.elmundo.es/pais-vasco/2015/08/14/55cdad73ca47414a048b4575.html,20150913222210
https://web.archive.org/web/20150913222210/https://www.elmundo.es/pais-vasco/2015/08/13/55cc5b1de2704e74108b4575.html,20150913222210
https://web.archive.org/web/20151001215827/https://www.elmundo.es/baleares/2015/09/24/56031a7e268e3e382b8b45ab.html,20151001215827
https://https/comunidad-valenciana.html,20151226193008
https://web.archive.org/web/20151226193008/https://www.elmundo.es/pais-vasco/2015/11/20/564f16df22601d4e6a8b459b.html,20151226193008
https://web.archive.org/web/20151226193008/https://www.elmundo.es/sociedad/2015/11/16/5648de12ca474109638b45c3.html,20151226193008
https://web.archive.org/web/20151226193008/https://www.elmundo.es/sociedad/2015/10/21/56279cff268e3e534d8b4659.html,20151226193008
https://web.archive.org/web/20160323025021/https://www.elmundo.es/madrid/2016/03/11/56e2f56046163fd3228b45b1.html,20160323025021
https://web.archive.org/web/20160323025021/https://www.elmundo.es/pais-vasco/2016/03/11/56e2d5ef46163f1f208b4588.html,20160323025021
https://web.archive.org/web/20160323025021/https://www.elmundo.es/espana/2016/03/08/56ddffdfca474110128b4574.html,20160323025021
https://web.archive.org/web/20160323025021/https://www.elmundo.es/cataluna/2016/03/04/56d960eb46163f924f8b4613.html,20160323025021
https://web.archive.org/web/20160323025021/https://www.elmundo.es/cataluna/2016/03/03/56d8655de2704ec71e8b4690.html,20160323025021
https://web.archive.org/web/20160323025021/https://www.elmundo.es/sociedad/2016/03/17/56ea51be46163f8d428b45bb.html,20160323025021
https://web.archive.org/web/20160404201005/https://www.elmundo.es/grafico/espana/2016/02/05/56b4ce8aca4741f9038b463f.html,20160404201005
https://web.archive.org/web/20160404201005/https://www.elmundo.es/cataluna/2016/03/29/56fa5ffee2704e51218b45ac.html,20160404201005
https://web.archive.org/web/20160404201005/https://www.elmundo.es/madrid/2016/03/11/56e2f56046163fd3228b45b1.html,20160404201005
https://web.archive.org/web/20160404201005/https://www.elmundo.es/pais-vasco/2016/03/11/56e2d5ef46163f1f208b4588.html,20160404201005
https://web.archive.org/web/20160404201005/https://www.elmundo.es/espana/2016/03/08/56ddffdfca474110128b4574.html,20160404201005
https://web.archive.org/web/20160404201005/https://www.elmundo.es/cataluna/2016/03/04/56d960eb46163f924f8b4613.html,20160404201005
https://web.archive.org/web/20160404201005/https://www.elmundo.es/cataluna/2016/03/03/56d8655de2704ec71e8b4690.html,20160404201005
https://web.archive.org/web/20160411190346/https://www.elmundo.es/pais-vasco/2016/04/05/5703b310ca474123558b4661.html,20160411190346
https://web.archive.org/web/20160411190346/https://www.elmundo.es/grafico/espana/2016/02/05/56b4ce8aca4741f9038b463f.html,20160411190346
https://web.archive.org/web/20160411190346/https://www.elmundo.es/cataluna/2016/03/29/56fa5ffee2704e51218b45ac.html,20160411190346
https://web.archive.org/web/20160411190346/https://www.elmundo.es/madrid/2016/03/11/56e2f56046163fd3228b45b1.html,20160411190346
https://web.archive.org/web/20160411190346/https://www.elmundo.es/pais-vasco/2016/03/11/56e2d5ef46163f1f208b4588.html,20160411190346
https://web.archive.org/web/20160411190346/https://www.elmundo.es/espana/2016/03/08/56ddffdfca474110128b4574.html,20160411190346
https://web.archive.org/web/20160411190346/https://www.elmundo.es/cataluna/2016/03/04/56d960eb46163f924f8b4613.html,20160411190346
https://web.archive.org/web/20160411190346/https://www.elmundo.es/cataluna/2016/03/03/56d8655de2704ec71e8b4690.html,20160411190346
https://web.archive.org/web/20160415125141/https://www.elmundo.es/pais-vasco/2016/04/05/5703b310ca474123558b4661.html,20160415125141
https://web.archive.org/web/20160415125141/https://www.elmundo.es/grafico/espana/2016/02/05/56b4ce8aca4741f9038b463f.html,20160415125141
https://web.archive.org/web/20160415125141/https://www.elmundo.es/cataluna/2016/03/29/56fa5ffee2704e51218b45ac.html,20160415125141
https://web.archive.org/web/20160415125141/https://www.elmundo.es/madrid/2016/03/11/56e2f56046163fd3228b45b1.html,20160415125141
https://web.archive.org/web/20160415125141/https://www.elmundo.es/pais-vasco/2016/03/11/56e2d5ef46163f1f208b4588.html,20160415125141
https://web.archive.org/web/20160415125141/https://www.elmundo.es/espana/2016/03/08/56ddffdfca474110128b4574.html,20160415125141
https://web.archive.org/web/20160415125141/https://www.elmundo.es/cataluna/2016/03/04/56d960eb46163f924f8b4613.html,20160415125141
https://web.archive.org/web/20160415125141/https://www.elmundo.es/cataluna/2016/03/03/56d8655de2704ec71e8b4690.html,20160415125141
https://web.archive.org/web/20160816021518/https://www.elmundo.es/baleares/2016/05/16/5739c15c268e3e19658b4606.html,20160816021518
https://web.archive.org/web/20160817062905/https://www.elmundo.es/baleares/2016/05/16/5739c15c268e3e19658b4606.html,20160817062905
https://web.archive.org/web/20160818125452/https://www.elmundo.es/baleares/2016/05/16/5739c15c268e3e19658b4606.html,20160818125452
https://web.archive.org/web/20160819174830/https://www.elmundo.es/baleares/2016/05/16/5739c15c268e3e19658b4606.html,20160819174830
https://web.archive.org/web/20160830182016/https://www.elmundo.es/baleares/2016/05/16/5739c15c268e3e19658b4606.html,20160830182016
https://web.archive.org/web/20160901111724/https://www.elmundo.es/baleares/2016/05/16/5739c15c268e3e19658b4606.html,20160901111724
https://web.archive.org/web/20160902163548/https://www.elmundo.es/baleares/2016/05/16/5739c15c268e3e19658b4606.html,20160902163548
https://web.archive.org/web/20160904142300/https://www.elmundo.es/baleares/2016/05/16/5739c15c268e3e19658b4606.html,20160904142300
https://web.archive.org/web/20160911230940/https://www.elmundo.es/baleares/2016/05/16/5739c15c268e3e19658b4606.html,20160911230940
https://web.archive.org/web/20160916054858/https://www.elmundo.es/baleares/2016/05/16/5739c15c268e3e19658b4606.html,20160916054858
https://web.archive.org/web/20160923050615/https://www.elmundo.es/baleares/2016/05/16/5739c15c268e3e19658b4606.html,20160923050615
https://web.archive.org/web/20160924055823/https://www.elmundo.es/baleares/2016/05/16/5739c15c268e3e19658b4606.html,20160924055823
https://web.archive.org/web/20160925070536/https://www.elmundo.es/baleares/2016/05/16/5739c15c268e3e19658b4606.html,20160925070536
https://web.archive.org/web/20160927044701/https://www.elmundo.es/baleares/2016/05/16/5739c15c268e3e19658b4606.html,20160927044701
https://web.archive.org/web/20161104153854/https://www.elmundo.es/sociedad/2016/10/23/580c9ba0e5fdea133f8b4574.html,20161104153854
https://web.archive.org/web/20161112032534/https://www.elmundo.es/sociedad/2016/10/23/580c9ba0e5fdea133f8b4574.html,20161112032534
https://web.archive.org/web/20161120062103/https://www.elmundo.es/baleares/2016/11/18/582ec49be5fdea97278b45e2.html,20161120062103
https://web.archive.org/web/20161120062103/https://www.elmundo.es/sociedad/2016/10/23/580c9ba0e5fdea133f8b4574.html,20161120062103
https://web.archive.org/web/20161121073004/https://www.elmundo.es/baleares/2016/11/18/582ec49be5fdea97278b45e2.html,20161121073004
https://web.archive.org/web/20161121073004/https://www.elmundo.es/sociedad/2016/10/23/580c9ba0e5fdea133f8b4574.html,20161121073004
https://web.archive.org/web/20161122075455/https://www.elmundo.es/baleares/2016/11/18/582ec49be5fdea97278b45e2.html,20161122075455
https://web.archive.org/web/20161122075455/https://www.elmundo.es/sociedad/2016/10/23/580c9ba0e5fdea133f8b4574.html,20161122075455
https://web.archive.org/web/20161207155115/https://www.elmundo.es/baleares/2016/11/18/582ec49be5fdea97278b45e2.html,20161207155115
https://web.archive.org/web/20161207155115/https://www.elmundo.es/sociedad/2016/10/23/580c9ba0e5fdea133f8b4574.html,20161207155115
https://web.archive.org/web/20161208161647/https://www.elmundo.es/baleares/2016/11/18/582ec49be5fdea97278b45e2.html,20161208161647
https://web.archive.org/web/20161208161647/https://www.elmundo.es/sociedad/2016/10/23/580c9ba0e5fdea133f8b4574.html,20161208161647
https://web.archive.org/web/20161209171056/https://www.elmundo.es/baleares/2016/11/18/582ec49be5fdea97278b45e2.html,20161209171056
https://web.archive.org/web/20161209171056/https://www.elmundo.es/sociedad/2016/10/23/580c9ba0e5fdea133f8b4574.html,20161209171056
https://web.archive.org/web/20161210175311/https://www.elmundo.es/baleares/2016/11/18/582ec49be5fdea97278b45e2.html,20161210175311
https://web.archive.org/web/20161210175311/https://www.elmundo.es/sociedad/2016/10/23/580c9ba0e5fdea133f8b4574.html,20161210175311
https://web.archive.org/web/20161211175739/https://www.elmundo.es/baleares/2016/11/18/582ec49be5fdea97278b45e2.html,20161211175739
https://web.archive.org/web/20161211175739/https://www.elmundo.es/sociedad/2016/10/23/580c9ba0e5fdea133f8b4574.html,20161211175739
https://web.archive.org/web/20161212182816/https://www.elmundo.es/baleares/2016/11/18/582ec49be5fdea97278b45e2.html,20161212182816
https://web.archive.org/web/20161212182816/https://www.elmundo.es/sociedad/2016/10/23/580c9ba0e5fdea133f8b4574.html,20161212182816
https://web.archive.org/web/20161213185850/https://www.elmundo.es/baleares/2016/11/18/582ec49be5fdea97278b45e2.html,20161213185850
https://web.archive.org/web/20161213185850/https://www.elmundo.es/sociedad/2016/10/23/580c9ba0e5fdea133f8b4574.html,20161213185850
https://web.archive.org/web/20161215200346/https://www.elmundo.es/baleares/2016/11/18/582ec49be5fdea97278b45e2.html,20161215200346
https://web.archive.org/web/20161215200346/https://www.elmundo.es/sociedad/2016/10/23/580c9ba0e5fdea133f8b4574.html,20161215200346
https://web.archive.org/web/20161215200346/https://www.elmundo.es/sociedad/2016/12/15/5851947446163fbb348b46d1.html,20161215200346
https://web.archive.org/web/20161216204022/https://www.elmundo.es/baleares/2016/11/18/582ec49be5fdea97278b45e2.html,20161216204022
https://web.archive.org/web/20161216204022/https://www.elmundo.es/sociedad/2016/10/23/580c9ba0e5fdea133f8b4574.html,20161216204022
https://web.archive.org/web/20161218082412/https://www.elmundo.es/baleares/2016/11/18/582ec49be5fdea97278b45e2.html,20161218082412
https://web.archive.org/web/20161218082412/https://www.elmundo.es/sociedad/2016/10/23/580c9ba0e5fdea133f8b4574.html,20161218082412
https://web.archive.org/web/20161222071243/https://www.elmundo.es/sociedad/2016/12/18/5856a4e346163f020a8b4665.html,20161222071243
https://web.archive.org/web/20161222071243/https://www.elmundo.es/baleares/2016/11/18/582ec49be5fdea97278b45e2.html,20161222071243
https://web.archive.org/web/20161222071243/https://www.elmundo.es/sociedad/2016/10/23/580c9ba0e5fdea133f8b4574.html,20161222071243
https://web.archive.org/web/20161222071243/https://www.elmundo.es/sociedad/2016/12/21/585acadf468aebb9758b4597.html,20161222071243
https://web.archive.org/web/20161223080506/https://www.elmundo.es/sociedad/2016/12/18/5856a4e346163f020a8b4665.html,20161223080506
https://web.archive.org/web/20161223080506/https://www.elmundo.es/baleares/2016/11/18/582ec49be5fdea97278b45e2.html,20161223080506
https://web.archive.org/web/20161223080506/https://www.elmundo.es/sociedad/2016/10/23/580c9ba0e5fdea133f8b4574.html,20161223080506
https://web.archive.org/web/20161229043201/https://www.elmundo.es/sociedad/2016/12/18/5856a4e346163f020a8b4665.html,20161229043201
https://web.archive.org/web/20161229043201/https://www.elmundo.es/baleares/2016/11/18/582ec49be5fdea97278b45e2.html,20161229043201
https://web.archive.org/web/20161229043201/https://www.elmundo.es/sociedad/2016/10/23/580c9ba0e5fdea133f8b4574.html,20161229043201
https://web.archive.org/web/20161230024004/https://www.elmundo.es/sociedad/2016/12/18/5856a4e346163f020a8b4665.html,20161230024004
https://web.archive.org/web/20161230024004/https://www.elmundo.es/baleares/2016/11/18/582ec49be5fdea97278b45e2.html,20161230024004
https://web.archive.org/web/20161230024004/https://www.elmundo.es/sociedad/2016/10/23/580c9ba0e5fdea133f8b4574.html,20161230024004
https://web.archive.org/web/20161231034852/https://www.elmundo.es/sociedad/2016/12/18/5856a4e346163f020a8b4665.html,20161231034852
https://web.archive.org/web/20161231034852/https://www.elmundo.es/baleares/2016/11/18/582ec49be5fdea97278b45e2.html,20161231034852
https://web.archive.org/web/20161231034852/https://www.elmundo.es/sociedad/2016/10/23/580c9ba0e5fdea133f8b4574.html,20161231034852
https://web.archive.org/web/20170103074621/https://www.elmundo.es/sociedad/2016/12/18/5856a4e346163f020a8b4665.html,20170103074621
https://web.archive.org/web/20170103074621/https://www.elmundo.es/baleares/2016/11/18/582ec49be5fdea97278b45e2.html,20170103074621
https://web.archive.org/web/20170103074621/https://www.elmundo.es/sociedad/2016/10/23/580c9ba0e5fdea133f8b4574.html,20170103074621
https://web.archive.org/web/20170106061614/https://www.elmundo.es/sociedad/2016/12/18/5856a4e346163f020a8b4665.html,20170106061614
https://web.archive.org/web/20170106061614/https://www.elmundo.es/baleares/2016/11/18/582ec49be5fdea97278b45e2.html,20170106061614
https://web.archive.org/web/20170106061614/https://www.elmundo.es/sociedad/2016/10/23/580c9ba0e5fdea133f8b4574.html,20170106061614
https://web.archive.org/web/20170109105829/https://www.elmundo.es/sociedad/2016/12/18/5856a4e346163f020a8b4665.html,20170109105829
https://web.archive.org/web/20170109105829/https://www.elmundo.es/baleares/2016/11/18/582ec49be5fdea97278b45e2.html,20170109105829
https://web.archive.org/web/20170109105829/https://www.elmundo.es/sociedad/2016/10/23/580c9ba0e5fdea133f8b4574.html,20170109105829
https://web.archive.org/web/20170114094450/https://www.elmundo.es/sociedad/2016/12/18/5856a4e346163f020a8b4665.html,20170114094450
https://web.archive.org/web/20170114094450/https://www.elmundo.es/baleares/2016/11/18/582ec49be5fdea97278b45e2.html,20170114094450
https://web.archive.org/web/20170114094450/https://www.elmundo.es/sociedad/2016/10/23/580c9ba0e5fdea133f8b4574.html,20170114094450
https://web.archive.org/web/20170115152105/https://www.elmundo.es/sociedad/2016/12/18/5856a4e346163f020a8b4665.html,20170115152105
https://web.archive.org/web/20170115152105/https://www.elmundo.es/baleares/2016/11/18/582ec49be5fdea97278b45e2.html,20170115152105
https://web.archive.org/web/20170115152105/https://www.elmundo.es/sociedad/2016/10/23/580c9ba0e5fdea133f8b4574.html,20170115152105
https://web.archive.org/web/20170209043149/https://www.elmundo.es/sociedad/2016/12/18/5856a4e346163f020a8b4665.html,20170209043149
https://web.archive.org/web/20170209043149/https://www.elmundo.es/baleares/2016/11/18/582ec49be5fdea97278b45e2.html,20170209043149
https://web.archive.org/web/20170209043149/https://www.elmundo.es/sociedad/2016/10/23/580c9ba0e5fdea133f8b4574.html,20170209043149
https://web.archive.org/web/20170210051115/https://www.elmundo.es/sociedad/2016/12/18/5856a4e346163f020a8b4665.html,20170210051115
https://web.archive.org/web/20170210051115/https://www.elmundo.es/baleares/2016/11/18/582ec49be5fdea97278b45e2.html,20170210051115
https://web.archive.org/web/20170210051115/https://www.elmundo.es/sociedad/2016/10/23/580c9ba0e5fdea133f8b4574.html,20170210051115
https://web.archive.org/web/20170214105309/https://www.elmundo.es/sociedad/2017/02/14/58a1fd3ce2704ef2358b458a.html,20170214105309
https://web.archive.org/web/20170214105309/https://www.elmundo.es/sociedad/2017/02/13/58a1b5cf468aeb27778b463d.html,20170214105309
https://web.archive.org/web/20170214105309/https://www.elmundo.es/sociedad/2016/12/18/5856a4e346163f020a8b4665.html,20170214105309
https://web.archive.org/web/20170214105309/https://www.elmundo.es/baleares/2016/11/18/582ec49be5fdea97278b45e2.html,20170214105309
https://web.archive.org/web/20170214105309/https://www.elmundo.es/sociedad/2016/10/23/580c9ba0e5fdea133f8b4574.html,20170214105309
https://web.archive.org/web/20170215122301/https://www.elmundo.es/sociedad/2017/02/14/58a1fd3ce2704ef2358b458a.html,20170215122301
https://web.archive.org/web/20170215122301/https://www.elmundo.es/sociedad/2017/02/13/58a1b5cf468aeb27778b463d.html,20170215122301
https://web.archive.org/web/20170215122301/https://www.elmundo.es/sociedad/2016/12/18/5856a4e346163f020a8b4665.html,20170215122301
https://web.archive.org/web/20170215122301/https://www.elmundo.es/baleares/2016/11/18/582ec49be5fdea97278b45e2.html,20170215122301
https://web.archive.org/web/20170215122301/https://www.elmundo.es/sociedad/2016/10/23/580c9ba0e5fdea133f8b4574.html,20170215122301
https://web.archive.org/web/20170218144024/https://www.elmundo.es/sociedad/2017/02/14/58a1fd3ce2704ef2358b458a.html,20170218144024
https://web.archive.org/web/20170218144024/https://www.elmundo.es/sociedad/2017/02/13/58a1b5cf468aeb27778b463d.html,20170218144024
https://web.archive.org/web/20170218144024/https://www.elmundo.es/sociedad/2016/12/18/5856a4e346163f020a8b4665.html,20170218144024
https://web.archive.org/web/20170218144024/https://www.elmundo.es/baleares/2016/11/18/582ec49be5fdea97278b45e2.html,20170218144024
https://web.archive.org/web/20170218144024/https://www.elmundo.es/sociedad/2016/10/23/580c9ba0e5fdea133f8b4574.html,20170218144024
https://web.archive.org/web/20170219152151/https://www.elmundo.es/sociedad/2017/02/14/58a1fd3ce2704ef2358b458a.html,20170219152151
https://web.archive.org/web/20170219152151/https://www.elmundo.es/sociedad/2017/02/13/58a1b5cf468aeb27778b463d.html,20170219152151
https://web.archive.org/web/20170219152151/https://www.elmundo.es/sociedad/2016/12/18/5856a4e346163f020a8b4665.html,20170219152151
https://web.archive.org/web/20170219152151/https://www.elmundo.es/baleares/2016/11/18/582ec49be5fdea97278b45e2.html,20170219152151
https://web.archive.org/web/20170219152151/https://www.elmundo.es/sociedad/2016/10/23/580c9ba0e5fdea133f8b4574.html,20170219152151
https://web.archive.org/web/20170220201139/https://www.elmundo.es/sociedad/2017/02/14/58a1fd3ce2704ef2358b458a.html,20170220201139
https://web.archive.org/web/20170220201139/https://www.elmundo.es/sociedad/2017/02/13/58a1b5cf468aeb27778b463d.html,20170220201139
https://web.archive.org/web/20170220201139/https://www.elmundo.es/sociedad/2016/12/18/5856a4e346163f020a8b4665.html,20170220201139
https://web.archive.org/web/20170220201139/https://www.elmundo.es/baleares/2016/11/18/582ec49be5fdea97278b45e2.html,20170220201139
https://web.archive.org/web/20170220201139/https://www.elmundo.es/sociedad/2016/10/23/580c9ba0e5fdea133f8b4574.html,20170220201139
https://web.archive.org/web/20170221152345/https://www.elmundo.es/sociedad/2017/02/14/58a1fd3ce2704ef2358b458a.html,20170221152345
https://web.archive.org/web/20170221152345/https://www.elmundo.es/sociedad/2017/02/13/58a1b5cf468aeb27778b463d.html,20170221152345
https://web.archive.org/web/20170221152345/https://www.elmundo.es/sociedad/2016/12/18/5856a4e346163f020a8b4665.html,20170221152345
https://web.archive.org/web/20170221152345/https://www.elmundo.es/baleares/2016/11/18/582ec49be5fdea97278b45e2.html,20170221152345
https://web.archive.org/web/20170221152345/https://www.elmundo.es/sociedad/2016/10/23/580c9ba0e5fdea133f8b4574.html,20170221152345
https://web.archive.org/web/20170222212705/https://www.elmundo.es/sociedad/2017/02/14/58a1fd3ce2704ef2358b458a.html,20170222212705
https://web.archive.org/web/20170222212705/https://www.elmundo.es/sociedad/2017/02/13/58a1b5cf468aeb27778b463d.html,20170222212705
https://web.archive.org/web/20170222212705/https://www.elmundo.es/sociedad/2016/12/18/5856a4e346163f020a8b4665.html,20170222212705
https://web.archive.org/web/20170222212705/https://www.elmundo.es/baleares/2016/11/18/582ec49be5fdea97278b45e2.html,20170222212705
https://web.archive.org/web/20170222212705/https://www.elmundo.es/sociedad/2016/10/23/580c9ba0e5fdea133f8b4574.html,20170222212705
https://web.archive.org/web/20170226143328/https://www.elmundo.es/sociedad/2017/02/14/58a1fd3ce2704ef2358b458a.html,20170226143328
https://web.archive.org/web/20170226143328/https://www.elmundo.es/sociedad/2017/02/13/58a1b5cf468aeb27778b463d.html,20170226143328
https://web.archive.org/web/20170226143328/https://www.elmundo.es/sociedad/2016/12/18/5856a4e346163f020a8b4665.html,20170226143328
https://web.archive.org/web/20170226143328/https://www.elmundo.es/baleares/2016/11/18/582ec49be5fdea97278b45e2.html,20170226143328
https://web.archive.org/web/20170227144515/https://www.elmundo.es/sociedad/2017/02/14/58a1fd3ce2704ef2358b458a.html,20170227144515
https://web.archive.org/web/20170227144515/https://www.elmundo.es/sociedad/2017/02/13/58a1b5cf468aeb27778b463d.html,20170227144515
https://web.archive.org/web/20170227144515/https://www.elmundo.es/sociedad/2016/12/18/5856a4e346163f020a8b4665.html,20170227144515
https://web.archive.org/web/20170227144515/https://www.elmundo.es/baleares/2016/11/18/582ec49be5fdea97278b45e2.html,20170227144515
https://web.archive.org/web/20170301090808/https://www.elmundo.es/sociedad/2017/02/14/58a1fd3ce2704ef2358b458a.html,20170301090808
https://web.archive.org/web/20170301090808/https://www.elmundo.es/sociedad/2017/02/13/58a1b5cf468aeb27778b463d.html,20170301090808
https://web.archive.org/web/20170301090808/https://www.elmundo.es/sociedad/2016/12/18/5856a4e346163f020a8b4665.html,20170301090808
https://web.archive.org/web/20170301090808/https://www.elmundo.es/baleares/2016/11/18/582ec49be5fdea97278b45e2.html,20170301090808
https://web.archive.org/web/20170302170345/https://www.elmundo.es/sociedad/2017/02/14/58a1fd3ce2704ef2358b458a.html,20170302170345
https://web.archive.org/web/20170302170345/https://www.elmundo.es/sociedad/2017/02/13/58a1b5cf468aeb27778b463d.html,20170302170345
https://web.archive.org/web/20170302170345/https://www.elmundo.es/sociedad/2016/12/18/5856a4e346163f020a8b4665.html,20170302170345
https://web.archive.org/web/20170302170345/https://www.elmundo.es/baleares/2016/11/18/582ec49be5fdea97278b45e2.html,20170302170345
https://web.archive.org/web/20170308205211/https://www.elmundo.es/sociedad/2017/02/14/58a1fd3ce2704ef2358b458a.html,20170308205211
https://web.archive.org/web/20170308205211/https://www.elmundo.es/sociedad/2017/02/13/58a1b5cf468aeb27778b463d.html,20170308205211
https://web.archive.org/web/20170308205211/https://www.elmundo.es/sociedad/2016/12/18/5856a4e346163f020a8b4665.html,20170308205211
https://web.archive.org/web/20170308205211/https://www.elmundo.es/baleares/2016/11/18/582ec49be5fdea97278b45e2.html,20170308205211
https://web.archive.org/web/20170311151308/https://www.elmundo.es/sociedad/2017/02/14/58a1fd3ce2704ef2358b458a.html,20170311151308
https://web.archive.org/web/20170311151308/https://www.elmundo.es/sociedad/2017/02/13/58a1b5cf468aeb27778b463d.html,20170311151308
https://web.archive.org/web/20170311151308/https://www.elmundo.es/sociedad/2016/12/18/5856a4e346163f020a8b4665.html,20170311151308
https://web.archive.org/web/20170311151308/https://www.elmundo.es/baleares/2016/11/18/582ec49be5fdea97278b45e2.html,20170311151308
https://web.archive.org/web/20170312155042/https://www.elmundo.es/sociedad/2017/02/14/58a1fd3ce2704ef2358b458a.html,20170312155042
https://web.archive.org/web/20170312155042/https://www.elmundo.es/sociedad/2017/02/13/58a1b5cf468aeb27778b463d.html,20170312155042
https://web.archive.org/web/20170312155042/https://www.elmundo.es/sociedad/2016/12/18/5856a4e346163f020a8b4665.html,20170312155042
https://web.archive.org/web/20170312155042/https://www.elmundo.es/baleares/2016/11/18/582ec49be5fdea97278b45e2.html,20170312155042
https://web.archive.org/web/20170315173026/https://www.elmundo.es/sociedad/2017/02/14/58a1fd3ce2704ef2358b458a.html,20170315173026
https://web.archive.org/web/20170315173026/https://www.elmundo.es/sociedad/2017/02/13/58a1b5cf468aeb27778b463d.html,20170315173026
https://web.archive.org/web/20170315173026/https://www.elmundo.es/sociedad/2016/12/18/5856a4e346163f020a8b4665.html,20170315173026
https://web.archive.org/web/20170315173026/https://www.elmundo.es/baleares/2016/11/18/582ec49be5fdea97278b45e2.html,20170315173026
https://web.archive.org/web/20170316175853/https://www.elmundo.es/sociedad/2017/02/14/58a1fd3ce2704ef2358b458a.html,20170316175853
https://web.archive.org/web/20170316175853/https://www.elmundo.es/sociedad/2017/02/13/58a1b5cf468aeb27778b463d.html,20170316175853
https://web.archive.org/web/20170316175853/https://www.elmundo.es/sociedad/2016/12/18/5856a4e346163f020a8b4665.html,20170316175853
https://web.archive.org/web/20170316175853/https://www.elmundo.es/baleares/2016/11/18/582ec49be5fdea97278b45e2.html,20170316175853
https://web.archive.org/web/20170317191129/https://www.elmundo.es/sociedad/2017/02/14/58a1fd3ce2704ef2358b458a.html,20170317191129
https://web.archive.org/web/20170317191129/https://www.elmundo.es/sociedad/2017/02/13/58a1b5cf468aeb27778b463d.html,20170317191129
https://web.archive.org/web/20170317191129/https://www.elmundo.es/sociedad/2016/12/18/5856a4e346163f020a8b4665.html,20170317191129
https://web.archive.org/web/20170317191129/https://www.elmundo.es/baleares/2016/11/18/582ec49be5fdea97278b45e2.html,20170317191129
https://web.archive.org/web/20170319041954/https://www.elmundo.es/sociedad/2017/02/14/58a1fd3ce2704ef2358b458a.html,20170319041954
https://web.archive.org/web/20170319041954/https://www.elmundo.es/sociedad/2017/02/13/58a1b5cf468aeb27778b463d.html,20170319041954
https://web.archive.org/web/20170319041954/https://www.elmundo.es/sociedad/2016/12/18/5856a4e346163f020a8b4665.html,20170319041954
https://web.archive.org/web/20170319041954/https://www.elmundo.es/baleares/2016/11/18/582ec49be5fdea97278b45e2.html,20170319041954
https://web.archive.org/web/20170401024603/https://www.elmundo.es/sociedad/2017/02/14/58a1fd3ce2704ef2358b458a.html,20170401024603
https://web.archive.org/web/20170401024603/https://www.elmundo.es/sociedad/2017/02/13/58a1b5cf468aeb27778b463d.html,20170401024603
https://web.archive.org/web/20170401024603/https://www.elmundo.es/sociedad/2016/12/18/5856a4e346163f020a8b4665.html,20170401024603
https://web.archive.org/web/20170401024603/https://www.elmundo.es/baleares/2016/11/18/582ec49be5fdea97278b45e2.html,20170401024603
https://web.archive.org/web/20170402030837/https://www.elmundo.es/sociedad/2017/02/14/58a1fd3ce2704ef2358b458a.html,20170402030837
https://web.archive.org/web/20170402030837/https://www.elmundo.es/sociedad/2017/02/13/58a1b5cf468aeb27778b463d.html,20170402030837
https://web.archive.org/web/20170402030837/https://www.elmundo.es/sociedad/2016/12/18/5856a4e346163f020a8b4665.html,20170402030837
https://web.archive.org/web/20170402030837/https://www.elmundo.es/baleares/2016/11/18/582ec49be5fdea97278b45e2.html,20170402030837
https://web.archive.org/web/20170405034853/https://www.elmundo.es/sociedad/2017/02/14/58a1fd3ce2704ef2358b458a.html,20170405034853
https://web.archive.org/web/20170405034853/https://www.elmundo.es/sociedad/2017/02/13/58a1b5cf468aeb27778b463d.html,20170405034853
https://web.archive.org/web/20170405034853/https://www.elmundo.es/sociedad/2016/12/18/5856a4e346163f020a8b4665.html,20170405034853
https://web.archive.org/web/20170405034853/https://www.elmundo.es/baleares/2016/11/18/582ec49be5fdea97278b45e2.html,20170405034853
https://web.archive.org/web/20170409054336/https://www.elmundo.es/sociedad/2017/02/14/58a1fd3ce2704ef2358b458a.html,20170409054336
https://web.archive.org/web/20170409054336/https://www.elmundo.es/sociedad/2017/02/13/58a1b5cf468aeb27778b463d.html,20170409054336
https://web.archive.org/web/20170409054336/https://www.elmundo.es/sociedad/2016/12/18/5856a4e346163f020a8b4665.html,20170409054336
https://web.archive.org/web/20170409054336/https://www.elmundo.es/baleares/2016/11/18/582ec49be5fdea97278b45e2.html,20170409054336
https://web.archive.org/web/20170410064519/https://www.elmundo.es/sociedad/2017/02/14/58a1fd3ce2704ef2358b458a.html,20170410064519
https://web.archive.org/web/20170410064519/https://www.elmundo.es/sociedad/2017/02/13/58a1b5cf468aeb27778b463d.html,20170410064519
https://web.archive.org/web/20170410064519/https://www.elmundo.es/sociedad/2016/12/18/5856a4e346163f020a8b4665.html,20170410064519
https://web.archive.org/web/20170410064519/https://www.elmundo.es/baleares/2016/11/18/582ec49be5fdea97278b45e2.html,20170410064519
https://web.archive.org/web/20170412074725/https://www.elmundo.es/sociedad/2017/02/14/58a1fd3ce2704ef2358b458a.html,20170412074725
https://web.archive.org/web/20170412074725/https://www.elmundo.es/sociedad/2017/02/13/58a1b5cf468aeb27778b463d.html,20170412074725
https://web.archive.org/web/20170412074725/https://www.elmundo.es/sociedad/2016/12/18/5856a4e346163f020a8b4665.html,20170412074725
https://web.archive.org/web/20170412074725/https://www.elmundo.es/baleares/2016/11/18/582ec49be5fdea97278b45e2.html,20170412074725
https://web.archive.org/web/20170414082917/https://www.elmundo.es/sociedad/2017/02/14/58a1fd3ce2704ef2358b458a.html,20170414082917
https://web.archive.org/web/20170414082917/https://www.elmundo.es/sociedad/2017/02/13/58a1b5cf468aeb27778b463d.html,20170414082917
https://web.archive.org/web/20170414082917/https://www.elmundo.es/sociedad/2016/12/18/5856a4e346163f020a8b4665.html,20170414082917
https://web.archive.org/web/20170414082917/https://www.elmundo.es/baleares/2016/11/18/582ec49be5fdea97278b45e2.html,20170414082917
https://web.archive.org/web/20170415091712/https://www.elmundo.es/sociedad/2017/02/14/58a1fd3ce2704ef2358b458a.html,20170415091712
https://web.archive.org/web/20170415091712/https://www.elmundo.es/sociedad/2017/02/13/58a1b5cf468aeb27778b463d.html,20170415091712
https://web.archive.org/web/20170415091712/https://www.elmundo.es/sociedad/2016/12/18/5856a4e346163f020a8b4665.html,20170415091712
https://web.archive.org/web/20170415091712/https://www.elmundo.es/baleares/2016/11/18/582ec49be5fdea97278b45e2.html,20170415091712
https://web.archive.org/web/20170418212427/https://www.elmundo.es/sociedad/2017/02/14/58a1fd3ce2704ef2358b458a.html,20170418212427
https://web.archive.org/web/20170418212427/https://www.elmundo.es/sociedad/2017/02/13/58a1b5cf468aeb27778b463d.html,20170418212427
https://web.archive.org/web/20170418212427/https://www.elmundo.es/sociedad/2016/12/18/5856a4e346163f020a8b4665.html,20170418212427
https://web.archive.org/web/20170429073001/https://www.elmundo.es/sociedad/2017/02/14/58a1fd3ce2704ef2358b458a.html,20170429073001
https://web.archive.org/web/20170429073001/https://www.elmundo.es/sociedad/2017/02/13/58a1b5cf468aeb27778b463d.html,20170429073001
https://web.archive.org/web/20170429073001/https://www.elmundo.es/sociedad/2016/12/18/5856a4e346163f020a8b4665.html,20170429073001
https://web.archive.org/web/20170503093955/https://www.elmundo.es/sociedad/2017/02/14/58a1fd3ce2704ef2358b458a.html,20170503093955
https://web.archive.org/web/20170503093955/https://www.elmundo.es/sociedad/2017/02/13/58a1b5cf468aeb27778b463d.html,20170503093955
https://web.archive.org/web/20170503093955/https://www.elmundo.es/sociedad/2016/12/18/5856a4e346163f020a8b4665.html,20170503093955
https://web.archive.org/web/20170505100850/https://www.elmundo.es/sociedad/2017/02/14/58a1fd3ce2704ef2358b458a.html,20170505100850
https://web.archive.org/web/20170505100850/https://www.elmundo.es/sociedad/2017/02/13/58a1b5cf468aeb27778b463d.html,20170505100850
https://web.archive.org/web/20170505100850/https://www.elmundo.es/sociedad/2016/12/18/5856a4e346163f020a8b4665.html,20170505100850
https://web.archive.org/web/20170506105021/https://www.elmundo.es/sociedad/2017/02/14/58a1fd3ce2704ef2358b458a.html,20170506105021
https://web.archive.org/web/20170506105021/https://www.elmundo.es/sociedad/2017/02/13/58a1b5cf468aeb27778b463d.html,20170506105021
https://web.archive.org/web/20170506105021/https://www.elmundo.es/sociedad/2016/12/18/5856a4e346163f020a8b4665.html,20170506105021
https://web.archive.org/web/20170513022134/https://www.elmundo.es/sociedad/2017/02/14/58a1fd3ce2704ef2358b458a.html,20170513022134
https://web.archive.org/web/20170513022134/https://www.elmundo.es/sociedad/2017/02/13/58a1b5cf468aeb27778b463d.html,20170513022134
https://web.archive.org/web/20170515064854/https://www.elmundo.es/sociedad/2017/02/14/58a1fd3ce2704ef2358b458a.html,20170515064854
https://web.archive.org/web/20170515064854/https://www.elmundo.es/sociedad/2017/02/13/58a1b5cf468aeb27778b463d.html,20170515064854
https://web.archive.org/web/20170518082757/https://www.elmundo.es/sociedad/2017/02/14/58a1fd3ce2704ef2358b458a.html,20170518082757
https://web.archive.org/web/20170518082757/https://www.elmundo.es/sociedad/2017/02/13/58a1b5cf468aeb27778b463d.html,20170518082757
https://web.archive.org/web/20170528211016/https://www.elmundo.es/sociedad/2017/05/19/591ebe72e2704e91798b4577.html,20170528211016
https://web.archive.org/web/20170528211016/https://www.elmundo.es/sociedad/2017/02/14/58a1fd3ce2704ef2358b458a.html,20170528211016
https://web.archive.org/web/20170528211016/https://www.elmundo.es/sociedad/2017/02/13/58a1b5cf468aeb27778b463d.html,20170528211016
https://web.archive.org/web/20170529145130/https://www.elmundo.es/sociedad/2017/05/19/591ebe72e2704e91798b4577.html,20170529145130
https://web.archive.org/web/20170529145130/https://www.elmundo.es/sociedad/2017/02/14/58a1fd3ce2704ef2358b458a.html,20170529145130
https://web.archive.org/web/20170529145130/https://www.elmundo.es/sociedad/2017/02/13/58a1b5cf468aeb27778b463d.html,20170529145130
https://web.archive.org/web/20170601112751/https://www.elmundo.es/pais-vasco/2017/05/31/592eae59ca474135308b459c.html,20170601112751
https://web.archive.org/web/20170601112751/https://www.elmundo.es/sociedad/2017/05/19/591ebe72e2704e91798b4577.html,20170601112751
https://web.archive.org/web/20170601112751/https://www.elmundo.es/sociedad/2017/02/14/58a1fd3ce2704ef2358b458a.html,20170601112751
https://web.archive.org/web/20170601112751/https://www.elmundo.es/sociedad/2017/02/13/58a1b5cf468aeb27778b463d.html,20170601112751
https://web.archive.org/web/20170602073743/https://www.elmundo.es/pais-vasco/2017/05/31/592eae59ca474135308b459c.html,20170602073743
https://web.archive.org/web/20170602073743/https://www.elmundo.es/sociedad/2017/05/19/591ebe72e2704e91798b4577.html,20170602073743
https://web.archive.org/web/20170602073743/https://www.elmundo.es/sociedad/2017/02/14/58a1fd3ce2704ef2358b458a.html,20170602073743
https://web.archive.org/web/20170602073743/https://www.elmundo.es/sociedad/2017/02/13/58a1b5cf468aeb27778b463d.html,20170602073743
https://web.archive.org/web/20170616122703/https://www.elmundo.es/pais-vasco/2017/05/31/592eae59ca474135308b459c.html,20170616122703
https://web.archive.org/web/20170616122703/https://www.elmundo.es/sociedad/2017/05/19/591ebe72e2704e91798b4577.html,20170616122703
https://web.archive.org/web/20170616122703/https://www.elmundo.es/sociedad/2017/02/14/58a1fd3ce2704ef2358b458a.html,20170616122703
https://web.archive.org/web/20170616122703/https://www.elmundo.es/sociedad/2017/02/13/58a1b5cf468aeb27778b463d.html,20170616122703
https://web.archive.org/web/20170617135405/https://www.elmundo.es/pais-vasco/2017/05/31/592eae59ca474135308b459c.html,20170617135405
https://web.archive.org/web/20170617135405/https://www.elmundo.es/sociedad/2017/05/19/591ebe72e2704e91798b4577.html,20170617135405
https://web.archive.org/web/20170617135405/https://www.elmundo.es/sociedad/2017/02/14/58a1fd3ce2704ef2358b458a.html,20170617135405
https://web.archive.org/web/20170617135405/https://www.elmundo.es/sociedad/2017/02/13/58a1b5cf468aeb27778b463d.html,20170617135405
https://web.archive.org/web/20170618211641/https://www.elmundo.es/pais-vasco/2017/05/31/592eae59ca474135308b459c.html,20170618211641
https://web.archive.org/web/20170618211641/https://www.elmundo.es/sociedad/2017/05/19/591ebe72e2704e91798b4577.html,20170618211641
https://web.archive.org/web/20170618211641/https://www.elmundo.es/sociedad/2017/02/14/58a1fd3ce2704ef2358b458a.html,20170618211641
https://web.archive.org/web/20170618211641/https://www.elmundo.es/sociedad/2017/02/13/58a1b5cf468aeb27778b463d.html,20170618211641
https://web.archive.org/web/20170619223843/https://www.elmundo.es/pais-vasco/2017/05/31/592eae59ca474135308b459c.html,20170619223843
https://web.archive.org/web/20170619223843/https://www.elmundo.es/sociedad/2017/05/19/591ebe72e2704e91798b4577.html,20170619223843
https://web.archive.org/web/20170619223843/https://www.elmundo.es/sociedad/2017/02/14/58a1fd3ce2704ef2358b458a.html,20170619223843
https://web.archive.org/web/20170619223843/https://www.elmundo.es/sociedad/2017/02/13/58a1b5cf468aeb27778b463d.html,20170619223843
https://web.archive.org/web/20170620154358/https://www.elmundo.es/pais-vasco/2017/05/31/592eae59ca474135308b459c.html,20170620154358
https://web.archive.org/web/20170620154358/https://www.elmundo.es/sociedad/2017/05/19/591ebe72e2704e91798b4577.html,20170620154358
https://web.archive.org/web/20170620154358/https://www.elmundo.es/sociedad/2017/02/14/58a1fd3ce2704ef2358b458a.html,20170620154358
https://web.archive.org/web/20170620154358/https://www.elmundo.es/sociedad/2017/02/13/58a1b5cf468aeb27778b463d.html,20170620154358
https://web.archive.org/web/20170621164601/https://www.elmundo.es/pais-vasco/2017/05/31/592eae59ca474135308b459c.html,20170621164601
https://web.archive.org/web/20170621164601/https://www.elmundo.es/sociedad/2017/05/19/591ebe72e2704e91798b4577.html,20170621164601
https://web.archive.org/web/20170621164601/https://www.elmundo.es/sociedad/2017/02/14/58a1fd3ce2704ef2358b458a.html,20170621164601
https://web.archive.org/web/20170621164601/https://www.elmundo.es/sociedad/2017/02/13/58a1b5cf468aeb27778b463d.html,20170621164601
https://web.archive.org/web/20170623015157/https://www.elmundo.es/pais-vasco/2017/05/31/592eae59ca474135308b459c.html,20170623015157
https://web.archive.org/web/20170623015157/https://www.elmundo.es/sociedad/2017/05/19/591ebe72e2704e91798b4577.html,20170623015157
https://web.archive.org/web/20170623015157/https://www.elmundo.es/sociedad/2017/02/14/58a1fd3ce2704ef2358b458a.html,20170623015157
https://web.archive.org/web/20170623015157/https://www.elmundo.es/sociedad/2017/02/13/58a1b5cf468aeb27778b463d.html,20170623015157
https://web.archive.org/web/20170624055034/https://www.elmundo.es/pais-vasco/2017/05/31/592eae59ca474135308b459c.html,20170624055034
https://web.archive.org/web/20170624055034/https://www.elmundo.es/sociedad/2017/05/19/591ebe72e2704e91798b4577.html,20170624055034
https://web.archive.org/web/20170624055034/https://www.elmundo.es/sociedad/2017/02/14/58a1fd3ce2704ef2358b458a.html,20170624055034
https://web.archive.org/web/20170624055034/https://www.elmundo.es/sociedad/2017/02/13/58a1b5cf468aeb27778b463d.html,20170624055034
https://web.archive.org/web/20170625044230/https://www.elmundo.es/pais-vasco/2017/05/31/592eae59ca474135308b459c.html,20170625044230
https://web.archive.org/web/20170625044230/https://www.elmundo.es/sociedad/2017/05/19/591ebe72e2704e91798b4577.html,20170625044230
https://web.archive.org/web/20170625044230/https://www.elmundo.es/sociedad/2017/02/14/58a1fd3ce2704ef2358b458a.html,20170625044230
https://web.archive.org/web/20170625044230/https://www.elmundo.es/sociedad/2017/02/13/58a1b5cf468aeb27778b463d.html,20170625044230
https://web.archive.org/web/20170707130949/https://www.elmundo.es/pais-vasco/2017/05/31/592eae59ca474135308b459c.html,20170707130949
https://web.archive.org/web/20170707130949/https://www.elmundo.es/sociedad/2017/05/19/591ebe72e2704e91798b4577.html,20170707130949
https://web.archive.org/web/20170708023640/https://www.elmundo.es/pais-vasco/2017/05/31/592eae59ca474135308b459c.html,20170708023640
https://web.archive.org/web/20170708023640/https://www.elmundo.es/sociedad/2017/05/19/591ebe72e2704e91798b4577.html,20170708023640
https://web.archive.org/web/20170709030410/https://www.elmundo.es/pais-vasco/2017/05/31/592eae59ca474135308b459c.html,20170709030410
https://web.archive.org/web/20170709030410/https://www.elmundo.es/sociedad/2017/05/19/591ebe72e2704e91798b4577.html,20170709030410
https://web.archive.org/web/20170711044350/https://www.elmundo.es/pais-vasco/2017/05/31/592eae59ca474135308b459c.html,20170711044350
https://web.archive.org/web/20170711044350/https://www.elmundo.es/sociedad/2017/05/19/591ebe72e2704e91798b4577.html,20170711044350
https://web.archive.org/web/20170712052443/https://www.elmundo.es/pais-vasco/2017/05/31/592eae59ca474135308b459c.html,20170712052443
https://web.archive.org/web/20170712052443/https://www.elmundo.es/sociedad/2017/05/19/591ebe72e2704e91798b4577.html,20170712052443
https://web.archive.org/web/20170713144438/https://www.elmundo.es/pais-vasco/2017/05/31/592eae59ca474135308b459c.html,20170713144438
https://web.archive.org/web/20170713144438/https://www.elmundo.es/sociedad/2017/05/19/591ebe72e2704e91798b4577.html,20170713144438
https://web.archive.org/web/20170713144438/https://www.elmundo.es/sociedad/2017/07/12/5966378022601d230e8b45c2.html,20170713144438
https://web.archive.org/web/20170729233426/https://www.elmundo.es/pais-vasco/2017/05/31/592eae59ca474135308b459c.html,20170729233426
https://web.archive.org/web/20170729233426/https://www.elmundo.es/sociedad/2017/05/19/591ebe72e2704e91798b4577.html,20170729233426
https://web.archive.org/web/20170731101503/https://www.elmundo.es/opinion/2017/07/30/597cd397268e3eea4e8b4608.html,20170731101503
https://web.archive.org/web/20170731101503/https://www.elmundo.es/pais-vasco/2017/05/31/592eae59ca474135308b459c.html,20170731101503
https://web.archive.org/web/20170731101503/https://www.elmundo.es/sociedad/2017/05/19/591ebe72e2704e91798b4577.html,20170731101503
https://web.archive.org/web/20170801210014/https://www.elmundo.es/opinion/2017/07/30/597cd397268e3eea4e8b4608.html,20170801210014
https://web.archive.org/web/20170801210014/https://www.elmundo.es/pais-vasco/2017/05/31/592eae59ca474135308b459c.html,20170801210014
https://web.archive.org/web/20170801210014/https://www.elmundo.es/sociedad/2017/05/19/591ebe72e2704e91798b4577.html,20170801210014
https://web.archive.org/web/20170813140652/https://www.elmundo.es/opinion/2017/07/30/597cd397268e3eea4e8b4608.html,20170813140652
https://web.archive.org/web/20170813140652/https://www.elmundo.es/pais-vasco/2017/05/31/592eae59ca474135308b459c.html,20170813140652
https://web.archive.org/web/20170813140652/https://www.elmundo.es/sociedad/2017/05/19/591ebe72e2704e91798b4577.html,20170813140652
https://web.archive.org/web/20170907204634/https://www.elmundo.es/cataluna/2017/08/25/599ff6b146163f30178b45fe.html,20170907204634
https://web.archive.org/web/20170907204634/https://www.elmundo.es/opinion/2017/07/30/597cd397268e3eea4e8b4608.html,20170907204634
https://web.archive.org/web/20170907204634/https://www.elmundo.es/pais-vasco/2017/05/31/592eae59ca474135308b459c.html,20170907204634
https://web.archive.org/web/20170907204634/https://www.elmundo.es/sociedad/2017/05/19/591ebe72e2704e91798b4577.html,20170907204634
https://web.archive.org/web/20170908150834/https://www.elmundo.es/cataluna/2017/08/25/599ff6b146163f30178b45fe.html,20170908150834
https://web.archive.org/web/20170908150834/https://www.elmundo.es/opinion/2017/07/30/597cd397268e3eea4e8b4608.html,20170908150834
https://web.archive.org/web/20170908150834/https://www.elmundo.es/pais-vasco/2017/05/31/592eae59ca474135308b459c.html,20170908150834
https://web.archive.org/web/20170908150834/https://www.elmundo.es/sociedad/2017/05/19/591ebe72e2704e91798b4577.html,20170908150834
https://web.archive.org/web/20170913060658/https://www.elmundo.es/cataluna/2017/08/25/599ff6b146163f30178b45fe.html,20170913060658
https://web.archive.org/web/20170913060658/https://www.elmundo.es/opinion/2017/07/30/597cd397268e3eea4e8b4608.html,20170913060658
https://web.archive.org/web/20170913060658/https://www.elmundo.es/pais-vasco/2017/05/31/592eae59ca474135308b459c.html,20170913060658
https://web.archive.org/web/20170913060658/https://www.elmundo.es/sociedad/2017/05/19/591ebe72e2704e91798b4577.html,20170913060658
https://web.archive.org/web/20170914043820/https://www.elmundo.es/cataluna/2017/08/25/599ff6b146163f30178b45fe.html,20170914043820
https://web.archive.org/web/20170914043820/https://www.elmundo.es/opinion/2017/07/30/597cd397268e3eea4e8b4608.html,20170914043820
https://web.archive.org/web/20170914043820/https://www.elmundo.es/pais-vasco/2017/05/31/592eae59ca474135308b459c.html,20170914043820
https://web.archive.org/web/20170914043820/https://www.elmundo.es/sociedad/2017/05/19/591ebe72e2704e91798b4577.html,20170914043820
https://web.archive.org/web/20170916042933/https://www.elmundo.es/cataluna/2017/08/25/599ff6b146163f30178b45fe.html,20170916042933
https://web.archive.org/web/20170916042933/https://www.elmundo.es/opinion/2017/07/30/597cd397268e3eea4e8b4608.html,20170916042933
https://web.archive.org/web/20170916042933/https://www.elmundo.es/pais-vasco/2017/05/31/592eae59ca474135308b459c.html,20170916042933
https://web.archive.org/web/20170916042933/https://www.elmundo.es/sociedad/2017/05/19/591ebe72e2704e91798b4577.html,20170916042933
https://web.archive.org/web/20170918114910/https://www.elmundo.es/cataluna/2017/08/25/599ff6b146163f30178b45fe.html,20170918114910
https://web.archive.org/web/20170918114910/https://www.elmundo.es/opinion/2017/07/30/597cd397268e3eea4e8b4608.html,20170918114910
https://web.archive.org/web/20170918114910/https://www.elmundo.es/pais-vasco/2017/05/31/592eae59ca474135308b459c.html,20170918114910
https://web.archive.org/web/20170918114910/https://www.elmundo.es/sociedad/2017/05/19/591ebe72e2704e91798b4577.html,20170918114910
https://web.archive.org/web/20170919005023/https://www.elmundo.es/cataluna/2017/08/25/599ff6b146163f30178b45fe.html,20170919005023
https://web.archive.org/web/20170919005023/https://www.elmundo.es/opinion/2017/07/30/597cd397268e3eea4e8b4608.html,20170919005023
https://web.archive.org/web/20170919005023/https://www.elmundo.es/pais-vasco/2017/05/31/592eae59ca474135308b459c.html,20170919005023
https://web.archive.org/web/20170919005023/https://www.elmundo.es/sociedad/2017/05/19/591ebe72e2704e91798b4577.html,20170919005023
https://web.archive.org/web/20170920004824/https://www.elmundo.es/cataluna/2017/08/25/599ff6b146163f30178b45fe.html,20170920004824
https://web.archive.org/web/20170920004824/https://www.elmundo.es/opinion/2017/07/30/597cd397268e3eea4e8b4608.html,20170920004824
https://web.archive.org/web/20170920004824/https://www.elmundo.es/pais-vasco/2017/05/31/592eae59ca474135308b459c.html,20170920004824
https://web.archive.org/web/20170920004824/https://www.elmundo.es/sociedad/2017/05/19/591ebe72e2704e91798b4577.html,20170920004824
https://web.archive.org/web/20170921131320/https://www.elmundo.es/cataluna/2017/08/25/599ff6b146163f30178b45fe.html,20170921131320
https://web.archive.org/web/20170921131320/https://www.elmundo.es/opinion/2017/07/30/597cd397268e3eea4e8b4608.html,20170921131320
https://web.archive.org/web/20170921131320/https://www.elmundo.es/pais-vasco/2017/05/31/592eae59ca474135308b459c.html,20170921131320
https://web.archive.org/web/20170921131320/https://www.elmundo.es/sociedad/2017/05/19/591ebe72e2704e91798b4577.html,20170921131320
https://web.archive.org/web/20171001182801/https://www.elmundo.es/cataluna/2017/08/25/599ff6b146163f30178b45fe.html,20171001182801
https://web.archive.org/web/20171001182801/https://www.elmundo.es/opinion/2017/07/30/597cd397268e3eea4e8b4608.html,20171001182801
https://web.archive.org/web/20171001182801/https://www.elmundo.es/pais-vasco/2017/05/31/592eae59ca474135308b459c.html,20171001182801
https://web.archive.org/web/20171001182801/https://www.elmundo.es/sociedad/2017/05/19/591ebe72e2704e91798b4577.html,20171001182801
https://web.archive.org/web/20171007194525/https://www.elmundo.es/cataluna/2017/08/25/599ff6b146163f30178b45fe.html,20171007194525
https://web.archive.org/web/20171007194525/https://www.elmundo.es/opinion/2017/07/30/597cd397268e3eea4e8b4608.html,20171007194525
https://web.archive.org/web/20171007194525/https://www.elmundo.es/pais-vasco/2017/05/31/592eae59ca474135308b459c.html,20171007194525
https://web.archive.org/web/20171007194525/https://www.elmundo.es/sociedad/2017/05/19/591ebe72e2704e91798b4577.html,20171007194525
https://web.archive.org/web/20171008155521/https://www.elmundo.es/cataluna/2017/08/25/599ff6b146163f30178b45fe.html,20171008155521
https://web.archive.org/web/20171008155521/https://www.elmundo.es/opinion/2017/07/30/597cd397268e3eea4e8b4608.html,20171008155521
https://web.archive.org/web/20171008155521/https://www.elmundo.es/pais-vasco/2017/05/31/592eae59ca474135308b459c.html,20171008155521
https://web.archive.org/web/20171008155521/https://www.elmundo.es/sociedad/2017/05/19/591ebe72e2704e91798b4577.html,20171008155521
https://web.archive.org/web/20171009232924/https://www.elmundo.es/cataluna/2017/08/25/599ff6b146163f30178b45fe.html,20171009232924
https://web.archive.org/web/20171009232924/https://www.elmundo.es/opinion/2017/07/30/597cd397268e3eea4e8b4608.html,20171009232924
https://web.archive.org/web/20171009232924/https://www.elmundo.es/pais-vasco/2017/05/31/592eae59ca474135308b459c.html,20171009232924
https://web.archive.org/web/20171009232924/https://www.elmundo.es/sociedad/2017/05/19/591ebe72e2704e91798b4577.html,20171009232924
https://web.archive.org/web/20171011000226/https://www.elmundo.es/cataluna/2017/08/25/599ff6b146163f30178b45fe.html,20171011000226
https://web.archive.org/web/20171011000226/https://www.elmundo.es/opinion/2017/07/30/597cd397268e3eea4e8b4608.html,20171011000226
https://web.archive.org/web/20171011000226/https://www.elmundo.es/pais-vasco/2017/05/31/592eae59ca474135308b459c.html,20171011000226
https://web.archive.org/web/20171013202233/https://www.elmundo.es/cataluna/2017/08/25/599ff6b146163f30178b45fe.html,20171013202233
https://web.archive.org/web/20171013202233/https://www.elmundo.es/opinion/2017/07/30/597cd397268e3eea4e8b4608.html,20171013202233
https://web.archive.org/web/20171013202233/https://www.elmundo.es/pais-vasco/2017/05/31/592eae59ca474135308b459c.html,20171013202233
https://web.archive.org/web/20171017025821/https://www.elmundo.es/cataluna/2017/08/25/599ff6b146163f30178b45fe.html,20171017025821
https://web.archive.org/web/20171017025821/https://www.elmundo.es/opinion/2017/07/30/597cd397268e3eea4e8b4608.html,20171017025821
https://web.archive.org/web/20171017025821/https://www.elmundo.es/pais-vasco/2017/05/31/592eae59ca474135308b459c.html,20171017025821
https://web.archive.org/web/20171101235812/https://www.elmundo.es/cataluna/2017/08/25/599ff6b146163f30178b45fe.html,20171101235812
https://web.archive.org/web/20171101235812/https://www.elmundo.es/opinion/2017/07/30/597cd397268e3eea4e8b4608.html,20171101235812
https://web.archive.org/web/20171103003920/https://www.elmundo.es/cataluna/2017/08/25/599ff6b146163f30178b45fe.html,20171103003920
https://web.archive.org/web/20171103003920/https://www.elmundo.es/opinion/2017/07/30/597cd397268e3eea4e8b4608.html,20171103003920
https://web.archive.org/web/20171104154955/https://www.elmundo.es/cataluna/2017/08/25/599ff6b146163f30178b45fe.html,20171104154955
https://web.archive.org/web/20171104154955/https://www.elmundo.es/opinion/2017/07/30/597cd397268e3eea4e8b4608.html,20171104154955
https://web.archive.org/web/20171116235647/https://www.elmundo.es/opinion/2017/11/11/5a060e11e2704ed27c8b4645.html,20171116235647
https://web.archive.org/web/20171116235647/https://www.elmundo.es/comunidad-valenciana/2017/11/10/5a059d7222601d701f8b46fd.html,20171116235647
https://web.archive.org/web/20171116235647/https://www.elmundo.es/cataluna/2017/08/25/599ff6b146163f30178b45fe.html,20171116235647
https://web.archive.org/web/20171116235647/https://www.elmundo.es/opinion/2017/07/30/597cd397268e3eea4e8b4608.html,20171116235647
https://web.archive.org/web/20171117115045/https://www.elmundo.es/opinion/2017/11/11/5a060e11e2704ed27c8b4645.html,20171117115045
https://web.archive.org/web/20171117115045/https://www.elmundo.es/comunidad-valenciana/2017/11/10/5a059d7222601d701f8b46fd.html,20171117115045
https://web.archive.org/web/20171117115045/https://www.elmundo.es/cataluna/2017/08/25/599ff6b146163f30178b45fe.html,20171117115045
https://web.archive.org/web/20171117115045/https://www.elmundo.es/opinion/2017/07/30/597cd397268e3eea4e8b4608.html,20171117115045
https://web.archive.org/web/20171118125014/https://www.elmundo.es/espana/2017/11/17/5a0f1f5ae5fdea9b2e8b4589.html,20171118125014
https://web.archive.org/web/20171118125014/https://www.elmundo.es/opinion/2017/11/11/5a060e11e2704ed27c8b4645.html,20171118125014
https://web.archive.org/web/20171118125014/https://www.elmundo.es/comunidad-valenciana/2017/11/10/5a059d7222601d701f8b46fd.html,20171118125014
https://web.archive.org/web/20171118125014/https://www.elmundo.es/cataluna/2017/08/25/599ff6b146163f30178b45fe.html,20171118125014
https://web.archive.org/web/20171118125014/https://www.elmundo.es/opinion/2017/07/30/597cd397268e3eea4e8b4608.html,20171118125014
https://web.archive.org/web/20171119131909/https://www.elmundo.es/espana/2017/11/17/5a0f1f5ae5fdea9b2e8b4589.html,20171119131909
https://web.archive.org/web/20171119131909/https://www.elmundo.es/opinion/2017/11/11/5a060e11e2704ed27c8b4645.html,20171119131909
https://web.archive.org/web/20171119131909/https://www.elmundo.es/comunidad-valenciana/2017/11/10/5a059d7222601d701f8b46fd.html,20171119131909
https://web.archive.org/web/20171119131909/https://www.elmundo.es/cataluna/2017/08/25/599ff6b146163f30178b45fe.html,20171119131909
https://web.archive.org/web/20171119131909/https://www.elmundo.es/opinion/2017/07/30/597cd397268e3eea4e8b4608.html,20171119131909
https://web.archive.org/web/20171120142251/https://www.elmundo.es/espana/2017/11/17/5a0f1f5ae5fdea9b2e8b4589.html,20171120142251
https://web.archive.org/web/20171120142251/https://www.elmundo.es/opinion/2017/11/11/5a060e11e2704ed27c8b4645.html,20171120142251
https://web.archive.org/web/20171120142251/https://www.elmundo.es/comunidad-valenciana/2017/11/10/5a059d7222601d701f8b46fd.html,20171120142251
https://web.archive.org/web/20171120142251/https://www.elmundo.es/cataluna/2017/08/25/599ff6b146163f30178b45fe.html,20171120142251
https://web.archive.org/web/20171120142251/https://www.elmundo.es/opinion/2017/07/30/597cd397268e3eea4e8b4608.html,20171120142251
https://web.archive.org/web/20171121154851/https://www.elmundo.es/espana/2017/11/17/5a0f1f5ae5fdea9b2e8b4589.html,20171121154851
https://web.archive.org/web/20171121154851/https://www.elmundo.es/opinion/2017/11/11/5a060e11e2704ed27c8b4645.html,20171121154851
https://web.archive.org/web/20171121154851/https://www.elmundo.es/comunidad-valenciana/2017/11/10/5a059d7222601d701f8b46fd.html,20171121154851
https://web.archive.org/web/20171121154851/https://www.elmundo.es/cataluna/2017/08/25/599ff6b146163f30178b45fe.html,20171121154851
https://web.archive.org/web/20171121154851/https://www.elmundo.es/opinion/2017/07/30/597cd397268e3eea4e8b4608.html,20171121154851
https://web.archive.org/web/20171122153106/https://www.elmundo.es/madrid/2017/11/21/5a146a75e2704eca058b46be.html,20171122153106
https://web.archive.org/web/20171122153106/https://www.elmundo.es/espana/2017/11/17/5a0f1f5ae5fdea9b2e8b4589.html,20171122153106
https://web.archive.org/web/20171122153106/https://www.elmundo.es/opinion/2017/11/11/5a060e11e2704ed27c8b4645.html,20171122153106
https://web.archive.org/web/20171122153106/https://www.elmundo.es/comunidad-valenciana/2017/11/10/5a059d7222601d701f8b46fd.html,20171122153106
https://web.archive.org/web/20171122153106/https://www.elmundo.es/cataluna/2017/08/25/599ff6b146163f30178b45fe.html,20171122153106
https://web.archive.org/web/20171123161002/https://www.elmundo.es/madrid/2017/11/21/5a146a75e2704eca058b46be.html,20171123161002
https://web.archive.org/web/20171123161002/https://www.elmundo.es/espana/2017/11/17/5a0f1f5ae5fdea9b2e8b4589.html,20171123161002
https://web.archive.org/web/20171123161002/https://www.elmundo.es/opinion/2017/11/11/5a060e11e2704ed27c8b4645.html,20171123161002
https://web.archive.org/web/20171123161002/https://www.elmundo.es/comunidad-valenciana/2017/11/10/5a059d7222601d701f8b46fd.html,20171123161002
https://web.archive.org/web/20171123161002/https://www.elmundo.es/cataluna/2017/08/25/599ff6b146163f30178b45fe.html,20171123161002
https://web.archive.org/web/20171124161056/https://www.elmundo.es/madrid/2017/11/21/5a146a75e2704eca058b46be.html,20171124161056
https://web.archive.org/web/20171124161056/https://www.elmundo.es/espana/2017/11/17/5a0f1f5ae5fdea9b2e8b4589.html,20171124161056
https://web.archive.org/web/20171124161056/https://www.elmundo.es/opinion/2017/11/11/5a060e11e2704ed27c8b4645.html,20171124161056
https://web.archive.org/web/20171124161056/https://www.elmundo.es/comunidad-valenciana/2017/11/10/5a059d7222601d701f8b46fd.html,20171124161056
https://web.archive.org/web/20171124161056/https://www.elmundo.es/cataluna/2017/08/25/599ff6b146163f30178b45fe.html,20171124161056
https://web.archive.org/web/20171126171024/https://www.elmundo.es/madrid/2017/11/21/5a146a75e2704eca058b46be.html,20171126171024
https://web.archive.org/web/20171126171024/https://www.elmundo.es/espana/2017/11/17/5a0f1f5ae5fdea9b2e8b4589.html,20171126171024
https://web.archive.org/web/20171126171024/https://www.elmundo.es/opinion/2017/11/11/5a060e11e2704ed27c8b4645.html,20171126171024
https://web.archive.org/web/20171126171024/https://www.elmundo.es/comunidad-valenciana/2017/11/10/5a059d7222601d701f8b46fd.html,20171126171024
https://web.archive.org/web/20171202212031/https://www.elmundo.es/madrid/2017/11/21/5a146a75e2704eca058b46be.html,20171202212031
https://web.archive.org/web/20171202212031/https://www.elmundo.es/espana/2017/11/17/5a0f1f5ae5fdea9b2e8b4589.html,20171202212031
https://web.archive.org/web/20171202212031/https://www.elmundo.es/opinion/2017/11/11/5a060e11e2704ed27c8b4645.html,20171202212031
https://web.archive.org/web/20171202212031/https://www.elmundo.es/comunidad-valenciana/2017/11/10/5a059d7222601d701f8b46fd.html,20171202212031
https://web.archive.org/web/20171204213139/https://www.elmundo.es/madrid/2017/11/21/5a146a75e2704eca058b46be.html,20171204213139
https://web.archive.org/web/20171204213139/https://www.elmundo.es/espana/2017/11/17/5a0f1f5ae5fdea9b2e8b4589.html,20171204213139
https://web.archive.org/web/20171204213139/https://www.elmundo.es/opinion/2017/11/11/5a060e11e2704ed27c8b4645.html,20171204213139
https://web.archive.org/web/20171204213139/https://www.elmundo.es/comunidad-valenciana/2017/11/10/5a059d7222601d701f8b46fd.html,20171204213139
https://web.archive.org/web/20171205215828/https://www.elmundo.es/madrid/2017/11/21/5a146a75e2704eca058b46be.html,20171205215828
https://web.archive.org/web/20171205215828/https://www.elmundo.es/espana/2017/11/17/5a0f1f5ae5fdea9b2e8b4589.html,20171205215828
https://web.archive.org/web/20171205215828/https://www.elmundo.es/opinion/2017/11/11/5a060e11e2704ed27c8b4645.html,20171205215828
https://web.archive.org/web/20171205215828/https://www.elmundo.es/comunidad-valenciana/2017/11/10/5a059d7222601d701f8b46fd.html,20171205215828
https://web.archive.org/web/20171206222108/https://www.elmundo.es/madrid/2017/11/21/5a146a75e2704eca058b46be.html,20171206222108
https://web.archive.org/web/20171206222108/https://www.elmundo.es/espana/2017/11/17/5a0f1f5ae5fdea9b2e8b4589.html,20171206222108
https://web.archive.org/web/20171206222108/https://www.elmundo.es/opinion/2017/11/11/5a060e11e2704ed27c8b4645.html,20171206222108
https://web.archive.org/web/20171206222108/https://www.elmundo.es/comunidad-valenciana/2017/11/10/5a059d7222601d701f8b46fd.html,20171206222108
https://web.archive.org/web/20171210074726/https://www.elmundo.es/madrid/2017/11/21/5a146a75e2704eca058b46be.html,20171210074726
https://web.archive.org/web/20171210074726/https://www.elmundo.es/espana/2017/11/17/5a0f1f5ae5fdea9b2e8b4589.html,20171210074726
https://web.archive.org/web/20171210074726/https://www.elmundo.es/opinion/2017/11/11/5a060e11e2704ed27c8b4645.html,20171210074726
https://web.archive.org/web/20171210074726/https://www.elmundo.es/comunidad-valenciana/2017/11/10/5a059d7222601d701f8b46fd.html,20171210074726
https://web.archive.org/web/20171211120807/https://www.elmundo.es/madrid/2017/11/21/5a146a75e2704eca058b46be.html,20171211120807
https://web.archive.org/web/20171211120807/https://www.elmundo.es/espana/2017/11/17/5a0f1f5ae5fdea9b2e8b4589.html,20171211120807
https://web.archive.org/web/20171211120807/https://www.elmundo.es/opinion/2017/11/11/5a060e11e2704ed27c8b4645.html,20171211120807
https://web.archive.org/web/20171211120807/https://www.elmundo.es/comunidad-valenciana/2017/11/10/5a059d7222601d701f8b46fd.html,20171211120807
https://web.archive.org/web/20171214120113/https://www.elmundo.es/madrid/2017/11/21/5a146a75e2704eca058b46be.html,20171214120113
https://web.archive.org/web/20171214120113/https://www.elmundo.es/espana/2017/11/17/5a0f1f5ae5fdea9b2e8b4589.html,20171214120113
https://web.archive.org/web/20171214120113/https://www.elmundo.es/opinion/2017/11/11/5a060e11e2704ed27c8b4645.html,20171214120113
https://web.archive.org/web/20171214120113/https://www.elmundo.es/comunidad-valenciana/2017/11/10/5a059d7222601d701f8b46fd.html,20171214120113
https://web.archive.org/web/20171227064548/https://www.elmundo.es/espana/2017/12/20/5a3a3c78e5fdeabe6c8b4610.html,20171227064548
https://web.archive.org/web/20171227064548/https://www.elmundo.es/madrid/2017/11/21/5a146a75e2704eca058b46be.html,20171227064548
https://web.archive.org/web/20171227064548/https://www.elmundo.es/espana/2017/11/17/5a0f1f5ae5fdea9b2e8b4589.html,20171227064548
https://web.archive.org/web/20171227064548/https://www.elmundo.es/opinion/2017/11/11/5a060e11e2704ed27c8b4645.html,20171227064548
https://web.archive.org/web/20171227064548/https://www.elmundo.es/comunidad-valenciana/2017/11/10/5a059d7222601d701f8b46fd.html,20171227064548
https://web.archive.org/web/20171228055456/https://www.elmundo.es/espana/2017/12/20/5a3a3c78e5fdeabe6c8b4610.html,20171228055456
https://web.archive.org/web/20171228055456/https://www.elmundo.es/madrid/2017/11/21/5a146a75e2704eca058b46be.html,20171228055456
https://web.archive.org/web/20171228055456/https://www.elmundo.es/espana/2017/11/17/5a0f1f5ae5fdea9b2e8b4589.html,20171228055456
https://web.archive.org/web/20171228055456/https://www.elmundo.es/opinion/2017/11/11/5a060e11e2704ed27c8b4645.html,20171228055456
https://web.archive.org/web/20171228055456/https://www.elmundo.es/comunidad-valenciana/2017/11/10/5a059d7222601d701f8b46fd.html,20171228055456
https://web.archive.org/web/20171229084744/https://www.elmundo.es/espana/2017/12/20/5a3a3c78e5fdeabe6c8b4610.html,20171229084744
https://web.archive.org/web/20171229084744/https://www.elmundo.es/madrid/2017/11/21/5a146a75e2704eca058b46be.html,20171229084744
https://web.archive.org/web/20171229084744/https://www.elmundo.es/espana/2017/11/17/5a0f1f5ae5fdea9b2e8b4589.html,20171229084744
https://web.archive.org/web/20171229084744/https://www.elmundo.es/opinion/2017/11/11/5a060e11e2704ed27c8b4645.html,20171229084744
https://web.archive.org/web/20171229084744/https://www.elmundo.es/comunidad-valenciana/2017/11/10/5a059d7222601d701f8b46fd.html,20171229084744
https://web.archive.org/web/20180106103137/https://www.elmundo.es/espana/2017/12/20/5a3a3c78e5fdeabe6c8b4610.html,20180106103137
https://web.archive.org/web/20180106103137/https://www.elmundo.es/madrid/2017/11/21/5a146a75e2704eca058b46be.html,20180106103137
https://web.archive.org/web/20180106103137/https://www.elmundo.es/espana/2017/11/17/5a0f1f5ae5fdea9b2e8b4589.html,20180106103137
https://web.archive.org/web/20180106103137/https://www.elmundo.es/opinion/2017/11/11/5a060e11e2704ed27c8b4645.html,20180106103137
https://web.archive.org/web/20180106103137/https://www.elmundo.es/comunidad-valenciana/2017/11/10/5a059d7222601d701f8b46fd.html,20180106103137
https://web.archive.org/web/20180107011539/https://www.elmundo.es/espana/2017/12/20/5a3a3c78e5fdeabe6c8b4610.html,20180107011539
https://web.archive.org/web/20180107011539/https://www.elmundo.es/madrid/2017/11/21/5a146a75e2704eca058b46be.html,20180107011539
https://web.archive.org/web/20180107011539/https://www.elmundo.es/espana/2017/11/17/5a0f1f5ae5fdea9b2e8b4589.html,20180107011539
https://web.archive.org/web/20180107011539/https://www.elmundo.es/opinion/2017/11/11/5a060e11e2704ed27c8b4645.html,20180107011539
https://web.archive.org/web/20180107011539/https://www.elmundo.es/comunidad-valenciana/2017/11/10/5a059d7222601d701f8b46fd.html,20180107011539
https://web.archive.org/web/20180108121333/https://www.elmundo.es/espana/2017/12/20/5a3a3c78e5fdeabe6c8b4610.html,20180108121333
https://web.archive.org/web/20180108121333/https://www.elmundo.es/madrid/2017/11/21/5a146a75e2704eca058b46be.html,20180108121333
https://web.archive.org/web/20180108121333/https://www.elmundo.es/espana/2017/11/17/5a0f1f5ae5fdea9b2e8b4589.html,20180108121333
https://web.archive.org/web/20180108121333/https://www.elmundo.es/opinion/2017/11/11/5a060e11e2704ed27c8b4645.html,20180108121333
https://web.archive.org/web/20180108121333/https://www.elmundo.es/comunidad-valenciana/2017/11/10/5a059d7222601d701f8b46fd.html,20180108121333
https://web.archive.org/web/20180109125535/https://www.elmundo.es/espana/2017/12/20/5a3a3c78e5fdeabe6c8b4610.html,20180109125535
https://web.archive.org/web/20180109125535/https://www.elmundo.es/madrid/2017/11/21/5a146a75e2704eca058b46be.html,20180109125535
https://web.archive.org/web/20180109125535/https://www.elmundo.es/espana/2017/11/17/5a0f1f5ae5fdea9b2e8b4589.html,20180109125535
https://web.archive.org/web/20180109125535/https://www.elmundo.es/opinion/2017/11/11/5a060e11e2704ed27c8b4645.html,20180109125535
https://web.archive.org/web/20180109125535/https://www.elmundo.es/comunidad-valenciana/2017/11/10/5a059d7222601d701f8b46fd.html,20180109125535
https://web.archive.org/web/20180111162803/https://www.elmundo.es/espana/2017/12/20/5a3a3c78e5fdeabe6c8b4610.html,20180111162803
https://web.archive.org/web/20180111162803/https://www.elmundo.es/madrid/2017/11/21/5a146a75e2704eca058b46be.html,20180111162803
https://web.archive.org/web/20180111162803/https://www.elmundo.es/espana/2017/11/17/5a0f1f5ae5fdea9b2e8b4589.html,20180111162803
https://web.archive.org/web/20180111162803/https://www.elmundo.es/opinion/2017/11/11/5a060e11e2704ed27c8b4645.html,20180111162803
https://web.archive.org/web/20180111162803/https://www.elmundo.es/comunidad-valenciana/2017/11/10/5a059d7222601d701f8b46fd.html,20180111162803
https://web.archive.org/web/20180112180442/https://www.elmundo.es/espana/2017/12/20/5a3a3c78e5fdeabe6c8b4610.html,20180112180442
https://web.archive.org/web/20180112180442/https://www.elmundo.es/madrid/2017/11/21/5a146a75e2704eca058b46be.html,20180112180442
https://web.archive.org/web/20180112180442/https://www.elmundo.es/espana/2017/11/17/5a0f1f5ae5fdea9b2e8b4589.html,20180112180442
https://web.archive.org/web/20180112180442/https://www.elmundo.es/opinion/2017/11/11/5a060e11e2704ed27c8b4645.html,20180112180442
https://web.archive.org/web/20180114181856/https://www.elmundo.es/espana/2017/12/20/5a3a3c78e5fdeabe6c8b4610.html,20180114181856
https://web.archive.org/web/20180114181856/https://www.elmundo.es/madrid/2017/11/21/5a146a75e2704eca058b46be.html,20180114181856
https://web.archive.org/web/20180114181856/https://www.elmundo.es/espana/2017/11/17/5a0f1f5ae5fdea9b2e8b4589.html,20180114181856
https://web.archive.org/web/20180115094414/https://www.elmundo.es/espana/2017/12/20/5a3a3c78e5fdeabe6c8b4610.html,20180115094414
https://web.archive.org/web/20180115094414/https://www.elmundo.es/madrid/2017/11/21/5a146a75e2704eca058b46be.html,20180115094414
https://web.archive.org/web/20180115094414/https://www.elmundo.es/espana/2017/11/17/5a0f1f5ae5fdea9b2e8b4589.html,20180115094414
https://web.archive.org/web/20180116180501/https://www.elmundo.es/espana/2017/12/20/5a3a3c78e5fdeabe6c8b4610.html,20180116180501
https://web.archive.org/web/20180116180501/https://www.elmundo.es/madrid/2017/11/21/5a146a75e2704eca058b46be.html,20180116180501
https://web.archive.org/web/20180116180501/https://www.elmundo.es/espana/2017/11/17/5a0f1f5ae5fdea9b2e8b4589.html,20180116180501
https://web.archive.org/web/20180117193901/https://www.elmundo.es/espana/2017/12/20/5a3a3c78e5fdeabe6c8b4610.html,20180117193901
https://web.archive.org/web/20180117193901/https://www.elmundo.es/madrid/2017/11/21/5a146a75e2704eca058b46be.html,20180117193901
https://web.archive.org/web/20180117193901/https://www.elmundo.es/espana/2017/11/17/5a0f1f5ae5fdea9b2e8b4589.html,20180117193901
https://web.archive.org/web/20180120232122/https://www.elmundo.es/espana/2017/12/20/5a3a3c78e5fdeabe6c8b4610.html,20180120232122
https://web.archive.org/web/20180120232122/https://www.elmundo.es/madrid/2017/11/21/5a146a75e2704eca058b46be.html,20180120232122
https://web.archive.org/web/20180122002945/https://www.elmundo.es/espana/2017/12/20/5a3a3c78e5fdeabe6c8b4610.html,20180122002945
https://web.archive.org/web/20180122002945/https://www.elmundo.es/madrid/2017/11/21/5a146a75e2704eca058b46be.html,20180122002945
https://web.archive.org/web/20180123015355/https://www.elmundo.es/espana/2017/12/20/5a3a3c78e5fdeabe6c8b4610.html,20180123015355
https://web.archive.org/web/20180123015355/https://www.elmundo.es/madrid/2017/11/21/5a146a75e2704eca058b46be.html,20180123015355
https://web.archive.org/web/20180124050347/https://www.elmundo.es/espana/2017/12/20/5a3a3c78e5fdeabe6c8b4610.html,20180124050347
https://web.archive.org/web/20180124050347/https://www.elmundo.es/madrid/2017/11/21/5a146a75e2704eca058b46be.html,20180124050347
https://web.archive.org/web/20180125034859/https://www.elmundo.es/espana/2017/12/20/5a3a3c78e5fdeabe6c8b4610.html,20180125034859
https://web.archive.org/web/20180125034859/https://www.elmundo.es/madrid/2017/11/21/5a146a75e2704eca058b46be.html,20180125034859
https://web.archive.org/web/20180126070437/https://www.elmundo.es/espana/2017/12/20/5a3a3c78e5fdeabe6c8b4610.html,20180126070437
https://web.archive.org/web/20180126070437/https://www.elmundo.es/madrid/2017/11/21/5a146a75e2704eca058b46be.html,20180126070437
https://web.archive.org/web/20180128085250/https://www.elmundo.es/espana/2017/12/20/5a3a3c78e5fdeabe6c8b4610.html,20180128085250
https://web.archive.org/web/20180128085250/https://www.elmundo.es/madrid/2017/11/21/5a146a75e2704eca058b46be.html,20180128085250
https://web.archive.org/web/20180209143452/https://www.elmundo.es/comunidad-valenciana/2018/01/29/5a6eb5e146163f5f4e8b45ac.html,20180209143452
https://web.archive.org/web/20180209143452/https://www.elmundo.es/espana/2017/12/20/5a3a3c78e5fdeabe6c8b4610.html,20180209143452
https://web.archive.org/web/20180213162958/https://www.elmundo.es/andalucia/2018/02/12/5a8170d146163f9c178b4688.html,20180213162958
https://web.archive.org/web/20180213162958/https://www.elmundo.es/comunidad-valenciana/2018/01/29/5a6eb5e146163f5f4e8b45ac.html,20180213162958
https://web.archive.org/web/20180213162958/https://www.elmundo.es/espana/2017/12/20/5a3a3c78e5fdeabe6c8b4610.html,20180213162958
https://web.archive.org/web/20180216184000/https://www.elmundo.es/baleares/2018/02/16/5a86fb3e468aeb336e8b45f0.html,20180216184000
https://web.archive.org/web/20180216184000/https://www.elmundo.es/andalucia/2018/02/12/5a8170d146163f9c178b4688.html,20180216184000
https://web.archive.org/web/20180216184000/https://www.elmundo.es/comunidad-valenciana/2018/01/29/5a6eb5e146163f5f4e8b45ac.html,20180216184000
https://web.archive.org/web/20180216184000/https://www.elmundo.es/espana/2017/12/20/5a3a3c78e5fdeabe6c8b4610.html,20180216184000
https://web.archive.org/web/20180223180704/https://www.elmundo.es/baleares/2018/02/16/5a86fb3e468aeb336e8b45f0.html,20180223180704
https://web.archive.org/web/20180223180704/https://www.elmundo.es/andalucia/2018/02/12/5a8170d146163f9c178b4688.html,20180223180704
https://web.archive.org/web/20180223180704/https://www.elmundo.es/comunidad-valenciana/2018/01/29/5a6eb5e146163f5f4e8b45ac.html,20180223180704
https://web.archive.org/web/20180223180704/https://www.elmundo.es/espana/2017/12/20/5a3a3c78e5fdeabe6c8b4610.html,20180223180704
https://web.archive.org/web/20180224133649/https://www.elmundo.es/baleares/2018/02/16/5a86fb3e468aeb336e8b45f0.html,20180224133649
https://web.archive.org/web/20180224133649/https://www.elmundo.es/andalucia/2018/02/12/5a8170d146163f9c178b4688.html,20180224133649
https://web.archive.org/web/20180224133649/https://www.elmundo.es/comunidad-valenciana/2018/01/29/5a6eb5e146163f5f4e8b45ac.html,20180224133649
https://web.archive.org/web/20180224133649/https://www.elmundo.es/espana/2017/12/20/5a3a3c78e5fdeabe6c8b4610.html,20180224133649
https://web.archive.org/web/20180225144341/https://www.elmundo.es/baleares/2018/02/16/5a86fb3e468aeb336e8b45f0.html,20180225144341
https://web.archive.org/web/20180225144341/https://www.elmundo.es/andalucia/2018/02/12/5a8170d146163f9c178b4688.html,20180225144341
https://web.archive.org/web/20180225144341/https://www.elmundo.es/comunidad-valenciana/2018/01/29/5a6eb5e146163f5f4e8b45ac.html,20180225144341
https://web.archive.org/web/20180225144341/https://www.elmundo.es/espana/2017/12/20/5a3a3c78e5fdeabe6c8b4610.html,20180225144341
https://web.archive.org/web/20180226125227/https://www.elmundo.es/espana/2018/02/26/5a93fe73468aebcc468b458d.html,20180226125227
https://web.archive.org/web/20180226125227/https://www.elmundo.es/baleares/2018/02/16/5a86fb3e468aeb336e8b45f0.html,20180226125227
https://web.archive.org/web/20180226125227/https://www.elmundo.es/andalucia/2018/02/12/5a8170d146163f9c178b4688.html,20180226125227
https://web.archive.org/web/20180226125227/https://www.elmundo.es/comunidad-valenciana/2018/01/29/5a6eb5e146163f5f4e8b45ac.html,20180226125227
https://web.archive.org/web/20180226125227/https://www.elmundo.es/espana/2017/12/20/5a3a3c78e5fdeabe6c8b4610.html,20180226125227
https://web.archive.org/web/20180228144200/https://www.elmundo.es/espana/2018/02/26/5a93fe73468aebcc468b458d.html,20180228144200
https://web.archive.org/web/20180228144200/https://www.elmundo.es/baleares/2018/02/16/5a86fb3e468aeb336e8b45f0.html,20180228144200
https://web.archive.org/web/20180228144200/https://www.elmundo.es/andalucia/2018/02/12/5a8170d146163f9c178b4688.html,20180228144200
https://web.archive.org/web/20180228144200/https://www.elmundo.es/comunidad-valenciana/2018/01/29/5a6eb5e146163f5f4e8b45ac.html,20180228144200
https://web.archive.org/web/20180228144200/https://www.elmundo.es/espana/2017/12/20/5a3a3c78e5fdeabe6c8b4610.html,20180228144200
https://web.archive.org/web/20180301140320/https://www.elmundo.es/espana/2018/02/26/5a93fe73468aebcc468b458d.html,20180301140320
https://web.archive.org/web/20180301140320/https://www.elmundo.es/baleares/2018/02/16/5a86fb3e468aeb336e8b45f0.html,20180301140320
https://web.archive.org/web/20180301140320/https://www.elmundo.es/andalucia/2018/02/12/5a8170d146163f9c178b4688.html,20180301140320
https://web.archive.org/web/20180301140320/https://www.elmundo.es/comunidad-valenciana/2018/01/29/5a6eb5e146163f5f4e8b45ac.html,20180301140320
https://web.archive.org/web/20180301140320/https://www.elmundo.es/espana/2017/12/20/5a3a3c78e5fdeabe6c8b4610.html,20180301140320
https://web.archive.org/web/20180302220907/https://www.elmundo.es/espana/2018/02/26/5a93fe73468aebcc468b458d.html,20180302220907
https://web.archive.org/web/20180302220907/https://www.elmundo.es/baleares/2018/02/16/5a86fb3e468aeb336e8b45f0.html,20180302220907
https://web.archive.org/web/20180302220907/https://www.elmundo.es/andalucia/2018/02/12/5a8170d146163f9c178b4688.html,20180302220907
https://web.archive.org/web/20180302220907/https://www.elmundo.es/comunidad-valenciana/2018/01/29/5a6eb5e146163f5f4e8b45ac.html,20180302220907
https://web.archive.org/web/20180302220907/https://www.elmundo.es/espana/2017/12/20/5a3a3c78e5fdeabe6c8b4610.html,20180302220907
https://web.archive.org/web/20180304010053/https://www.elmundo.es/espana/2018/02/26/5a93fe73468aebcc468b458d.html,20180304010053
https://web.archive.org/web/20180304010053/https://www.elmundo.es/baleares/2018/02/16/5a86fb3e468aeb336e8b45f0.html,20180304010053
https://web.archive.org/web/20180304010053/https://www.elmundo.es/andalucia/2018/02/12/5a8170d146163f9c178b4688.html,20180304010053
https://web.archive.org/web/20180304010053/https://www.elmundo.es/comunidad-valenciana/2018/01/29/5a6eb5e146163f5f4e8b45ac.html,20180304010053
https://web.archive.org/web/20180304010053/https://www.elmundo.es/espana/2017/12/20/5a3a3c78e5fdeabe6c8b4610.html,20180304010053
https://web.archive.org/web/20180306005409/https://www.elmundo.es/espana/2018/02/26/5a93fe73468aebcc468b458d.html,20180306005409
https://web.archive.org/web/20180306005409/https://www.elmundo.es/baleares/2018/02/16/5a86fb3e468aeb336e8b45f0.html,20180306005409
https://web.archive.org/web/20180306005409/https://www.elmundo.es/andalucia/2018/02/12/5a8170d146163f9c178b4688.html,20180306005409
https://web.archive.org/web/20180306005409/https://www.elmundo.es/comunidad-valenciana/2018/01/29/5a6eb5e146163f5f4e8b45ac.html,20180306005409
https://web.archive.org/web/20180306005409/https://www.elmundo.es/espana/2017/12/20/5a3a3c78e5fdeabe6c8b4610.html,20180306005409
https://web.archive.org/web/20180307095908/https://www.elmundo.es/espana/2018/02/26/5a93fe73468aebcc468b458d.html,20180307095908
https://web.archive.org/web/20180307095908/https://www.elmundo.es/baleares/2018/02/16/5a86fb3e468aeb336e8b45f0.html,20180307095908
https://web.archive.org/web/20180307095908/https://www.elmundo.es/andalucia/2018/02/12/5a8170d146163f9c178b4688.html,20180307095908
https://web.archive.org/web/20180307095908/https://www.elmundo.es/comunidad-valenciana/2018/01/29/5a6eb5e146163f5f4e8b45ac.html,20180307095908
https://web.archive.org/web/20180307095908/https://www.elmundo.es/espana/2017/12/20/5a3a3c78e5fdeabe6c8b4610.html,20180307095908
https://web.archive.org/web/20180308160156/https://www.elmundo.es/espana/2018/02/26/5a93fe73468aebcc468b458d.html,20180308160156
https://web.archive.org/web/20180308160156/https://www.elmundo.es/baleares/2018/02/16/5a86fb3e468aeb336e8b45f0.html,20180308160156
https://web.archive.org/web/20180308160156/https://www.elmundo.es/andalucia/2018/02/12/5a8170d146163f9c178b4688.html,20180308160156
https://web.archive.org/web/20180308160156/https://www.elmundo.es/comunidad-valenciana/2018/01/29/5a6eb5e146163f5f4e8b45ac.html,20180308160156
https://web.archive.org/web/20180308160156/https://www.elmundo.es/espana/2017/12/20/5a3a3c78e5fdeabe6c8b4610.html,20180308160156
https://web.archive.org/web/20180308160156/https://www.elmundo.es/sociedad/2017/09/05/59aec40022601d052f8b4574.html,20180308160156
https://web.archive.org/web/20180309182155/https://www.elmundo.es/espana/2018/02/26/5a93fe73468aebcc468b458d.html,20180309182155
https://web.archive.org/web/20180309182155/https://www.elmundo.es/baleares/2018/02/16/5a86fb3e468aeb336e8b45f0.html,20180309182155
https://web.archive.org/web/20180309182155/https://www.elmundo.es/andalucia/2018/02/12/5a8170d146163f9c178b4688.html,20180309182155
https://web.archive.org/web/20180309182155/https://www.elmundo.es/comunidad-valenciana/2018/01/29/5a6eb5e146163f5f4e8b45ac.html,20180309182155
https://web.archive.org/web/20180309182155/https://www.elmundo.es/sociedad/2017/09/05/59aec40022601d052f8b4574.html,20180309182155
https://web.archive.org/web/20180312213954/https://www.elmundo.es/espana/2018/02/26/5a93fe73468aebcc468b458d.html,20180312213954
https://web.archive.org/web/20180312213954/https://www.elmundo.es/baleares/2018/02/16/5a86fb3e468aeb336e8b45f0.html,20180312213954
https://web.archive.org/web/20180312213954/https://www.elmundo.es/andalucia/2018/02/12/5a8170d146163f9c178b4688.html,20180312213954
https://web.archive.org/web/20180312213954/https://www.elmundo.es/comunidad-valenciana/2018/01/29/5a6eb5e146163f5f4e8b45ac.html,20180312213954
https://web.archive.org/web/20180313202022/https://www.elmundo.es/espana/2018/02/26/5a93fe73468aebcc468b458d.html,20180313202022
https://web.archive.org/web/20180313202022/https://www.elmundo.es/baleares/2018/02/16/5a86fb3e468aeb336e8b45f0.html,20180313202022
https://web.archive.org/web/20180313202022/https://www.elmundo.es/andalucia/2018/02/12/5a8170d146163f9c178b4688.html,20180313202022
https://web.archive.org/web/20180313202022/https://www.elmundo.es/comunidad-valenciana/2018/01/29/5a6eb5e146163f5f4e8b45ac.html,20180313202022
https://web.archive.org/web/20180314212025/https://www.elmundo.es/espana/2018/02/26/5a93fe73468aebcc468b458d.html,20180314212025
https://web.archive.org/web/20180314212025/https://www.elmundo.es/baleares/2018/02/16/5a86fb3e468aeb336e8b45f0.html,20180314212025
https://web.archive.org/web/20180314212025/https://www.elmundo.es/andalucia/2018/02/12/5a8170d146163f9c178b4688.html,20180314212025
https://web.archive.org/web/20180314212025/https://www.elmundo.es/comunidad-valenciana/2018/01/29/5a6eb5e146163f5f4e8b45ac.html,20180314212025
https://web.archive.org/web/20180316225809/https://www.elmundo.es/espana/2018/02/26/5a93fe73468aebcc468b458d.html,20180316225809
https://web.archive.org/web/20180316225809/https://www.elmundo.es/baleares/2018/02/16/5a86fb3e468aeb336e8b45f0.html,20180316225809
https://web.archive.org/web/20180316225809/https://www.elmundo.es/andalucia/2018/02/12/5a8170d146163f9c178b4688.html,20180316225809
https://web.archive.org/web/20180316225809/https://www.elmundo.es/comunidad-valenciana/2018/01/29/5a6eb5e146163f5f4e8b45ac.html,20180316225809
https://web.archive.org/web/20180318001141/https://www.elmundo.es/espana/2018/02/26/5a93fe73468aebcc468b458d.html,20180318001141
https://web.archive.org/web/20180318001141/https://www.elmundo.es/baleares/2018/02/16/5a86fb3e468aeb336e8b45f0.html,20180318001141
https://web.archive.org/web/20180318001141/https://www.elmundo.es/andalucia/2018/02/12/5a8170d146163f9c178b4688.html,20180318001141
https://web.archive.org/web/20180318001141/https://www.elmundo.es/comunidad-valenciana/2018/01/29/5a6eb5e146163f5f4e8b45ac.html,20180318001141
https://web.archive.org/web/20180324043751/https://www.elmundo.es/espana/2018/02/26/5a93fe73468aebcc468b458d.html,20180324043751
https://web.archive.org/web/20180324043751/https://www.elmundo.es/baleares/2018/02/16/5a86fb3e468aeb336e8b45f0.html,20180324043751
https://web.archive.org/web/20180324043751/https://www.elmundo.es/andalucia/2018/02/12/5a8170d146163f9c178b4688.html,20180324043751
https://web.archive.org/web/20180324043751/https://www.elmundo.es/comunidad-valenciana/2018/01/29/5a6eb5e146163f5f4e8b45ac.html,20180324043751
https://web.archive.org/web/20180328193425/https://www.elmundo.es/espana/2018/02/26/5a93fe73468aebcc468b458d.html,20180328193425
https://web.archive.org/web/20180328193425/https://www.elmundo.es/baleares/2018/02/16/5a86fb3e468aeb336e8b45f0.html,20180328193425
https://web.archive.org/web/20180328193425/https://www.elmundo.es/andalucia/2018/02/12/5a8170d146163f9c178b4688.html,20180328193425
https://web.archive.org/web/20180328193425/https://www.elmundo.es/comunidad-valenciana/2018/01/29/5a6eb5e146163f5f4e8b45ac.html,20180328193425
https://web.archive.org/web/20180403175936/https://www.elmundo.es/espana/2018/02/26/5a93fe73468aebcc468b458d.html,20180403175936
https://web.archive.org/web/20180403175936/https://www.elmundo.es/baleares/2018/02/16/5a86fb3e468aeb336e8b45f0.html,20180403175936
https://web.archive.org/web/20180403175936/https://www.elmundo.es/andalucia/2018/02/12/5a8170d146163f9c178b4688.html,20180403175936
https://web.archive.org/web/20180403175936/https://www.elmundo.es/comunidad-valenciana/2018/01/29/5a6eb5e146163f5f4e8b45ac.html,20180403175936
https://web.archive.org/web/20180404073749/https://www.elmundo.es/espana/2018/02/26/5a93fe73468aebcc468b458d.html,20180404073749
https://web.archive.org/web/20180404073749/https://www.elmundo.es/baleares/2018/02/16/5a86fb3e468aeb336e8b45f0.html,20180404073749
https://web.archive.org/web/20180404073749/https://www.elmundo.es/andalucia/2018/02/12/5a8170d146163f9c178b4688.html,20180404073749
https://web.archive.org/web/20180404073749/https://www.elmundo.es/comunidad-valenciana/2018/01/29/5a6eb5e146163f5f4e8b45ac.html,20180404073749
https://web.archive.org/web/20180406203240/https://www.elmundo.es/espana/2018/02/26/5a93fe73468aebcc468b458d.html,20180406203240
https://web.archive.org/web/20180406203240/https://www.elmundo.es/baleares/2018/02/16/5a86fb3e468aeb336e8b45f0.html,20180406203240
https://web.archive.org/web/20180406203240/https://www.elmundo.es/andalucia/2018/02/12/5a8170d146163f9c178b4688.html,20180406203240
https://web.archive.org/web/20180406203240/https://www.elmundo.es/comunidad-valenciana/2018/01/29/5a6eb5e146163f5f4e8b45ac.html,20180406203240
https://web.archive.org/web/20180407191148/https://www.elmundo.es/espana/2018/02/26/5a93fe73468aebcc468b458d.html,20180407191148
https://web.archive.org/web/20180407191148/https://www.elmundo.es/baleares/2018/02/16/5a86fb3e468aeb336e8b45f0.html,20180407191148
https://web.archive.org/web/20180407191148/https://www.elmundo.es/andalucia/2018/02/12/5a8170d146163f9c178b4688.html,20180407191148
https://web.archive.org/web/20180407191148/https://www.elmundo.es/comunidad-valenciana/2018/01/29/5a6eb5e146163f5f4e8b45ac.html,20180407191148
https://web.archive.org/web/20180408202529/https://www.elmundo.es/espana/2018/02/26/5a93fe73468aebcc468b458d.html,20180408202529
https://web.archive.org/web/20180408202529/https://www.elmundo.es/baleares/2018/02/16/5a86fb3e468aeb336e8b45f0.html,20180408202529
https://web.archive.org/web/20180408202529/https://www.elmundo.es/andalucia/2018/02/12/5a8170d146163f9c178b4688.html,20180408202529
https://web.archive.org/web/20180408202529/https://www.elmundo.es/comunidad-valenciana/2018/01/29/5a6eb5e146163f5f4e8b45ac.html,20180408202529
https://web.archive.org/web/20180409212339/https://www.elmundo.es/espana/2018/02/26/5a93fe73468aebcc468b458d.html,20180409212339
https://web.archive.org/web/20180409212339/https://www.elmundo.es/baleares/2018/02/16/5a86fb3e468aeb336e8b45f0.html,20180409212339
https://web.archive.org/web/20180409212339/https://www.elmundo.es/andalucia/2018/02/12/5a8170d146163f9c178b4688.html,20180409212339
https://web.archive.org/web/20180409212339/https://www.elmundo.es/comunidad-valenciana/2018/01/29/5a6eb5e146163f5f4e8b45ac.html,20180409212339
https://web.archive.org/web/20180410214402/https://www.elmundo.es/espana/2018/02/26/5a93fe73468aebcc468b458d.html,20180410214402
https://web.archive.org/web/20180410214402/https://www.elmundo.es/baleares/2018/02/16/5a86fb3e468aeb336e8b45f0.html,20180410214402
https://web.archive.org/web/20180410214402/https://www.elmundo.es/andalucia/2018/02/12/5a8170d146163f9c178b4688.html,20180410214402
https://web.archive.org/web/20180410214402/https://www.elmundo.es/comunidad-valenciana/2018/01/29/5a6eb5e146163f5f4e8b45ac.html,20180410214402
https://web.archive.org/web/20180423054025/https://www.elmundo.es/espana/2018/02/26/5a93fe73468aebcc468b458d.html,20180423054025
https://web.archive.org/web/20180423054025/https://www.elmundo.es/baleares/2018/02/16/5a86fb3e468aeb336e8b45f0.html,20180423054025
https://web.archive.org/web/20180423054025/https://www.elmundo.es/andalucia/2018/02/12/5a8170d146163f9c178b4688.html,20180423054025
https://web.archive.org/web/20180423054025/https://www.elmundo.es/comunidad-valenciana/2018/01/29/5a6eb5e146163f5f4e8b45ac.html,20180423054025
https://web.archive.org/web/20180427102758/https://www.elmundo.es/espana/2018/04/26/5ae1bfdcca4741e63d8b456e.html,20180427102758
https://web.archive.org/web/20180427102758/https://www.elmundo.es/papel/historias/2018/04/26/5ae0a5a622601daf6d8b4652.html,20180427102758
https://web.archive.org/web/20180427102758/https://www.elmundo.es/espana/2018/02/26/5a93fe73468aebcc468b458d.html,20180427102758
https://web.archive.org/web/20180427102758/https://www.elmundo.es/baleares/2018/02/16/5a86fb3e468aeb336e8b45f0.html,20180427102758
https://web.archive.org/web/20180427102758/https://www.elmundo.es/andalucia/2018/02/12/5a8170d146163f9c178b4688.html,20180427102758
https://web.archive.org/web/20180427102758/https://www.elmundo.es/sociedad/2016/10/04/57f3972ee2704e8f678b466e.html,20180427102758
https://web.archive.org/web/20180428165757/https://www.elmundo.es/espana/2018/04/26/5ae1bfdcca4741e63d8b456e.html,20180428165757
https://web.archive.org/web/20180428165757/https://www.elmundo.es/papel/historias/2018/04/26/5ae0a5a622601daf6d8b4652.html,20180428165757
https://web.archive.org/web/20180428165757/https://www.elmundo.es/espana/2018/02/26/5a93fe73468aebcc468b458d.html,20180428165757
https://web.archive.org/web/20180428165757/https://www.elmundo.es/baleares/2018/02/16/5a86fb3e468aeb336e8b45f0.html,20180428165757
https://web.archive.org/web/20180428165757/https://www.elmundo.es/andalucia/2018/02/12/5a8170d146163f9c178b4688.html,20180428165757
https://web.archive.org/web/20180429154550/https://www.elmundo.es/espana/2018/04/26/5ae1bfdcca4741e63d8b456e.html,20180429154550
https://web.archive.org/web/20180429154550/https://www.elmundo.es/papel/historias/2018/04/26/5ae0a5a622601daf6d8b4652.html,20180429154550
https://web.archive.org/web/20180429154550/https://www.elmundo.es/espana/2018/02/26/5a93fe73468aebcc468b458d.html,20180429154550
https://web.archive.org/web/20180429154550/https://www.elmundo.es/baleares/2018/02/16/5a86fb3e468aeb336e8b45f0.html,20180429154550
https://web.archive.org/web/20180429154550/https://www.elmundo.es/andalucia/2018/02/12/5a8170d146163f9c178b4688.html,20180429154550
https://web.archive.org/web/20180430193200/https://www.elmundo.es/espana/2018/04/26/5ae1bfdcca4741e63d8b456e.html,20180430193200
https://web.archive.org/web/20180430193200/https://www.elmundo.es/papel/historias/2018/04/26/5ae0a5a622601daf6d8b4652.html,20180430193200
https://web.archive.org/web/20180430193200/https://www.elmundo.es/espana/2018/02/26/5a93fe73468aebcc468b458d.html,20180430193200
https://web.archive.org/web/20180430193200/https://www.elmundo.es/baleares/2018/02/16/5a86fb3e468aeb336e8b45f0.html,20180430193200
https://web.archive.org/web/20180430193200/https://www.elmundo.es/andalucia/2018/02/12/5a8170d146163f9c178b4688.html,20180430193200
https://web.archive.org/web/20180430193200/https://www.elmundo.es/sociedad/2016/10/04/57f3972ee2704e8f678b466e.html,20180430193200
https://web.archive.org/web/20180501215553/https://www.elmundo.es/espana/2018/04/26/5ae1bfdcca4741e63d8b456e.html,20180501215553
https://web.archive.org/web/20180501215553/https://www.elmundo.es/papel/historias/2018/04/26/5ae0a5a622601daf6d8b4652.html,20180501215553
https://web.archive.org/web/20180501215553/https://www.elmundo.es/espana/2018/02/26/5a93fe73468aebcc468b458d.html,20180501215553
https://web.archive.org/web/20180501215553/https://www.elmundo.es/baleares/2018/02/16/5a86fb3e468aeb336e8b45f0.html,20180501215553
https://web.archive.org/web/20180501215553/https://www.elmundo.es/sociedad/2017/09/05/59aec40022601d052f8b4574.html,20180501215553
https://web.archive.org/web/20180503182129/https://www.elmundo.es/espana/2018/04/26/5ae1bfdcca4741e63d8b456e.html,20180503182129
https://web.archive.org/web/20180503182129/https://www.elmundo.es/papel/historias/2018/04/26/5ae0a5a622601daf6d8b4652.html,20180503182129
https://web.archive.org/web/20180503182129/https://www.elmundo.es/espana/2018/02/26/5a93fe73468aebcc468b458d.html,20180503182129
https://web.archive.org/web/20180503182129/https://www.elmundo.es/baleares/2018/02/16/5a86fb3e468aeb336e8b45f0.html,20180503182129
https://web.archive.org/web/20180503182129/https://www.elmundo.es/sociedad/2017/09/05/59aec40022601d052f8b4574.html,20180503182129
https://web.archive.org/web/20180504212228/https://www.elmundo.es/espana/2018/04/26/5ae1bfdcca4741e63d8b456e.html,20180504212228
https://web.archive.org/web/20180504212228/https://www.elmundo.es/papel/historias/2018/04/26/5ae0a5a622601daf6d8b4652.html,20180504212228
https://web.archive.org/web/20180504212228/https://www.elmundo.es/espana/2018/02/26/5a93fe73468aebcc468b458d.html,20180504212228
https://web.archive.org/web/20180504212228/https://www.elmundo.es/sociedad/2017/09/05/59aec40022601d052f8b4574.html,20180504212228
https://web.archive.org/web/20180505210333/https://www.elmundo.es/espana/2018/04/26/5ae1bfdcca4741e63d8b456e.html,20180505210333
https://web.archive.org/web/20180505210333/https://www.elmundo.es/papel/historias/2018/04/26/5ae0a5a622601daf6d8b4652.html,20180505210333
https://web.archive.org/web/20180505210333/https://www.elmundo.es/espana/2018/02/26/5a93fe73468aebcc468b458d.html,20180505210333
https://web.archive.org/web/20180505210333/https://www.elmundo.es/sociedad/2017/09/05/59aec40022601d052f8b4574.html,20180505210333
https://web.archive.org/web/20180507213942/https://www.elmundo.es/espana/2018/04/26/5ae1bfdcca4741e63d8b456e.html,20180507213942
https://web.archive.org/web/20180507213942/https://www.elmundo.es/papel/historias/2018/04/26/5ae0a5a622601daf6d8b4652.html,20180507213942
https://web.archive.org/web/20180507213942/https://www.elmundo.es/espana/2018/02/26/5a93fe73468aebcc468b458d.html,20180507213942
https://web.archive.org/web/20180507213942/https://www.elmundo.es/sociedad/2017/09/05/59aec40022601d052f8b4574.html,20180507213942
https://web.archive.org/web/20180514030453/https://www.elmundo.es/espana/2018/05/10/5af42928e2704e1b278b45a2.html,20180514030453
https://web.archive.org/web/20180514030453/https://www.elmundo.es/espana/2018/04/26/5ae1bfdcca4741e63d8b456e.html,20180514030453
https://web.archive.org/web/20180514030453/https://www.elmundo.es/papel/historias/2018/04/26/5ae0a5a622601daf6d8b4652.html,20180514030453
https://web.archive.org/web/20180514030453/https://www.elmundo.es/espana/2018/02/26/5a93fe73468aebcc468b458d.html,20180514030453
https://web.archive.org/web/20180519204601/https://www.elmundo.es/espana/2018/05/10/5af42928e2704e1b278b45a2.html,20180519204601
https://web.archive.org/web/20180519204601/https://www.elmundo.es/espana/2018/04/26/5ae1bfdcca4741e63d8b456e.html,20180519204601
https://web.archive.org/web/20180519204601/https://www.elmundo.es/papel/historias/2018/04/26/5ae0a5a622601daf6d8b4652.html,20180519204601
https://web.archive.org/web/20180519204601/https://www.elmundo.es/espana/2018/02/26/5a93fe73468aebcc468b458d.html,20180519204601
https://web.archive.org/web/20180607061521/https://www.elmundo.es/espana/2018/05/10/5af42928e2704e1b278b45a2.html,20180607061521
https://web.archive.org/web/20180607061521/https://www.elmundo.es/espana/2018/04/26/5ae1bfdcca4741e63d8b456e.html,20180607061521
https://web.archive.org/web/20180607061521/https://www.elmundo.es/papel/historias/2018/04/26/5ae0a5a622601daf6d8b4652.html,20180607061521
https://web.archive.org/web/20180609052429/https://www.elmundo.es/espana/2018/05/10/5af42928e2704e1b278b45a2.html,20180609052429
https://web.archive.org/web/20180609052429/https://www.elmundo.es/espana/2018/04/26/5ae1bfdcca4741e63d8b456e.html,20180609052429
https://web.archive.org/web/20180609052429/https://www.elmundo.es/papel/historias/2018/04/26/5ae0a5a622601daf6d8b4652.html,20180609052429
https://web.archive.org/web/20180610061448/https://www.elmundo.es/espana/2018/05/10/5af42928e2704e1b278b45a2.html,20180610061448
https://web.archive.org/web/20180610061448/https://www.elmundo.es/espana/2018/04/26/5ae1bfdcca4741e63d8b456e.html,20180610061448
https://web.archive.org/web/20180610061448/https://www.elmundo.es/papel/historias/2018/04/26/5ae0a5a622601daf6d8b4652.html,20180610061448
https://web.archive.org/web/20180611090416/https://www.elmundo.es/espana/2018/05/10/5af42928e2704e1b278b45a2.html,20180611090416
https://web.archive.org/web/20180611090416/https://www.elmundo.es/espana/2018/04/26/5ae1bfdcca4741e63d8b456e.html,20180611090416
https://web.archive.org/web/20180611090416/https://www.elmundo.es/papel/historias/2018/04/26/5ae0a5a622601daf6d8b4652.html,20180611090416
https://web.archive.org/web/20180614115722/https://www.elmundo.es/espana/2018/05/10/5af42928e2704e1b278b45a2.html,20180614115722
https://web.archive.org/web/20180614115722/https://www.elmundo.es/espana/2018/04/26/5ae1bfdcca4741e63d8b456e.html,20180614115722
https://web.archive.org/web/20180614115722/https://www.elmundo.es/papel/historias/2018/04/26/5ae0a5a622601daf6d8b4652.html,20180614115722
https://web.archive.org/web/20180618183932/https://www.elmundo.es/espana/2018/06/15/5b237eb5e2704e022b8b47e4.html,20180618183932
https://web.archive.org/web/20180618183932/https://www.elmundo.es/espana/2018/05/10/5af42928e2704e1b278b45a2.html,20180618183932
https://web.archive.org/web/20180618183932/https://www.elmundo.es/espana/2018/04/26/5ae1bfdcca4741e63d8b456e.html,20180618183932
https://web.archive.org/web/20180618183932/https://www.elmundo.es/papel/historias/2018/04/26/5ae0a5a622601daf6d8b4652.html,20180618183932
https://web.archive.org/web/20180619142754/https://www.elmundo.es/espana/2018/06/15/5b237eb5e2704e022b8b47e4.html,20180619142754
https://web.archive.org/web/20180619142754/https://www.elmundo.es/espana/2018/05/10/5af42928e2704e1b278b45a2.html,20180619142754
https://web.archive.org/web/20180619142754/https://www.elmundo.es/espana/2018/04/26/5ae1bfdcca4741e63d8b456e.html,20180619142754
https://web.archive.org/web/20180619142754/https://www.elmundo.es/papel/historias/2018/04/26/5ae0a5a622601daf6d8b4652.html,20180619142754
https://web.archive.org/web/20180626134234/https://www.elmundo.es/espana/2018/06/15/5b237eb5e2704e022b8b47e4.html,20180626134234
https://web.archive.org/web/20180626134234/https://www.elmundo.es/espana/2018/05/10/5af42928e2704e1b278b45a2.html,20180626134234
https://web.archive.org/web/20180626134234/https://www.elmundo.es/espana/2018/04/26/5ae1bfdcca4741e63d8b456e.html,20180626134234
https://web.archive.org/web/20180626134234/https://www.elmundo.es/papel/historias/2018/04/26/5ae0a5a622601daf6d8b4652.html,20180626134234
https://web.archive.org/web/20180626134234/https://www.elmundo.es/sociedad/2017/09/05/59aec40022601d052f8b4574.html,20180626134234
https://web.archive.org/web/20180703162726/https://www.elmundo.es/espana/2018/06/15/5b237eb5e2704e022b8b47e4.html,20180703162726
https://web.archive.org/web/20180703162726/https://www.elmundo.es/espana/2018/05/10/5af42928e2704e1b278b45a2.html,20180703162726
https://web.archive.org/web/20180703162726/https://www.elmundo.es/espana/2018/04/26/5ae1bfdcca4741e63d8b456e.html,20180703162726
https://web.archive.org/web/20180703162726/https://www.elmundo.es/papel/historias/2018/04/26/5ae0a5a622601daf6d8b4652.html,20180703162726
https://web.archive.org/web/20180718064109/https://www.elmundo.es/espana/2018/06/15/5b237eb5e2704e022b8b47e4.html,20180718064109
https://web.archive.org/web/20180718064109/https://www.elmundo.es/espana/2018/05/10/5af42928e2704e1b278b45a2.html,20180718064109
https://web.archive.org/web/20180718064109/https://www.elmundo.es/espana/2018/04/26/5ae1bfdcca4741e63d8b456e.html,20180718064109
https://web.archive.org/web/20180718064109/https://www.elmundo.es/papel/historias/2018/04/26/5ae0a5a622601daf6d8b4652.html,20180718064109
https://web.archive.org/web/20180721202838/https://www.elmundo.es/espana/2018/06/15/5b237eb5e2704e022b8b47e4.html,20180721202838
https://web.archive.org/web/20180721202838/https://www.elmundo.es/espana/2018/05/10/5af42928e2704e1b278b45a2.html,20180721202838
https://web.archive.org/web/20180721202838/https://www.elmundo.es/espana/2018/04/26/5ae1bfdcca4741e63d8b456e.html,20180721202838
https://web.archive.org/web/20180721202838/https://www.elmundo.es/papel/historias/2018/04/26/5ae0a5a622601daf6d8b4652.html,20180721202838
https://web.archive.org/web/20180724113825/https://www.elmundo.es/espana/2018/06/15/5b237eb5e2704e022b8b47e4.html,20180724113825
https://web.archive.org/web/20180724113825/https://www.elmundo.es/espana/2018/05/10/5af42928e2704e1b278b45a2.html,20180724113825
https://web.archive.org/web/20180724113825/https://www.elmundo.es/espana/2018/04/26/5ae1bfdcca4741e63d8b456e.html,20180724113825
https://web.archive.org/web/20180724113825/https://www.elmundo.es/papel/historias/2018/04/26/5ae0a5a622601daf6d8b4652.html,20180724113825
https://web.archive.org/web/20180726124811/https://www.elmundo.es/espana/2018/06/15/5b237eb5e2704e022b8b47e4.html,20180726124811
https://web.archive.org/web/20180726124811/https://www.elmundo.es/espana/2018/05/10/5af42928e2704e1b278b45a2.html,20180726124811
https://web.archive.org/web/20180726124811/https://www.elmundo.es/espana/2018/04/26/5ae1bfdcca4741e63d8b456e.html,20180726124811
https://web.archive.org/web/20180726124811/https://www.elmundo.es/papel/historias/2018/04/26/5ae0a5a622601daf6d8b4652.html,20180726124811
https://web.archive.org/web/20180727131142/https://www.elmundo.es/espana/2018/06/15/5b237eb5e2704e022b8b47e4.html,20180727131142
https://web.archive.org/web/20180727131142/https://www.elmundo.es/espana/2018/05/10/5af42928e2704e1b278b45a2.html,20180727131142
https://web.archive.org/web/20180727131142/https://www.elmundo.es/espana/2018/04/26/5ae1bfdcca4741e63d8b456e.html,20180727131142
https://web.archive.org/web/20180727131142/https://www.elmundo.es/papel/historias/2018/04/26/5ae0a5a622601daf6d8b4652.html,20180727131142
https://web.archive.org/web/20180804161925/https://www.elmundo.es/espana/2018/06/15/5b237eb5e2704e022b8b47e4.html,20180804161925
https://web.archive.org/web/20180804161925/https://www.elmundo.es/espana/2018/05/10/5af42928e2704e1b278b45a2.html,20180804161925
https://web.archive.org/web/20180804161925/https://www.elmundo.es/espana/2018/04/26/5ae1bfdcca4741e63d8b456e.html,20180804161925
https://web.archive.org/web/20180804161925/https://www.elmundo.es/papel/historias/2018/04/26/5ae0a5a622601daf6d8b4652.html,20180804161925
https://web.archive.org/web/20180805211446/https://www.elmundo.es/espana/2018/06/15/5b237eb5e2704e022b8b47e4.html,20180805211446
https://web.archive.org/web/20180805211446/https://www.elmundo.es/espana/2018/05/10/5af42928e2704e1b278b45a2.html,20180805211446
https://web.archive.org/web/20180805211446/https://www.elmundo.es/espana/2018/04/26/5ae1bfdcca4741e63d8b456e.html,20180805211446
https://web.archive.org/web/20180805211446/https://www.elmundo.es/papel/historias/2018/04/26/5ae0a5a622601daf6d8b4652.html,20180805211446
https://web.archive.org/web/20180806214540/https://www.elmundo.es/espana/2018/06/15/5b237eb5e2704e022b8b47e4.html,20180806214540
https://web.archive.org/web/20180806214540/https://www.elmundo.es/espana/2018/05/10/5af42928e2704e1b278b45a2.html,20180806214540
https://web.archive.org/web/20180806214540/https://www.elmundo.es/espana/2018/04/26/5ae1bfdcca4741e63d8b456e.html,20180806214540
https://web.archive.org/web/20180806214540/https://www.elmundo.es/papel/historias/2018/04/26/5ae0a5a622601daf6d8b4652.html,20180806214540
https://web.archive.org/web/20180807225644/https://www.elmundo.es/espana/2018/06/15/5b237eb5e2704e022b8b47e4.html,20180807225644
https://web.archive.org/web/20180807225644/https://www.elmundo.es/espana/2018/05/10/5af42928e2704e1b278b45a2.html,20180807225644
https://web.archive.org/web/20180807225644/https://www.elmundo.es/espana/2018/04/26/5ae1bfdcca4741e63d8b456e.html,20180807225644
https://web.archive.org/web/20180807225644/https://www.elmundo.es/papel/historias/2018/04/26/5ae0a5a622601daf6d8b4652.html,20180807225644
https://web.archive.org/web/20180808232003/https://www.elmundo.es/espana/2018/06/15/5b237eb5e2704e022b8b47e4.html,20180808232003
https://web.archive.org/web/20180808232003/https://www.elmundo.es/espana/2018/05/10/5af42928e2704e1b278b45a2.html,20180808232003
https://web.archive.org/web/20180808232003/https://www.elmundo.es/espana/2018/04/26/5ae1bfdcca4741e63d8b456e.html,20180808232003
https://web.archive.org/web/20180808232003/https://www.elmundo.es/papel/historias/2018/04/26/5ae0a5a622601daf6d8b4652.html,20180808232003
https://web.archive.org/web/20180809211446/https://www.elmundo.es/espana/2018/06/15/5b237eb5e2704e022b8b47e4.html,20180809211446
https://web.archive.org/web/20180809211446/https://www.elmundo.es/espana/2018/05/10/5af42928e2704e1b278b45a2.html,20180809211446
https://web.archive.org/web/20180809211446/https://www.elmundo.es/espana/2018/04/26/5ae1bfdcca4741e63d8b456e.html,20180809211446
https://web.archive.org/web/20180809211446/https://www.elmundo.es/papel/historias/2018/04/26/5ae0a5a622601daf6d8b4652.html,20180809211446
https://web.archive.org/web/20180829111612/https://www.elmundo.es/espana/2018/06/15/5b237eb5e2704e022b8b47e4.html,20180829111612
https://web.archive.org/web/20180902140744/https://www.elmundo.es/espana/2018/06/15/5b237eb5e2704e022b8b47e4.html,20180902140744
https://web.archive.org/web/20180907195916/https://www.elmundo.es/espana/2018/06/15/5b237eb5e2704e022b8b47e4.html,20180907195916
https://web.archive.org/web/20180910012735/https://www.elmundo.es/espana/2018/06/15/5b237eb5e2704e022b8b47e4.html,20180910012735
https://web.archive.org/web/20180921081855/https://www.elmundo.es/album/comunidad-valenciana/castellon/2018/09/11/5b9811a322601d541c8b45cd.html,20180921081855
https://web.archive.org/web/20180921081855/https://www.elmundo.es/espana/2018/06/15/5b237eb5e2704e022b8b47e4.html,20180921081855
https://web.archive.org/web/20180922090411/https://www.elmundo.es/album/comunidad-valenciana/castellon/2018/09/11/5b9811a322601d541c8b45cd.html,20180922090411
https://web.archive.org/web/20180922090411/https://www.elmundo.es/espana/2018/06/15/5b237eb5e2704e022b8b47e4.html,20180922090411
https://web.archive.org/web/20180923064526/https://www.elmundo.es/album/comunidad-valenciana/castellon/2018/09/11/5b9811a322601d541c8b45cd.html,20180923064526
https://web.archive.org/web/20180924084309/https://www.elmundo.es/album/comunidad-valenciana/castellon/2018/09/11/5b9811a322601d541c8b45cd.html,20180924084309
https://web.archive.org/web/20180925074011/https://www.elmundo.es/album/comunidad-valenciana/castellon/2018/09/11/5b9811a322601d541c8b45cd.html,20180925074011
https://web.archive.org/web/20180926102204/https://www.elmundo.es/album/comunidad-valenciana/castellon/2018/09/11/5b9811a322601d541c8b45cd.html,20180926102204
https://web.archive.org/web/20180927080649/https://www.elmundo.es/album/comunidad-valenciana/castellon/2018/09/11/5b9811a322601d541c8b45cd.html,20180927080649
https://web.archive.org/web/20180928114502/https://www.elmundo.es/album/comunidad-valenciana/castellon/2018/09/11/5b9811a322601d541c8b45cd.html,20180928114502
https://web.archive.org/web/20180929123925/https://www.elmundo.es/opinion/2018/09/29/5bae600a268e3ebb188b45c9.html,20180929123925
https://web.archive.org/web/20180929123925/https://www.elmundo.es/album/comunidad-valenciana/castellon/2018/09/11/5b9811a322601d541c8b45cd.html,20180929123925
https://web.archive.org/web/20180930120040/https://www.elmundo.es/opinion/2018/09/29/5bae600a268e3ebb188b45c9.html,20180930120040
https://web.archive.org/web/20180930120040/https://www.elmundo.es/album/comunidad-valenciana/castellon/2018/09/11/5b9811a322601d541c8b45cd.html,20180930120040
https://web.archive.org/web/20181001123335/https://www.elmundo.es/opinion/2018/09/29/5bae600a268e3ebb188b45c9.html,20181001123335
https://web.archive.org/web/20181001123335/https://www.elmundo.es/album/comunidad-valenciana/castellon/2018/09/11/5b9811a322601d541c8b45cd.html,20181001123335
https://web.archive.org/web/20181002110224/https://www.elmundo.es/opinion/2018/09/29/5bae600a268e3ebb188b45c9.html,20181002110224
https://web.archive.org/web/20181002110224/https://www.elmundo.es/album/comunidad-valenciana/castellon/2018/09/11/5b9811a322601d541c8b45cd.html,20181002110224
https://web.archive.org/web/20181003153326/https://www.elmundo.es/opinion/2018/09/29/5bae600a268e3ebb188b45c9.html,20181003153326
https://web.archive.org/web/20181003153326/https://www.elmundo.es/album/comunidad-valenciana/castellon/2018/09/11/5b9811a322601d541c8b45cd.html,20181003153326
https://web.archive.org/web/20181004125956/https://www.elmundo.es/opinion/2018/09/29/5bae600a268e3ebb188b45c9.html,20181004125956
https://web.archive.org/web/20181004125956/https://www.elmundo.es/album/comunidad-valenciana/castellon/2018/09/11/5b9811a322601d541c8b45cd.html,20181004125956
https://web.archive.org/web/20181005130022/https://www.elmundo.es/opinion/2018/09/29/5bae600a268e3ebb188b45c9.html,20181005130022
https://web.archive.org/web/20181005130022/https://www.elmundo.es/album/comunidad-valenciana/castellon/2018/09/11/5b9811a322601d541c8b45cd.html,20181005130022
https://web.archive.org/web/20181005130022/https://www.elmundo.es/sociedad/2017/09/05/59aec40022601d052f8b4574.html,20181005130022
https://web.archive.org/web/20181010174242/https://www.elmundo.es/opinion/2018/09/29/5bae600a268e3ebb188b45c9.html,20181010174242
https://web.archive.org/web/20181010174242/https://www.elmundo.es/album/comunidad-valenciana/castellon/2018/09/11/5b9811a322601d541c8b45cd.html,20181010174242
https://web.archive.org/web/20181020031001/https://www.elmundo.es/opinion/2018/09/29/5bae600a268e3ebb188b45c9.html,20181020031001
https://web.archive.org/web/20181020031001/https://www.elmundo.es/album/comunidad-valenciana/castellon/2018/09/11/5b9811a322601d541c8b45cd.html,20181020031001
https://web.archive.org/web/20181024070204/https://www.elmundo.es/comunidad-valenciana/alicante/2018/10/24/5bd01310e5fdeae2518b4588.html,20181024070204
https://web.archive.org/web/20181024070204/https://www.elmundo.es/opinion/2018/09/29/5bae600a268e3ebb188b45c9.html,20181024070204
https://web.archive.org/web/20181024070204/https://www.elmundo.es/album/comunidad-valenciana/castellon/2018/09/11/5b9811a322601d541c8b45cd.html,20181024070204
https://web.archive.org/web/20181025041735/https://www.elmundo.es/andalucia/2018/10/24/5bd089d4ca47418c758b459c.html,20181025041735
https://web.archive.org/web/20181025041735/https://www.elmundo.es/comunidad-valenciana/alicante/2018/10/24/5bd01310e5fdeae2518b4588.html,20181025041735
https://web.archive.org/web/20181025041735/https://www.elmundo.es/opinion/2018/09/29/5bae600a268e3ebb188b45c9.html,20181025041735
https://web.archive.org/web/20181025041735/https://www.elmundo.es/album/comunidad-valenciana/castellon/2018/09/11/5b9811a322601d541c8b45cd.html,20181025041735
https://web.archive.org/web/20181026050142/https://www.elmundo.es/andalucia/2018/10/24/5bd089d4ca47418c758b459c.html,20181026050142
https://web.archive.org/web/20181026050142/https://www.elmundo.es/comunidad-valenciana/alicante/2018/10/24/5bd01310e5fdeae2518b4588.html,20181026050142
https://web.archive.org/web/20181026050142/https://www.elmundo.es/opinion/2018/09/29/5bae600a268e3ebb188b45c9.html,20181026050142
https://web.archive.org/web/20181026050142/https://www.elmundo.es/album/comunidad-valenciana/castellon/2018/09/11/5b9811a322601d541c8b45cd.html,20181026050142
https://web.archive.org/web/20181105181749/https://www.elmundo.es/andalucia/2018/10/24/5bd089d4ca47418c758b459c.html,20181105181749
https://web.archive.org/web/20181105181749/https://www.elmundo.es/comunidad-valenciana/alicante/2018/10/24/5bd01310e5fdeae2518b4588.html,20181105181749
https://web.archive.org/web/20181105181749/https://www.elmundo.es/opinion/2018/09/29/5bae600a268e3ebb188b45c9.html,20181105181749
https://web.archive.org/web/20181105181749/https://www.elmundo.es/album/comunidad-valenciana/castellon/2018/09/11/5b9811a322601d541c8b45cd.html,20181105181749
https://web.archive.org/web/20181114151840/https://www.elmundo.es/andalucia/2018/10/24/5bd089d4ca47418c758b459c.html,20181114151840
https://web.archive.org/web/20181114151840/https://www.elmundo.es/comunidad-valenciana/alicante/2018/10/24/5bd01310e5fdeae2518b4588.html,20181114151840
https://web.archive.org/web/20181114151840/https://www.elmundo.es/opinion/2018/09/29/5bae600a268e3ebb188b45c9.html,20181114151840
https://web.archive.org/web/20181114151840/https://www.elmundo.es/album/comunidad-valenciana/castellon/2018/09/11/5b9811a322601d541c8b45cd.html,20181114151840
https://web.archive.org/web/20181114151840/https://www.elmundo.es/sociedad/2017/09/05/59aec40022601d052f8b4574.html,20181114151840
https://web.archive.org/web/20181120091233/https://www.elmundo.es/andalucia/2018/10/24/5bd089d4ca47418c758b459c.html,20181120105005
https://web.archive.org/web/20181120091233/https://www.elmundo.es/comunidad-valenciana/alicante/2018/10/24/5bd01310e5fdeae2518b4588.html,20181120105005
https://web.archive.org/web/20181120091233/https://www.elmundo.es/opinion/2018/09/29/5bae600a268e3ebb188b45c9.html,20181120105005
https://web.archive.org/web/20181120091233/https://www.elmundo.es/album/comunidad-valenciana/castellon/2018/09/11/5b9811a322601d541c8b45cd.html,20181120105005
https://web.archive.org/web/20181121105004/https://www.elmundo.es/andalucia/2018/10/24/5bd089d4ca47418c758b459c.html,20181121105004
https://web.archive.org/web/20181121105004/https://www.elmundo.es/comunidad-valenciana/alicante/2018/10/24/5bd01310e5fdeae2518b4588.html,20181121105004
https://web.archive.org/web/20181121105004/https://www.elmundo.es/opinion/2018/09/29/5bae600a268e3ebb188b45c9.html,20181121105004
https://web.archive.org/web/20181121105004/https://www.elmundo.es/album/comunidad-valenciana/castellon/2018/09/11/5b9811a322601d541c8b45cd.html,20181121105004
https://web.archive.org/web/20181122142437/https://www.elmundo.es/andalucia/2018/10/24/5bd089d4ca47418c758b459c.html,20181122142437
https://web.archive.org/web/20181122142437/https://www.elmundo.es/comunidad-valenciana/alicante/2018/10/24/5bd01310e5fdeae2518b4588.html,20181122142437
https://web.archive.org/web/20181122142437/https://www.elmundo.es/opinion/2018/09/29/5bae600a268e3ebb188b45c9.html,20181122142437
https://web.archive.org/web/20181122142437/https://www.elmundo.es/album/comunidad-valenciana/castellon/2018/09/11/5b9811a322601d541c8b45cd.html,20181122142437
https://web.archive.org/web/20181123114159/https://www.elmundo.es/andalucia/2018/10/24/5bd089d4ca47418c758b459c.html,20181123114159
https://web.archive.org/web/20181123114159/https://www.elmundo.es/comunidad-valenciana/alicante/2018/10/24/5bd01310e5fdeae2518b4588.html,20181123114159
https://web.archive.org/web/20181123114159/https://www.elmundo.es/opinion/2018/09/29/5bae600a268e3ebb188b45c9.html,20181123114159
https://web.archive.org/web/20181123114159/https://www.elmundo.es/album/comunidad-valenciana/castellon/2018/09/11/5b9811a322601d541c8b45cd.html,20181123114159
https://web.archive.org/web/20181124131423/https://www.elmundo.es/andalucia/2018/10/24/5bd089d4ca47418c758b459c.html,20181124131423
https://web.archive.org/web/20181124131423/https://www.elmundo.es/comunidad-valenciana/alicante/2018/10/24/5bd01310e5fdeae2518b4588.html,20181124131423
https://web.archive.org/web/20181124131423/https://www.elmundo.es/opinion/2018/09/29/5bae600a268e3ebb188b45c9.html,20181124131423
https://web.archive.org/web/20181124131423/https://www.elmundo.es/album/comunidad-valenciana/castellon/2018/09/11/5b9811a322601d541c8b45cd.html,20181124131423
https://web.archive.org/web/20181125120544/https://www.elmundo.es/album/espana/2018/11/25/5bfa877eca4741b5378b4575.html,20181125120544
https://web.archive.org/web/20181125120544/https://www.elmundo.es/andalucia/2018/10/24/5bd089d4ca47418c758b459c.html,20181125120544
https://web.archive.org/web/20181125120544/https://www.elmundo.es/comunidad-valenciana/alicante/2018/10/24/5bd01310e5fdeae2518b4588.html,20181125120544
https://web.archive.org/web/20181125120544/https://www.elmundo.es/opinion/2018/09/29/5bae600a268e3ebb188b45c9.html,20181125120544
https://web.archive.org/web/20181125120544/https://www.elmundo.es/album/comunidad-valenciana/castellon/2018/09/11/5b9811a322601d541c8b45cd.html,20181125120544
https://web.archive.org/web/20181125120544/https://www.elmundo.es/sociedad/2017/09/05/59aec40022601d052f8b4574.html,20181125120544
https://web.archive.org/web/20181126133242/https://www.elmundo.es/album/espana/2018/11/25/5bfa877eca4741b5378b4575.html,20181126160725
https://web.archive.org/web/20181126133242/https://www.elmundo.es/loc/celebrities/2018/11/25/5bf8001f468aeb236e8b467a.html,20181126160725
https://web.archive.org/web/20181126133242/https://www.elmundo.es/andalucia/2018/10/24/5bd089d4ca47418c758b459c.html,20181126160725
https://web.archive.org/web/20181126133242/https://www.elmundo.es/comunidad-valenciana/alicante/2018/10/24/5bd01310e5fdeae2518b4588.html,20181126160725
https://web.archive.org/web/20181126133242/https://www.elmundo.es/opinion/2018/09/29/5bae600a268e3ebb188b45c9.html,20181126160725
https://web.archive.org/web/20181126133242/https://www.elmundo.es/album/comunidad-valenciana/castellon/2018/09/11/5b9811a322601d541c8b45cd.html,20181126160725
https://web.archive.org/web/20181126133242/https://www.elmundo.es/sociedad/2017/09/05/59aec40022601d052f8b4574.html,20181126160725
https://web.archive.org/web/20181126133242/https://www.elmundo.es/sociedad/2017/04/20/58f86aee46163f704d8b4577.html,20181126160725
https://web.archive.org/web/20181127172123/https://www.elmundo.es/loc/celebrities/2018/11/25/5bf8001f468aeb236e8b467a.html,20181127213805
https://web.archive.org/web/20181127172123/https://www.elmundo.es/album/espana/2018/11/25/5bfa877eca4741b5378b4575.html,20181127213805
https://web.archive.org/web/20181127172123/https://www.elmundo.es/andalucia/2018/10/24/5bd089d4ca47418c758b459c.html,20181127213805
https://web.archive.org/web/20181127172123/https://www.elmundo.es/comunidad-valenciana/alicante/2018/10/24/5bd01310e5fdeae2518b4588.html,20181127213805
https://web.archive.org/web/20181127172123/https://www.elmundo.es/opinion/2018/09/29/5bae600a268e3ebb188b45c9.html,20181127213805
https://web.archive.org/web/20181127172123/https://www.elmundo.es/album/comunidad-valenciana/castellon/2018/09/11/5b9811a322601d541c8b45cd.html,20181127213805
https://web.archive.org/web/20181127172123/https://www.elmundo.es/sociedad/2017/09/05/59aec40022601d052f8b4574.html,20181127213805
https://web.archive.org/web/20181128172433/https://www.elmundo.es/loc/celebrities/2018/11/25/5bf8001f468aeb236e8b467a.html,20181128220052
https://web.archive.org/web/20181128172433/https://www.elmundo.es/album/espana/2018/11/25/5bfa877eca4741b5378b4575.html,20181128220052
https://web.archive.org/web/20181128172433/https://www.elmundo.es/andalucia/2018/10/24/5bd089d4ca47418c758b459c.html,20181128220052
https://web.archive.org/web/20181128172433/https://www.elmundo.es/comunidad-valenciana/alicante/2018/10/24/5bd01310e5fdeae2518b4588.html,20181128220052
https://web.archive.org/web/20181128172433/https://www.elmundo.es/opinion/2018/09/29/5bae600a268e3ebb188b45c9.html,20181128220052
https://web.archive.org/web/20181128172433/https://www.elmundo.es/album/comunidad-valenciana/castellon/2018/09/11/5b9811a322601d541c8b45cd.html,20181128220052
https://web.archive.org/web/20181128172433/https://www.elmundo.es/sociedad/2017/09/05/59aec40022601d052f8b4574.html,20181128220052
https://web.archive.org/web/20181129191211/https://www.elmundo.es/loc/celebrities/2018/11/25/5bf8001f468aeb236e8b467a.html,20181129225407
https://web.archive.org/web/20181129191211/https://www.elmundo.es/album/espana/2018/11/25/5bfa877eca4741b5378b4575.html,20181129225407
https://web.archive.org/web/20181129191211/https://www.elmundo.es/andalucia/2018/10/24/5bd089d4ca47418c758b459c.html,20181129225407
https://web.archive.org/web/20181129191211/https://www.elmundo.es/comunidad-valenciana/alicante/2018/10/24/5bd01310e5fdeae2518b4588.html,20181129225407
https://web.archive.org/web/20181129191211/https://www.elmundo.es/opinion/2018/09/29/5bae600a268e3ebb188b45c9.html,20181129225407
https://web.archive.org/web/20181129191211/https://www.elmundo.es/album/comunidad-valenciana/castellon/2018/09/11/5b9811a322601d541c8b45cd.html,20181129225407
https://web.archive.org/web/20181129191211/https://www.elmundo.es/sociedad/2017/09/05/59aec40022601d052f8b4574.html,20181129225407
https://web.archive.org/web/20181130190539/https://www.elmundo.es/loc/celebrities/2018/11/25/5bf8001f468aeb236e8b467a.html,20181130190539
https://web.archive.org/web/20181130190539/https://www.elmundo.es/album/espana/2018/11/25/5bfa877eca4741b5378b4575.html,20181130190539
https://web.archive.org/web/20181130190539/https://www.elmundo.es/andalucia/2018/10/24/5bd089d4ca47418c758b459c.html,20181130190539
https://web.archive.org/web/20181130190539/https://www.elmundo.es/comunidad-valenciana/alicante/2018/10/24/5bd01310e5fdeae2518b4588.html,20181130190539
https://web.archive.org/web/20181130190539/https://www.elmundo.es/opinion/2018/09/29/5bae600a268e3ebb188b45c9.html,20181130190539
https://web.archive.org/web/20181130190539/https://www.elmundo.es/album/comunidad-valenciana/castellon/2018/09/11/5b9811a322601d541c8b45cd.html,20181130190539
https://web.archive.org/web/20181130190539/https://www.elmundo.es/sociedad/2017/09/05/59aec40022601d052f8b4574.html,20181130190539
https://web.archive.org/web/20181201164415/https://www.elmundo.es/loc/celebrities/2018/11/25/5bf8001f468aeb236e8b467a.html,20181201164415
https://web.archive.org/web/20181201164415/https://www.elmundo.es/album/espana/2018/11/25/5bfa877eca4741b5378b4575.html,20181201164415
https://web.archive.org/web/20181201164415/https://www.elmundo.es/andalucia/2018/10/24/5bd089d4ca47418c758b459c.html,20181201164415
https://web.archive.org/web/20181201164415/https://www.elmundo.es/comunidad-valenciana/alicante/2018/10/24/5bd01310e5fdeae2518b4588.html,20181201164415
https://web.archive.org/web/20181201164415/https://www.elmundo.es/opinion/2018/09/29/5bae600a268e3ebb188b45c9.html,20181201164415
https://web.archive.org/web/20181201164415/https://www.elmundo.es/album/comunidad-valenciana/castellon/2018/09/11/5b9811a322601d541c8b45cd.html,20181201164415
https://web.archive.org/web/20181201164415/https://www.elmundo.es/sociedad/2017/09/05/59aec40022601d052f8b4574.html,20181201164415
https://web.archive.org/web/20181202231625/https://www.elmundo.es/loc/celebrities/2018/11/25/5bf8001f468aeb236e8b467a.html,20181202231625
https://web.archive.org/web/20181202231625/https://www.elmundo.es/album/espana/2018/11/25/5bfa877eca4741b5378b4575.html,20181202231625
https://web.archive.org/web/20181202231625/https://www.elmundo.es/andalucia/2018/10/24/5bd089d4ca47418c758b459c.html,20181202231625
https://web.archive.org/web/20181202231625/https://www.elmundo.es/comunidad-valenciana/alicante/2018/10/24/5bd01310e5fdeae2518b4588.html,20181202231625
https://web.archive.org/web/20181202231625/https://www.elmundo.es/opinion/2018/09/29/5bae600a268e3ebb188b45c9.html,20181202231625
https://web.archive.org/web/20181202231625/https://www.elmundo.es/album/comunidad-valenciana/castellon/2018/09/11/5b9811a322601d541c8b45cd.html,20181202231625
https://web.archive.org/web/20181202231625/https://www.elmundo.es/sociedad/2017/09/05/59aec40022601d052f8b4574.html,20181202231625
https://web.archive.org/web/20181203201502/https://www.elmundo.es/loc/celebrities/2018/11/25/5bf8001f468aeb236e8b467a.html,20181203201502
https://web.archive.org/web/20181203201502/https://www.elmundo.es/album/espana/2018/11/25/5bfa877eca4741b5378b4575.html,20181203201502
https://web.archive.org/web/20181203201502/https://www.elmundo.es/andalucia/2018/10/24/5bd089d4ca47418c758b459c.html,20181203201502
https://web.archive.org/web/20181203201502/https://www.elmundo.es/comunidad-valenciana/alicante/2018/10/24/5bd01310e5fdeae2518b4588.html,20181203201502
https://web.archive.org/web/20181203201502/https://www.elmundo.es/opinion/2018/09/29/5bae600a268e3ebb188b45c9.html,20181203201502
https://web.archive.org/web/20181203201502/https://www.elmundo.es/album/comunidad-valenciana/castellon/2018/09/11/5b9811a322601d541c8b45cd.html,20181203201502
https://web.archive.org/web/20181203201502/https://www.elmundo.es/sociedad/2017/09/05/59aec40022601d052f8b4574.html,20181203201502
https://web.archive.org/web/20181205080619/https://www.elmundo.es/loc/celebrities/2018/11/25/5bf8001f468aeb236e8b467a.html,20181204141810
https://web.archive.org/web/20181205080619/https://www.elmundo.es/album/espana/2018/11/25/5bfa877eca4741b5378b4575.html,20181204141810
https://web.archive.org/web/20181205080619/https://www.elmundo.es/andalucia/2018/10/24/5bd089d4ca47418c758b459c.html,20181204141810
https://web.archive.org/web/20181205080619/https://www.elmundo.es/comunidad-valenciana/alicante/2018/10/24/5bd01310e5fdeae2518b4588.html,20181204141810
https://web.archive.org/web/20181205080619/https://www.elmundo.es/opinion/2018/09/29/5bae600a268e3ebb188b45c9.html,20181204141810
https://web.archive.org/web/20181205080619/https://www.elmundo.es/album/comunidad-valenciana/castellon/2018/09/11/5b9811a322601d541c8b45cd.html,20181204141810
https://web.archive.org/web/20181205080619/https://www.elmundo.es/sociedad/2017/09/05/59aec40022601d052f8b4574.html,20181204141810
https://web.archive.org/web/20181212054211/https://www.elmundo.es/loc/celebrities/2018/11/25/5bf8001f468aeb236e8b467a.html,20181212054211
https://web.archive.org/web/20181212054211/https://www.elmundo.es/album/espana/2018/11/25/5bfa877eca4741b5378b4575.html,20181212054211
https://web.archive.org/web/20181212054211/https://www.elmundo.es/andalucia/2018/10/24/5bd089d4ca47418c758b459c.html,20181212054211
https://web.archive.org/web/20181212054211/https://www.elmundo.es/comunidad-valenciana/alicante/2018/10/24/5bd01310e5fdeae2518b4588.html,20181212054211
https://web.archive.org/web/20181212054211/https://www.elmundo.es/opinion/2018/09/29/5bae600a268e3ebb188b45c9.html,20181212054211
https://web.archive.org/web/20181212054211/https://www.elmundo.es/sociedad/2017/09/05/59aec40022601d052f8b4574.html,20181212054211
https://web.archive.org/web/20181221070409/https://www.elmundo.es/loc/celebrities/2018/11/25/5bf8001f468aeb236e8b467a.html,20181221070409
https://web.archive.org/web/20181221070409/https://www.elmundo.es/album/espana/2018/11/25/5bfa877eca4741b5378b4575.html,20181221070409
https://web.archive.org/web/20181221070409/https://www.elmundo.es/andalucia/2018/10/24/5bd089d4ca47418c758b459c.html,20181221070409
https://web.archive.org/web/20181221070409/https://www.elmundo.es/comunidad-valenciana/alicante/2018/10/24/5bd01310e5fdeae2518b4588.html,20181221070409
https://web.archive.org/web/20181221070409/https://www.elmundo.es/opinion/2018/09/29/5bae600a268e3ebb188b45c9.html,20181221070409
https://web.archive.org/web/20181221070409/https://www.elmundo.es/sociedad/2017/09/05/59aec40022601d052f8b4574.html,20181221070409
https://web.archive.org/web/20181222161817/https://www.elmundo.es/loc/celebrities/2018/11/25/5bf8001f468aeb236e8b467a.html,20181222161817
https://web.archive.org/web/20181222161817/https://www.elmundo.es/album/espana/2018/11/25/5bfa877eca4741b5378b4575.html,20181222161817
https://web.archive.org/web/20181222161817/https://www.elmundo.es/andalucia/2018/10/24/5bd089d4ca47418c758b459c.html,20181222161817
https://web.archive.org/web/20181222161817/https://www.elmundo.es/comunidad-valenciana/alicante/2018/10/24/5bd01310e5fdeae2518b4588.html,20181222161817
https://web.archive.org/web/20181222161817/https://www.elmundo.es/opinion/2018/09/29/5bae600a268e3ebb188b45c9.html,20181222161817
https://web.archive.org/web/20181222161817/https://www.elmundo.es/sociedad/2017/09/05/59aec40022601d052f8b4574.html,20181222161817
https://web.archive.org/web/20190101162720/https://www.elmundo.es/loc/celebrities/2018/11/25/5bf8001f468aeb236e8b467a.html,20190101162720
https://web.archive.org/web/20190101162720/https://www.elmundo.es/album/espana/2018/11/25/5bfa877eca4741b5378b4575.html,20190101162720
https://web.archive.org/web/20190101162720/https://www.elmundo.es/andalucia/2018/10/24/5bd089d4ca47418c758b459c.html,20190101162720
https://web.archive.org/web/20190101162720/https://www.elmundo.es/comunidad-valenciana/alicante/2018/10/24/5bd01310e5fdeae2518b4588.html,20190101162720
https://web.archive.org/web/20190101162720/https://www.elmundo.es/opinion/2018/09/29/5bae600a268e3ebb188b45c9.html,20190101162720
https://web.archive.org/web/20190101162720/https://www.elmundo.es/sociedad/2017/09/05/59aec40022601d052f8b4574.html,20190101162720
https://web.archive.org/web/20190102151051/https://www.elmundo.es/loc/celebrities/2018/11/25/5bf8001f468aeb236e8b467a.html,20190102151051
https://web.archive.org/web/20190102151051/https://www.elmundo.es/album/espana/2018/11/25/5bfa877eca4741b5378b4575.html,20190102151051
https://web.archive.org/web/20190102151051/https://www.elmundo.es/andalucia/2018/10/24/5bd089d4ca47418c758b459c.html,20190102151051
https://web.archive.org/web/20190102151051/https://www.elmundo.es/comunidad-valenciana/alicante/2018/10/24/5bd01310e5fdeae2518b4588.html,20190102151051
https://web.archive.org/web/20190102151051/https://www.elmundo.es/sociedad/2017/09/05/59aec40022601d052f8b4574.html,20190102151051
https://web.archive.org/web/20190104072036/https://www.elmundo.es/pais-vasco/2019/01/02/5c2cf08621efa01c638b4609.html,20190104072036
https://web.archive.org/web/20190104072036/https://www.elmundo.es/loc/celebrities/2018/11/25/5bf8001f468aeb236e8b467a.html,20190104072036
https://web.archive.org/web/20190104072036/https://www.elmundo.es/album/espana/2018/11/25/5bfa877eca4741b5378b4575.html,20190104072036
https://web.archive.org/web/20190104072036/https://www.elmundo.es/andalucia/2018/10/24/5bd089d4ca47418c758b459c.html,20190104072036
https://web.archive.org/web/20190104072036/https://www.elmundo.es/comunidad-valenciana/alicante/2018/10/24/5bd01310e5fdeae2518b4588.html,20190104072036
https://web.archive.org/web/20190104072036/https://www.elmundo.es/sociedad/2017/09/05/59aec40022601d052f8b4574.html,20190104072036
https://web.archive.org/web/20190105100036/https://www.elmundo.es/pais-vasco/2019/01/02/5c2cf08621efa01c638b4609.html,20190105100036
https://web.archive.org/web/20190105100036/https://www.elmundo.es/loc/celebrities/2018/11/25/5bf8001f468aeb236e8b467a.html,20190105100036
https://web.archive.org/web/20190105100036/https://www.elmundo.es/album/espana/2018/11/25/5bfa877eca4741b5378b4575.html,20190105100036
https://web.archive.org/web/20190105100036/https://www.elmundo.es/andalucia/2018/10/24/5bd089d4ca47418c758b459c.html,20190105100036
https://web.archive.org/web/20190105100036/https://www.elmundo.es/comunidad-valenciana/alicante/2018/10/24/5bd01310e5fdeae2518b4588.html,20190105100036
https://web.archive.org/web/20190105100036/https://www.elmundo.es/sociedad/2017/09/05/59aec40022601d052f8b4574.html,20190105100036
https://web.archive.org/web/20190106111156/https://www.elmundo.es/pais-vasco/2019/01/02/5c2cf08621efa01c638b4609.html,20190106111156
https://web.archive.org/web/20190106111156/https://www.elmundo.es/loc/celebrities/2018/11/25/5bf8001f468aeb236e8b467a.html,20190106111156
https://web.archive.org/web/20190106111156/https://www.elmundo.es/album/espana/2018/11/25/5bfa877eca4741b5378b4575.html,20190106111156
https://web.archive.org/web/20190106111156/https://www.elmundo.es/andalucia/2018/10/24/5bd089d4ca47418c758b459c.html,20190106111156
https://web.archive.org/web/20190106111156/https://www.elmundo.es/comunidad-valenciana/alicante/2018/10/24/5bd01310e5fdeae2518b4588.html,20190106111156
https://web.archive.org/web/20190106111156/https://www.elmundo.es/sociedad/2017/09/05/59aec40022601d052f8b4574.html,20190106111156
https://web.archive.org/web/20190107123235/https://www.elmundo.es/pais-vasco/2019/01/02/5c2cf08621efa01c638b4609.html,20190107123235
https://web.archive.org/web/20190107123235/https://www.elmundo.es/loc/celebrities/2018/11/25/5bf8001f468aeb236e8b467a.html,20190107123235
https://web.archive.org/web/20190107123235/https://www.elmundo.es/album/espana/2018/11/25/5bfa877eca4741b5378b4575.html,20190107123235
https://web.archive.org/web/20190107123235/https://www.elmundo.es/andalucia/2018/10/24/5bd089d4ca47418c758b459c.html,20190107123235
https://web.archive.org/web/20190107123235/https://www.elmundo.es/comunidad-valenciana/alicante/2018/10/24/5bd01310e5fdeae2518b4588.html,20190107123235
https://web.archive.org/web/20190107123235/https://www.elmundo.es/sociedad/2017/09/05/59aec40022601d052f8b4574.html,20190107123235
https://web.archive.org/web/20190109132010/https://www.elmundo.es/pais-vasco/2019/01/02/5c2cf08621efa01c638b4609.html,20190109132010
https://web.archive.org/web/20190109132010/https://www.elmundo.es/loc/celebrities/2018/11/25/5bf8001f468aeb236e8b467a.html,20190109132010
https://web.archive.org/web/20190109132010/https://www.elmundo.es/album/espana/2018/11/25/5bfa877eca4741b5378b4575.html,20190109132010
https://web.archive.org/web/20190109132010/https://www.elmundo.es/andalucia/2018/10/24/5bd089d4ca47418c758b459c.html,20190109132010
https://web.archive.org/web/20190109132010/https://www.elmundo.es/comunidad-valenciana/alicante/2018/10/24/5bd01310e5fdeae2518b4588.html,20190109132010
https://web.archive.org/web/20190109132010/https://www.elmundo.es/sociedad/2017/09/05/59aec40022601d052f8b4574.html,20190109132010
https://web.archive.org/web/20190111082820/https://www.elmundo.es/pais-vasco/2019/01/02/5c2cf08621efa01c638b4609.html,20190111082820
https://web.archive.org/web/20190111082820/https://www.elmundo.es/loc/celebrities/2018/11/25/5bf8001f468aeb236e8b467a.html,20190111082820
https://web.archive.org/web/20190111082820/https://www.elmundo.es/album/espana/2018/11/25/5bfa877eca4741b5378b4575.html,20190111082820
https://web.archive.org/web/20190111082820/https://www.elmundo.es/andalucia/2018/10/24/5bd089d4ca47418c758b459c.html,20190111082820
https://web.archive.org/web/20190111082820/https://www.elmundo.es/comunidad-valenciana/alicante/2018/10/24/5bd01310e5fdeae2518b4588.html,20190111082820
https://web.archive.org/web/20190111082820/https://www.elmundo.es/sociedad/2017/09/05/59aec40022601d052f8b4574.html,20190111082820
https://web.archive.org/web/20190112103538/https://www.elmundo.es/pais-vasco/2019/01/02/5c2cf08621efa01c638b4609.html,20190112103538
https://web.archive.org/web/20190112103538/https://www.elmundo.es/loc/celebrities/2018/11/25/5bf8001f468aeb236e8b467a.html,20190112103538
https://web.archive.org/web/20190112103538/https://www.elmundo.es/album/espana/2018/11/25/5bfa877eca4741b5378b4575.html,20190112103538
https://web.archive.org/web/20190112103538/https://www.elmundo.es/sociedad/2017/09/05/59aec40022601d052f8b4574.html,20190112103538
https://web.archive.org/web/20190115113150/https://www.elmundo.es/pais-vasco/2019/01/02/5c2cf08621efa01c638b4609.html,20190115141601
https://web.archive.org/web/20190115113150/https://www.elmundo.es/loc/celebrities/2018/11/25/5bf8001f468aeb236e8b467a.html,20190115141601
https://web.archive.org/web/20190115113150/https://www.elmundo.es/album/espana/2018/11/25/5bfa877eca4741b5378b4575.html,20190115141601
https://web.archive.org/web/20190115113150/https://www.elmundo.es/sociedad/2017/09/05/59aec40022601d052f8b4574.html,20190115141601
https://web.archive.org/web/20190118160702/https://www.elmundo.es/pais-vasco/2019/01/02/5c2cf08621efa01c638b4609.html,20190118160702
https://web.archive.org/web/20190118160702/https://www.elmundo.es/loc/celebrities/2018/11/25/5bf8001f468aeb236e8b467a.html,20190118160702
https://web.archive.org/web/20190118160702/https://www.elmundo.es/album/espana/2018/11/25/5bfa877eca4741b5378b4575.html,20190118160702
https://web.archive.org/web/20190118160702/https://www.elmundo.es/sociedad/2017/09/05/59aec40022601d052f8b4574.html,20190118160702
https://web.archive.org/web/20190119171732/https://www.elmundo.es/pais-vasco/2019/01/02/5c2cf08621efa01c638b4609.html,20190119171732
https://web.archive.org/web/20190119171732/https://www.elmundo.es/loc/celebrities/2018/11/25/5bf8001f468aeb236e8b467a.html,20190119171732
https://web.archive.org/web/20190119171732/https://www.elmundo.es/album/espana/2018/11/25/5bfa877eca4741b5378b4575.html,20190119171732
https://web.archive.org/web/20190119171732/https://www.elmundo.es/sociedad/2017/09/05/59aec40022601d052f8b4574.html,20190119171732
https://web.archive.org/web/20190120161249/https://www.elmundo.es/pais-vasco/2019/01/02/5c2cf08621efa01c638b4609.html,20190120161249
https://web.archive.org/web/20190120161249/https://www.elmundo.es/loc/celebrities/2018/11/25/5bf8001f468aeb236e8b467a.html,20190120161249
https://web.archive.org/web/20190120161249/https://www.elmundo.es/album/espana/2018/11/25/5bfa877eca4741b5378b4575.html,20190120161249
https://web.archive.org/web/20190120161249/https://www.elmundo.es/sociedad/2017/09/05/59aec40022601d052f8b4574.html,20190120161249
https://web.archive.org/web/20190121184558/https://www.elmundo.es/pais-vasco/2019/01/02/5c2cf08621efa01c638b4609.html,20190121184558
https://web.archive.org/web/20190121184558/https://www.elmundo.es/loc/celebrities/2018/11/25/5bf8001f468aeb236e8b467a.html,20190121184558
https://web.archive.org/web/20190121184558/https://www.elmundo.es/album/espana/2018/11/25/5bfa877eca4741b5378b4575.html,20190121184558
https://web.archive.org/web/20190121184558/https://www.elmundo.es/sociedad/2017/09/05/59aec40022601d052f8b4574.html,20190121184558
https://web.archive.org/web/20190125014229/https://www.elmundo.es/pais-vasco/2019/01/02/5c2cf08621efa01c638b4609.html,20190125014229
https://web.archive.org/web/20190125014229/https://www.elmundo.es/loc/celebrities/2018/11/25/5bf8001f468aeb236e8b467a.html,20190125014229
https://web.archive.org/web/20190125014229/https://www.elmundo.es/album/espana/2018/11/25/5bfa877eca4741b5378b4575.html,20190125014229
https://web.archive.org/web/20190125014229/https://www.elmundo.es/sociedad/2017/09/05/59aec40022601d052f8b4574.html,20190125014229
https://web.archive.org/web/20190128224812/https://www.elmundo.es/pais-vasco/2019/01/02/5c2cf08621efa01c638b4609.html,20190128224812
https://web.archive.org/web/20190128224812/https://www.elmundo.es/loc/celebrities/2018/11/25/5bf8001f468aeb236e8b467a.html,20190128224812
https://web.archive.org/web/20190128224812/https://www.elmundo.es/album/espana/2018/11/25/5bfa877eca4741b5378b4575.html,20190128224812
https://web.archive.org/web/20190128224812/https://www.elmundo.es/sociedad/2017/09/05/59aec40022601d052f8b4574.html,20190128224812
https://web.archive.org/web/20190128224812/https://www.elmundo.es/sociedad/2016/05/22/5740b16ae2704e181e8b45a5.html,20190128224812
https://web.archive.org/web/20190201024141/https://www.elmundo.es/pais-vasco/2019/01/02/5c2cf08621efa01c638b4609.html,20190201024141
https://web.archive.org/web/20190201024141/https://www.elmundo.es/loc/celebrities/2018/11/25/5bf8001f468aeb236e8b467a.html,20190201024141
https://web.archive.org/web/20190201024141/https://www.elmundo.es/album/espana/2018/11/25/5bfa877eca4741b5378b4575.html,20190201024141
https://web.archive.org/web/20190201024141/https://www.elmundo.es/sociedad/2017/09/05/59aec40022601d052f8b4574.html,20190201024141
https://web.archive.org/web/20190202041052/https://www.elmundo.es/pais-vasco/2019/01/02/5c2cf08621efa01c638b4609.html,20190202041052
https://web.archive.org/web/20190202041052/https://www.elmundo.es/loc/celebrities/2018/11/25/5bf8001f468aeb236e8b467a.html,20190202041052
https://web.archive.org/web/20190202041052/https://www.elmundo.es/album/espana/2018/11/25/5bfa877eca4741b5378b4575.html,20190202041052
https://web.archive.org/web/20190202041052/https://www.elmundo.es/sociedad/2017/09/05/59aec40022601d052f8b4574.html,20190202041052
https://web.archive.org/web/20190204021637/https://www.elmundo.es/pais-vasco/2019/01/02/5c2cf08621efa01c638b4609.html,20190204021637
https://web.archive.org/web/20190204021637/https://www.elmundo.es/loc/celebrities/2018/11/25/5bf8001f468aeb236e8b467a.html,20190204021637
https://web.archive.org/web/20190204021637/https://www.elmundo.es/album/espana/2018/11/25/5bfa877eca4741b5378b4575.html,20190204021637
https://web.archive.org/web/20190204021637/https://www.elmundo.es/sociedad/2017/09/05/59aec40022601d052f8b4574.html,20190204021637
https://web.archive.org/web/20190209051322/https://www.elmundo.es/pais-vasco/2019/01/02/5c2cf08621efa01c638b4609.html,20190209051322
https://web.archive.org/web/20190209051322/https://www.elmundo.es/loc/celebrities/2018/11/25/5bf8001f468aeb236e8b467a.html,20190209051322
https://web.archive.org/web/20190209051322/https://www.elmundo.es/album/espana/2018/11/25/5bfa877eca4741b5378b4575.html,20190209051322
https://web.archive.org/web/20190209051322/https://www.elmundo.es/sociedad/2017/09/05/59aec40022601d052f8b4574.html,20190209051322
https://web.archive.org/web/20190210133450/https://www.elmundo.es/pais-vasco/2019/01/02/5c2cf08621efa01c638b4609.html,20190210133450
https://web.archive.org/web/20190210133450/https://www.elmundo.es/loc/celebrities/2018/11/25/5bf8001f468aeb236e8b467a.html,20190210133450
https://web.archive.org/web/20190210133450/https://www.elmundo.es/album/espana/2018/11/25/5bfa877eca4741b5378b4575.html,20190210133450
https://web.archive.org/web/20190211142538/https://www.elmundo.es/pais-vasco/2019/01/02/5c2cf08621efa01c638b4609.html,20190211142538
https://web.archive.org/web/20190211142538/https://www.elmundo.es/loc/celebrities/2018/11/25/5bf8001f468aeb236e8b467a.html,20190211142538
https://web.archive.org/web/20190211142538/https://www.elmundo.es/album/espana/2018/11/25/5bfa877eca4741b5378b4575.html,20190211142538
https://web.archive.org/web/20190211142538/https://www.elmundo.es/sociedad/2017/09/05/59aec40022601d052f8b4574.html,20190211142538
https://web.archive.org/web/20190213081631/https://www.elmundo.es/pais-vasco/2019/01/02/5c2cf08621efa01c638b4609.html,20190213081631
https://web.archive.org/web/20190213081631/https://www.elmundo.es/loc/celebrities/2018/11/25/5bf8001f468aeb236e8b467a.html,20190213081631
https://web.archive.org/web/20190213081631/https://www.elmundo.es/album/espana/2018/11/25/5bfa877eca4741b5378b4575.html,20190213081631
https://web.archive.org/web/20190215070244/https://www.elmundo.es/pais-vasco/2019/01/02/5c2cf08621efa01c638b4609.html,20190215070244
https://web.archive.org/web/20190215070244/https://www.elmundo.es/loc/celebrities/2018/11/25/5bf8001f468aeb236e8b467a.html,20190215070244
https://web.archive.org/web/20190215070244/https://www.elmundo.es/album/espana/2018/11/25/5bfa877eca4741b5378b4575.html,20190215070244
https://web.archive.org/web/20190215070244/https://www.elmundo.es/sociedad/2017/09/05/59aec40022601d052f8b4574.html,20190215070244
https://web.archive.org/web/20190216081304/https://www.elmundo.es/pais-vasco/2019/01/02/5c2cf08621efa01c638b4609.html,20190216081304
https://web.archive.org/web/20190216081304/https://www.elmundo.es/loc/celebrities/2018/11/25/5bf8001f468aeb236e8b467a.html,20190216081304
https://web.archive.org/web/20190216081304/https://www.elmundo.es/album/espana/2018/11/25/5bfa877eca4741b5378b4575.html,20190216081304
https://web.archive.org/web/20190216081304/https://www.elmundo.es/sociedad/2017/09/05/59aec40022601d052f8b4574.html,20190216081304
https://web.archive.org/web/20190218070915/https://www.elmundo.es/pais-vasco/2019/01/02/5c2cf08621efa01c638b4609.html,20190218070915
https://web.archive.org/web/20190218070915/https://www.elmundo.es/loc/celebrities/2018/11/25/5bf8001f468aeb236e8b467a.html,20190218070915
https://web.archive.org/web/20190220124601/https://www.elmundo.es/pais-vasco/2019/01/02/5c2cf08621efa01c638b4609.html,20190220124601
https://web.archive.org/web/20190220124601/https://www.elmundo.es/loc/celebrities/2018/11/25/5bf8001f468aeb236e8b467a.html,20190220124601
https://web.archive.org/web/20190220124601/https://www.elmundo.es/sociedad/2017/09/05/59aec40022601d052f8b4574.html,20190220124601
https://web.archive.org/web/20190224155801/https://www.elmundo.es/pais-vasco/2019/01/02/5c2cf08621efa01c638b4609.html,20190224155801
https://web.archive.org/web/20190225144742/https://www.elmundo.es/pais-vasco/2019/01/02/5c2cf08621efa01c638b4609.html,20190225144742
https://web.archive.org/web/20190228191307/https://www.elmundo.es/pais-vasco/2019/01/02/5c2cf08621efa01c638b4609.html,20190228191307
https://web.archive.org/web/20190307211828/https://www.elmundo.es/pais-vasco/2019/01/02/5c2cf08621efa01c638b4609.html,20190307211828
https://web.archive.org/web/20190307211828/https://www.elmundo.es/sociedad/2017/09/05/59aec40022601d052f8b4574.html,20190307211828
https://web.archive.org/web/20190405101119/https://www.elmundo.es/pais-vasco/2019/03/08/5c82663f21efa070338b4684.html,20190405101119
https://web.archive.org/web/20190405101119/https://www.elmundo.es/nosotras/2019/03/08/5c81588dfc6c83ae458b4659.html,20190405101119
https://web.archive.org/web/20190406095927/https://www.elmundo.es/pais-vasco/2019/03/08/5c82663f21efa070338b4684.html,20190406095927
https://web.archive.org/web/20190406095927/https://www.elmundo.es/nosotras/2019/03/08/5c81588dfc6c83ae458b4659.html,20190406095927
https://web.archive.org/web/20190407141635/https://www.elmundo.es/pais-vasco/2019/03/08/5c82663f21efa070338b4684.html,20190407141635
https://web.archive.org/web/20190407141635/https://www.elmundo.es/nosotras/2019/03/08/5c81588dfc6c83ae458b4659.html,20190407141635
https://web.archive.org/web/20190408153155/https://www.elmundo.es/pais-vasco/2019/03/08/5c82663f21efa070338b4684.html,20190408153155
https://web.archive.org/web/20190408153155/https://www.elmundo.es/nosotras/2019/03/08/5c81588dfc6c83ae458b4659.html,20190408153155
https://web.archive.org/web/20190410131022/https://www.elmundo.es/pais-vasco/2019/03/08/5c82663f21efa070338b4684.html,20190410131022
https://web.archive.org/web/20190410131022/https://www.elmundo.es/nosotras/2019/03/08/5c81588dfc6c83ae458b4659.html,20190410131022
https://web.archive.org/web/20190411175447/https://www.elmundo.es/pais-vasco/2019/03/08/5c82663f21efa070338b4684.html,20190411175447
https://web.archive.org/web/20190411175447/https://www.elmundo.es/nosotras/2019/03/08/5c81588dfc6c83ae458b4659.html,20190411175447
https://web.archive.org/web/20190412165050/https://www.elmundo.es/pais-vasco/2019/03/08/5c82663f21efa070338b4684.html,20190412165050
https://web.archive.org/web/20190412165050/https://www.elmundo.es/nosotras/2019/03/08/5c81588dfc6c83ae458b4659.html,20190412165050
https://web.archive.org/web/20190429033147/https://www.elmundo.es/andalucia/2019/04/28/5cc5f0e3fdddff4f798b469a.html,20190429033147
https://web.archive.org/web/20190429033147/https://www.elmundo.es/pais-vasco/2019/03/08/5c82663f21efa070338b4684.html,20190429033147
https://web.archive.org/web/20190429033147/https://www.elmundo.es/nosotras/2019/03/08/5c81588dfc6c83ae458b4659.html,20190429033147
https://web.archive.org/web/20190508114414/https://www.elmundo.es/andalucia/2019/04/28/5cc5f0e3fdddff4f798b469a.html,20190508114414
https://web.archive.org/web/20190508114414/https://www.elmundo.es/pais-vasco/2019/03/08/5c82663f21efa070338b4684.html,20190508114414
https://web.archive.org/web/20190508114414/https://www.elmundo.es/nosotras/2019/03/08/5c81588dfc6c83ae458b4659.html,20190508114414
https://web.archive.org/web/20190510143401/https://www.elmundo.es/andalucia/2019/04/28/5cc5f0e3fdddff4f798b469a.html,20190510143401
https://web.archive.org/web/20190510143401/https://www.elmundo.es/pais-vasco/2019/03/08/5c82663f21efa070338b4684.html,20190510143401
https://web.archive.org/web/20190510143401/https://www.elmundo.es/nosotras/2019/03/08/5c81588dfc6c83ae458b4659.html,20190510143401
https://web.archive.org/web/20190511150047/https://www.elmundo.es/andalucia/2019/04/28/5cc5f0e3fdddff4f798b469a.html,20190511150047
https://web.archive.org/web/20190511150047/https://www.elmundo.es/pais-vasco/2019/03/08/5c82663f21efa070338b4684.html,20190511150047
https://web.archive.org/web/20190511150047/https://www.elmundo.es/nosotras/2019/03/08/5c81588dfc6c83ae458b4659.html,20190511150047
https://web.archive.org/web/20190512165025/https://www.elmundo.es/andalucia/2019/04/28/5cc5f0e3fdddff4f798b469a.html,20190512165025
https://web.archive.org/web/20190512165025/https://www.elmundo.es/pais-vasco/2019/03/08/5c82663f21efa070338b4684.html,20190512165025
https://web.archive.org/web/20190512165025/https://www.elmundo.es/nosotras/2019/03/08/5c81588dfc6c83ae458b4659.html,20190512165025
https://web.archive.org/web/20190513152006/https://www.elmundo.es/andalucia/2019/04/28/5cc5f0e3fdddff4f798b469a.html,20190513152006
https://web.archive.org/web/20190513152006/https://www.elmundo.es/pais-vasco/2019/03/08/5c82663f21efa070338b4684.html,20190513152006
https://web.archive.org/web/20190513152006/https://www.elmundo.es/nosotras/2019/03/08/5c81588dfc6c83ae458b4659.html,20190513152006
https://web.archive.org/web/20190519204751/https://www.elmundo.es/andalucia/2019/04/28/5cc5f0e3fdddff4f798b469a.html,20190519204751
https://web.archive.org/web/20190519204751/https://www.elmundo.es/pais-vasco/2019/03/08/5c82663f21efa070338b4684.html,20190519204751
https://web.archive.org/web/20190519204751/https://www.elmundo.es/nosotras/2019/03/08/5c81588dfc6c83ae458b4659.html,20190519204751
https://web.archive.org/web/20190601044856/https://www.elmundo.es/pais-vasco/2019/05/28/5ced0a7cfc6c83881c8b45f8.html,20190601044856
https://web.archive.org/web/20190601044856/https://www.elmundo.es/espana/2019/05/28/5cecfc5b21efa04c488b466d.html,20190601044856
https://web.archive.org/web/20190601044856/https://www.elmundo.es/opinion/2019/05/24/5ce6e4bb21efa0065c8b45c8.html,20190601044856
https://web.archive.org/web/20190601044856/https://www.elmundo.es/andalucia/2019/04/28/5cc5f0e3fdddff4f798b469a.html,20190601044856
https://web.archive.org/web/20190601044856/https://www.elmundo.es/pais-vasco/2019/03/08/5c82663f21efa070338b4684.html,20190601044856
https://web.archive.org/web/20190601044856/https://www.elmundo.es/nosotras/2019/03/08/5c81588dfc6c83ae458b4659.html,20190601044856
https://web.archive.org/web/20190602083903/https://www.elmundo.es/pais-vasco/2019/05/28/5ced0a7cfc6c83881c8b45f8.html,20190602083903
https://web.archive.org/web/20190602083903/https://www.elmundo.es/espana/2019/05/28/5cecfc5b21efa04c488b466d.html,20190602083903
https://web.archive.org/web/20190602083903/https://www.elmundo.es/opinion/2019/05/24/5ce6e4bb21efa0065c8b45c8.html,20190602083903
https://web.archive.org/web/20190602083903/https://www.elmundo.es/andalucia/2019/04/28/5cc5f0e3fdddff4f798b469a.html,20190602083903
https://web.archive.org/web/20190602083903/https://www.elmundo.es/pais-vasco/2019/03/08/5c82663f21efa070338b4684.html,20190602083903
https://web.archive.org/web/20190602083903/https://www.elmundo.es/nosotras/2019/03/08/5c81588dfc6c83ae458b4659.html,20190602083903
https://web.archive.org/web/20190612123120/https://www.elmundo.es/pais-vasco/2019/05/28/5ced0a7cfc6c83881c8b45f8.html,20190612123120
https://web.archive.org/web/20190612123120/https://www.elmundo.es/espana/2019/05/28/5cecfc5b21efa04c488b466d.html,20190612123120
https://web.archive.org/web/20190612123120/https://www.elmundo.es/opinion/2019/05/24/5ce6e4bb21efa0065c8b45c8.html,20190612123120
https://web.archive.org/web/20190612123120/https://www.elmundo.es/andalucia/2019/04/28/5cc5f0e3fdddff4f798b469a.html,20190612123120
https://web.archive.org/web/20190612123120/https://www.elmundo.es/pais-vasco/2019/03/08/5c82663f21efa070338b4684.html,20190612123120
https://web.archive.org/web/20190612123120/https://www.elmundo.es/nosotras/2019/03/08/5c81588dfc6c83ae458b4659.html,20190612123120
https://web.archive.org/web/20190613144832/https://www.elmundo.es/pais-vasco/2019/05/28/5ced0a7cfc6c83881c8b45f8.html,20190613144832
https://web.archive.org/web/20190613144832/https://www.elmundo.es/espana/2019/05/28/5cecfc5b21efa04c488b466d.html,20190613144832
https://web.archive.org/web/20190613144832/https://www.elmundo.es/opinion/2019/05/24/5ce6e4bb21efa0065c8b45c8.html,20190613144832
https://web.archive.org/web/20190613144832/https://www.elmundo.es/andalucia/2019/04/28/5cc5f0e3fdddff4f798b469a.html,20190613144832
https://web.archive.org/web/20190613144832/https://www.elmundo.es/pais-vasco/2019/03/08/5c82663f21efa070338b4684.html,20190613144832
https://web.archive.org/web/20190615160113/https://www.elmundo.es/pais-vasco/2019/05/28/5ced0a7cfc6c83881c8b45f8.html,20190615160113
https://web.archive.org/web/20190615160113/https://www.elmundo.es/espana/2019/05/28/5cecfc5b21efa04c488b466d.html,20190615160113
https://web.archive.org/web/20190615160113/https://www.elmundo.es/opinion/2019/05/24/5ce6e4bb21efa0065c8b45c8.html,20190615160113
https://web.archive.org/web/20190615160113/https://www.elmundo.es/andalucia/2019/04/28/5cc5f0e3fdddff4f798b469a.html,20190615160113
https://web.archive.org/web/20190615160113/https://www.elmundo.es/pais-vasco/2019/03/08/5c82663f21efa070338b4684.html,20190615160113
https://web.archive.org/web/20190618165142/https://www.elmundo.es/pais-vasco/2019/05/28/5ced0a7cfc6c83881c8b45f8.html,20190618165142
https://web.archive.org/web/20190618165142/https://www.elmundo.es/espana/2019/05/28/5cecfc5b21efa04c488b466d.html,20190618165142
https://web.archive.org/web/20190618165142/https://www.elmundo.es/opinion/2019/05/24/5ce6e4bb21efa0065c8b45c8.html,20190618165142
https://web.archive.org/web/20190618165142/https://www.elmundo.es/andalucia/2019/04/28/5cc5f0e3fdddff4f798b469a.html,20190618165142
https://web.archive.org/web/20190618165142/https://www.elmundo.es/pais-vasco/2019/03/08/5c82663f21efa070338b4684.html,20190618165142
https://web.archive.org/web/20190620190109/https://www.elmundo.es/pais-vasco/2019/05/28/5ced0a7cfc6c83881c8b45f8.html,20190620190109
https://web.archive.org/web/20190620190109/https://www.elmundo.es/espana/2019/05/28/5cecfc5b21efa04c488b466d.html,20190620190109
https://web.archive.org/web/20190620190109/https://www.elmundo.es/opinion/2019/05/24/5ce6e4bb21efa0065c8b45c8.html,20190620190109
https://web.archive.org/web/20190620190109/https://www.elmundo.es/andalucia/2019/04/28/5cc5f0e3fdddff4f798b469a.html,20190620190109
https://web.archive.org/web/20190620190109/https://www.elmundo.es/pais-vasco/2019/03/08/5c82663f21efa070338b4684.html,20190620190109
https://web.archive.org/web/20190621222916/https://www.elmundo.es/pais-vasco/2019/05/28/5ced0a7cfc6c83881c8b45f8.html,20190621222916
https://web.archive.org/web/20190621222916/https://www.elmundo.es/espana/2019/05/28/5cecfc5b21efa04c488b466d.html,20190621222916
https://web.archive.org/web/20190621222916/https://www.elmundo.es/opinion/2019/05/24/5ce6e4bb21efa0065c8b45c8.html,20190621222916
https://web.archive.org/web/20190621222916/https://www.elmundo.es/andalucia/2019/04/28/5cc5f0e3fdddff4f798b469a.html,20190621222916
https://web.archive.org/web/20190621222916/https://www.elmundo.es/pais-vasco/2019/03/08/5c82663f21efa070338b4684.html,20190621222916
https://web.archive.org/web/20190623204344/https://www.elmundo.es/pais-vasco/2019/05/28/5ced0a7cfc6c83881c8b45f8.html,20190623204344
https://web.archive.org/web/20190623204344/https://www.elmundo.es/espana/2019/05/28/5cecfc5b21efa04c488b466d.html,20190623204344
https://web.archive.org/web/20190623204344/https://www.elmundo.es/opinion/2019/05/24/5ce6e4bb21efa0065c8b45c8.html,20190623204344
https://web.archive.org/web/20190623204344/https://www.elmundo.es/andalucia/2019/04/28/5cc5f0e3fdddff4f798b469a.html,20190623204344
https://web.archive.org/web/20190623204344/https://www.elmundo.es/pais-vasco/2019/03/08/5c82663f21efa070338b4684.html,20190623204344
https://web.archive.org/web/20190624210827/https://www.elmundo.es/pais-vasco/2019/05/28/5ced0a7cfc6c83881c8b45f8.html,20190624210827
https://web.archive.org/web/20190624210827/https://www.elmundo.es/espana/2019/05/28/5cecfc5b21efa04c488b466d.html,20190624210827
https://web.archive.org/web/20190624210827/https://www.elmundo.es/opinion/2019/05/24/5ce6e4bb21efa0065c8b45c8.html,20190624210827
https://web.archive.org/web/20190624210827/https://www.elmundo.es/andalucia/2019/04/28/5cc5f0e3fdddff4f798b469a.html,20190624210827
https://web.archive.org/web/20190630073954/https://www.elmundo.es/pais-vasco/2019/05/28/5ced0a7cfc6c83881c8b45f8.html,20190630073954
https://web.archive.org/web/20190630073954/https://www.elmundo.es/espana/2019/05/28/5cecfc5b21efa04c488b466d.html,20190630073954
https://web.archive.org/web/20190630073954/https://www.elmundo.es/opinion/2019/05/24/5ce6e4bb21efa0065c8b45c8.html,20190630073954
https://web.archive.org/web/20190630073954/https://www.elmundo.es/andalucia/2019/04/28/5cc5f0e3fdddff4f798b469a.html,20190630073954
https://web.archive.org/web/20190701035855/https://www.elmundo.es/pais-vasco/2019/05/28/5ced0a7cfc6c83881c8b45f8.html,20190701035855
https://web.archive.org/web/20190701035855/https://www.elmundo.es/espana/2019/05/28/5cecfc5b21efa04c488b466d.html,20190701035855
https://web.archive.org/web/20190701035855/https://www.elmundo.es/opinion/2019/05/24/5ce6e4bb21efa0065c8b45c8.html,20190701035855
https://web.archive.org/web/20190701035855/https://www.elmundo.es/andalucia/2019/04/28/5cc5f0e3fdddff4f798b469a.html,20190701035855
https://web.archive.org/web/20190702120144/https://www.elmundo.es/pais-vasco/2019/05/28/5ced0a7cfc6c83881c8b45f8.html,20190702120144
https://web.archive.org/web/20190702120144/https://www.elmundo.es/espana/2019/05/28/5cecfc5b21efa04c488b466d.html,20190702120144
https://web.archive.org/web/20190702120144/https://www.elmundo.es/opinion/2019/05/24/5ce6e4bb21efa0065c8b45c8.html,20190702120144
https://web.archive.org/web/20190702120144/https://www.elmundo.es/andalucia/2019/04/28/5cc5f0e3fdddff4f798b469a.html,20190702120144
https://web.archive.org/web/20190704113603/https://www.elmundo.es/pais-vasco/2019/05/28/5ced0a7cfc6c83881c8b45f8.html,20190704113603
https://web.archive.org/web/20190704113603/https://www.elmundo.es/espana/2019/05/28/5cecfc5b21efa04c488b466d.html,20190704113603
https://web.archive.org/web/20190704113603/https://www.elmundo.es/opinion/2019/05/24/5ce6e4bb21efa0065c8b45c8.html,20190704113603
https://web.archive.org/web/20190704113603/https://www.elmundo.es/andalucia/2019/04/28/5cc5f0e3fdddff4f798b469a.html,20190704113603
https://web.archive.org/web/20190706110602/https://www.elmundo.es/pais-vasco/2019/05/28/5ced0a7cfc6c83881c8b45f8.html,20190706110602
https://web.archive.org/web/20190706110602/https://www.elmundo.es/espana/2019/05/28/5cecfc5b21efa04c488b466d.html,20190706110602
https://web.archive.org/web/20190706110602/https://www.elmundo.es/opinion/2019/05/24/5ce6e4bb21efa0065c8b45c8.html,20190706110602
https://web.archive.org/web/20190706110602/https://www.elmundo.es/andalucia/2019/04/28/5cc5f0e3fdddff4f798b469a.html,20190706110602
https://web.archive.org/web/20190707075814/https://www.elmundo.es/pais-vasco/2019/05/28/5ced0a7cfc6c83881c8b45f8.html,20190707075814
https://web.archive.org/web/20190707075814/https://www.elmundo.es/espana/2019/05/28/5cecfc5b21efa04c488b466d.html,20190707075814
https://web.archive.org/web/20190707075814/https://www.elmundo.es/opinion/2019/05/24/5ce6e4bb21efa0065c8b45c8.html,20190707075814
https://web.archive.org/web/20190707075814/https://www.elmundo.es/andalucia/2019/04/28/5cc5f0e3fdddff4f798b469a.html,20190707075814
https://web.archive.org/web/20190708155946/https://www.elmundo.es/pais-vasco/2019/05/28/5ced0a7cfc6c83881c8b45f8.html,20190708155946
https://web.archive.org/web/20190708155946/https://www.elmundo.es/espana/2019/05/28/5cecfc5b21efa04c488b466d.html,20190708155946
https://web.archive.org/web/20190708155946/https://www.elmundo.es/opinion/2019/05/24/5ce6e4bb21efa0065c8b45c8.html,20190708155946
https://web.archive.org/web/20190708155946/https://www.elmundo.es/andalucia/2019/04/28/5cc5f0e3fdddff4f798b469a.html,20190708155946
https://web.archive.org/web/20190709171149/https://www.elmundo.es/pais-vasco/2019/05/28/5ced0a7cfc6c83881c8b45f8.html,20190709171149
https://web.archive.org/web/20190709171149/https://www.elmundo.es/espana/2019/05/28/5cecfc5b21efa04c488b466d.html,20190709171149
https://web.archive.org/web/20190709171149/https://www.elmundo.es/opinion/2019/05/24/5ce6e4bb21efa0065c8b45c8.html,20190709171149
https://web.archive.org/web/20190709171149/https://www.elmundo.es/andalucia/2019/04/28/5cc5f0e3fdddff4f798b469a.html,20190709171149
https://web.archive.org/web/20190710172036/https://www.elmundo.es/pais-vasco/2019/05/28/5ced0a7cfc6c83881c8b45f8.html,20190710172036
https://web.archive.org/web/20190710172036/https://www.elmundo.es/espana/2019/05/28/5cecfc5b21efa04c488b466d.html,20190710172036
https://web.archive.org/web/20190710172036/https://www.elmundo.es/opinion/2019/05/24/5ce6e4bb21efa0065c8b45c8.html,20190710172036
https://web.archive.org/web/20190710172036/https://www.elmundo.es/andalucia/2019/04/28/5cc5f0e3fdddff4f798b469a.html,20190710172036
https://web.archive.org/web/20190711164540/https://www.elmundo.es/pais-vasco/2019/05/28/5ced0a7cfc6c83881c8b45f8.html,20190711164540
https://web.archive.org/web/20190711164540/https://www.elmundo.es/espana/2019/05/28/5cecfc5b21efa04c488b466d.html,20190711164540
https://web.archive.org/web/20190711164540/https://www.elmundo.es/opinion/2019/05/24/5ce6e4bb21efa0065c8b45c8.html,20190711164540
https://web.archive.org/web/20190711164540/https://www.elmundo.es/andalucia/2019/04/28/5cc5f0e3fdddff4f798b469a.html,20190711164540
https://web.archive.org/web/20190804092047/https://www.elmundo.es/comunidad-valenciana/alicante/2019/07/27/5d3b3e3c21efa08c548b45ba.html,20190804092047
https://web.archive.org/web/20190804092047/https://www.elmundo.es/andalucia/2019/07/18/5d30ac12fdddff49b48b4858.html,20190804092047
https://web.archive.org/web/20190804092047/https://www.elmundo.es/pais-vasco/2019/05/28/5ced0a7cfc6c83881c8b45f8.html,20190804092047
https://web.archive.org/web/20190804092047/https://www.elmundo.es/espana/2019/05/28/5cecfc5b21efa04c488b466d.html,20190804092047
https://web.archive.org/web/20190804092047/https://www.elmundo.es/opinion/2019/05/24/5ce6e4bb21efa0065c8b45c8.html,20190804092047
https://web.archive.org/web/20190805082943/https://www.elmundo.es/comunidad-valenciana/alicante/2019/07/27/5d3b3e3c21efa08c548b45ba.html,20190805082943
https://web.archive.org/web/20190805082943/https://www.elmundo.es/andalucia/2019/07/18/5d30ac12fdddff49b48b4858.html,20190805082943
https://web.archive.org/web/20190805082943/https://www.elmundo.es/pais-vasco/2019/05/28/5ced0a7cfc6c83881c8b45f8.html,20190805082943
https://web.archive.org/web/20190805082943/https://www.elmundo.es/espana/2019/05/28/5cecfc5b21efa04c488b466d.html,20190805082943
https://web.archive.org/web/20190805082943/https://www.elmundo.es/opinion/2019/05/24/5ce6e4bb21efa0065c8b45c8.html,20190805082943
https://web.archive.org/web/20190810121545/https://www.elmundo.es/opinion/2019/08/09/5d4c4b64fc6c83856c8b4576.html,20190810121545
https://web.archive.org/web/20190810121545/https://www.elmundo.es/comunidad-valenciana/alicante/2019/07/27/5d3b3e3c21efa08c548b45ba.html,20190810121545
https://web.archive.org/web/20190810121545/https://www.elmundo.es/andalucia/2019/07/18/5d30ac12fdddff49b48b4858.html,20190810121545
https://web.archive.org/web/20190810121545/https://www.elmundo.es/pais-vasco/2019/05/28/5ced0a7cfc6c83881c8b45f8.html,20190810121545
https://web.archive.org/web/20190811153734/https://www.elmundo.es/opinion/2019/08/09/5d4c4b64fc6c83856c8b4576.html,20190811153734
https://web.archive.org/web/20190811153734/https://www.elmundo.es/comunidad-valenciana/alicante/2019/07/27/5d3b3e3c21efa08c548b45ba.html,20190811153734
https://web.archive.org/web/20190811153734/https://www.elmundo.es/andalucia/2019/07/18/5d30ac12fdddff49b48b4858.html,20190811153734
https://web.archive.org/web/20190811153734/https://www.elmundo.es/pais-vasco/2019/05/28/5ced0a7cfc6c83881c8b45f8.html,20190811153734
https://web.archive.org/web/20190813161701/https://www.elmundo.es/opinion/2019/08/09/5d4c4b64fc6c83856c8b4576.html,20190813161701
https://web.archive.org/web/20190813161701/https://www.elmundo.es/comunidad-valenciana/alicante/2019/07/27/5d3b3e3c21efa08c548b45ba.html,20190813161701
https://web.archive.org/web/20190813161701/https://www.elmundo.es/andalucia/2019/07/18/5d30ac12fdddff49b48b4858.html,20190813161701
https://web.archive.org/web/20190822231927/https://www.elmundo.es/opinion/2019/08/09/5d4c4b64fc6c83856c8b4576.html,20190822231927
https://web.archive.org/web/20190822231927/https://www.elmundo.es/comunidad-valenciana/alicante/2019/07/27/5d3b3e3c21efa08c548b45ba.html,20190822231927
https://web.archive.org/web/20190822231927/https://www.elmundo.es/andalucia/2019/07/18/5d30ac12fdddff49b48b4858.html,20190822231927
https://web.archive.org/web/20190824003126/https://www.elmundo.es/opinion/2019/08/09/5d4c4b64fc6c83856c8b4576.html,20190824003126
https://web.archive.org/web/20190824003126/https://www.elmundo.es/comunidad-valenciana/alicante/2019/07/27/5d3b3e3c21efa08c548b45ba.html,20190824003126
https://web.archive.org/web/20190824003126/https://www.elmundo.es/andalucia/2019/07/18/5d30ac12fdddff49b48b4858.html,20190824003126
https://web.archive.org/web/20190826041230/https://www.elmundo.es/opinion/2019/08/09/5d4c4b64fc6c83856c8b4576.html,20190826041230
https://web.archive.org/web/20190826041230/https://www.elmundo.es/comunidad-valenciana/alicante/2019/07/27/5d3b3e3c21efa08c548b45ba.html,20190826041230
https://web.archive.org/web/20190826041230/https://www.elmundo.es/andalucia/2019/07/18/5d30ac12fdddff49b48b4858.html,20190826041230
https://web.archive.org/web/20190828044340/https://www.elmundo.es/opinion/2019/08/09/5d4c4b64fc6c83856c8b4576.html,20190828044340
https://web.archive.org/web/20190828044340/https://www.elmundo.es/comunidad-valenciana/alicante/2019/07/27/5d3b3e3c21efa08c548b45ba.html,20190828044340
https://web.archive.org/web/20190828044340/https://www.elmundo.es/andalucia/2019/07/18/5d30ac12fdddff49b48b4858.html,20190828044340
https://web.archive.org/web/20190829052730/https://www.elmundo.es/opinion/2019/08/09/5d4c4b64fc6c83856c8b4576.html,20190829052730
https://web.archive.org/web/20190829052730/https://www.elmundo.es/comunidad-valenciana/alicante/2019/07/27/5d3b3e3c21efa08c548b45ba.html,20190829052730
https://web.archive.org/web/20190829052730/https://www.elmundo.es/andalucia/2019/07/18/5d30ac12fdddff49b48b4858.html,20190829052730
https://web.archive.org/web/20190902065705/https://www.elmundo.es/pais-vasco/2019/08/29/5d67ad5afdddffd97f8b460c.html,20190902065705
https://web.archive.org/web/20190902065705/https://www.elmundo.es/opinion/2019/08/09/5d4c4b64fc6c83856c8b4576.html,20190902065705
https://web.archive.org/web/20190902065705/https://www.elmundo.es/comunidad-valenciana/alicante/2019/07/27/5d3b3e3c21efa08c548b45ba.html,20190902065705
https://web.archive.org/web/20190902065705/https://www.elmundo.es/andalucia/2019/07/18/5d30ac12fdddff49b48b4858.html,20190902065705
https://web.archive.org/web/20190903081926/https://www.elmundo.es/pais-vasco/2019/08/29/5d67ad5afdddffd97f8b460c.html,20190903081926
https://web.archive.org/web/20190903081926/https://www.elmundo.es/opinion/2019/08/09/5d4c4b64fc6c83856c8b4576.html,20190903081926
https://web.archive.org/web/20190903081926/https://www.elmundo.es/comunidad-valenciana/alicante/2019/07/27/5d3b3e3c21efa08c548b45ba.html,20190903081926
https://web.archive.org/web/20190903081926/https://www.elmundo.es/andalucia/2019/07/18/5d30ac12fdddff49b48b4858.html,20190903081926
https://web.archive.org/web/20190904074527/https://www.elmundo.es/pais-vasco/2019/08/29/5d67ad5afdddffd97f8b460c.html,20190904074527
https://web.archive.org/web/20190904074527/https://www.elmundo.es/opinion/2019/08/09/5d4c4b64fc6c83856c8b4576.html,20190904074527
https://web.archive.org/web/20190904074527/https://www.elmundo.es/comunidad-valenciana/alicante/2019/07/27/5d3b3e3c21efa08c548b45ba.html,20190904074527
https://web.archive.org/web/20190904074527/https://www.elmundo.es/andalucia/2019/07/18/5d30ac12fdddff49b48b4858.html,20190904074527
https://web.archive.org/web/20190905104948/https://www.elmundo.es/pais-vasco/2019/08/29/5d67ad5afdddffd97f8b460c.html,20190905104948
https://web.archive.org/web/20190905104948/https://www.elmundo.es/opinion/2019/08/09/5d4c4b64fc6c83856c8b4576.html,20190905104948
https://web.archive.org/web/20190905104948/https://www.elmundo.es/comunidad-valenciana/alicante/2019/07/27/5d3b3e3c21efa08c548b45ba.html,20190905104948
https://web.archive.org/web/20190905104948/https://www.elmundo.es/andalucia/2019/07/18/5d30ac12fdddff49b48b4858.html,20190905104948
https://web.archive.org/web/20190913154651/https://www.elmundo.es/pais-vasco/2019/08/29/5d67ad5afdddffd97f8b460c.html,20190913154651
https://web.archive.org/web/20190913154651/https://www.elmundo.es/opinion/2019/08/09/5d4c4b64fc6c83856c8b4576.html,20190913154651
https://web.archive.org/web/20190913154651/https://www.elmundo.es/comunidad-valenciana/alicante/2019/07/27/5d3b3e3c21efa08c548b45ba.html,20190913154651
https://web.archive.org/web/20190913154651/https://www.elmundo.es/andalucia/2019/07/18/5d30ac12fdddff49b48b4858.html,20190913154651
https://web.archive.org/web/20190914150840/https://www.elmundo.es/pais-vasco/2019/08/29/5d67ad5afdddffd97f8b460c.html,20190914150840
https://web.archive.org/web/20190914150840/https://www.elmundo.es/opinion/2019/08/09/5d4c4b64fc6c83856c8b4576.html,20190914150840
https://web.archive.org/web/20190914150840/https://www.elmundo.es/comunidad-valenciana/alicante/2019/07/27/5d3b3e3c21efa08c548b45ba.html,20190914150840
https://web.archive.org/web/20190914150840/https://www.elmundo.es/andalucia/2019/07/18/5d30ac12fdddff49b48b4858.html,20190914150840
https://web.archive.org/web/20190915115814/https://www.elmundo.es/pais-vasco/2019/08/29/5d67ad5afdddffd97f8b460c.html,20190915115814
https://web.archive.org/web/20190915115814/https://www.elmundo.es/opinion/2019/08/09/5d4c4b64fc6c83856c8b4576.html,20190915115814
https://web.archive.org/web/20190915115814/https://www.elmundo.es/comunidad-valenciana/alicante/2019/07/27/5d3b3e3c21efa08c548b45ba.html,20190915115814
https://web.archive.org/web/20190915115814/https://www.elmundo.es/andalucia/2019/07/18/5d30ac12fdddff49b48b4858.html,20190915115814
https://web.archive.org/web/20190918185323/https://www.elmundo.es/pais-vasco/2019/08/29/5d67ad5afdddffd97f8b460c.html,20190918185323
https://web.archive.org/web/20190918185323/https://www.elmundo.es/opinion/2019/08/09/5d4c4b64fc6c83856c8b4576.html,20190918185323
https://web.archive.org/web/20190918185323/https://www.elmundo.es/comunidad-valenciana/alicante/2019/07/27/5d3b3e3c21efa08c548b45ba.html,20190918185323
https://web.archive.org/web/20190918185323/https://www.elmundo.es/andalucia/2019/07/18/5d30ac12fdddff49b48b4858.html,20190918185323
https://web.archive.org/web/20190919212220/https://www.elmundo.es/pais-vasco/2019/08/29/5d67ad5afdddffd97f8b460c.html,20190919212220
https://web.archive.org/web/20190919212220/https://www.elmundo.es/opinion/2019/08/09/5d4c4b64fc6c83856c8b4576.html,20190919212220
https://web.archive.org/web/20190919212220/https://www.elmundo.es/comunidad-valenciana/alicante/2019/07/27/5d3b3e3c21efa08c548b45ba.html,20190919212220
https://web.archive.org/web/20190919212220/https://www.elmundo.es/andalucia/2019/07/18/5d30ac12fdddff49b48b4858.html,20190919212220
https://web.archive.org/web/20190920200144/https://www.elmundo.es/pais-vasco/2019/08/29/5d67ad5afdddffd97f8b460c.html,20190920200144
https://web.archive.org/web/20190920200144/https://www.elmundo.es/opinion/2019/08/09/5d4c4b64fc6c83856c8b4576.html,20190920200144
https://web.archive.org/web/20190920200144/https://www.elmundo.es/comunidad-valenciana/alicante/2019/07/27/5d3b3e3c21efa08c548b45ba.html,20190920200144
https://web.archive.org/web/20190920200144/https://www.elmundo.es/andalucia/2019/07/18/5d30ac12fdddff49b48b4858.html,20190920200144
https://web.archive.org/web/20190927071446/https://www.elmundo.es/pais-vasco/2019/08/29/5d67ad5afdddffd97f8b460c.html,20190927071446
https://web.archive.org/web/20190927071446/https://www.elmundo.es/opinion/2019/08/09/5d4c4b64fc6c83856c8b4576.html,20190927071446
https://web.archive.org/web/20190927071446/https://www.elmundo.es/comunidad-valenciana/alicante/2019/07/27/5d3b3e3c21efa08c548b45ba.html,20190927071446
https://web.archive.org/web/20190928134227/https://www.elmundo.es/pais-vasco/2019/08/29/5d67ad5afdddffd97f8b460c.html,20190928134227
https://web.archive.org/web/20190928134227/https://www.elmundo.es/opinion/2019/08/09/5d4c4b64fc6c83856c8b4576.html,20190928134227
https://web.archive.org/web/20190928134227/https://www.elmundo.es/comunidad-valenciana/alicante/2019/07/27/5d3b3e3c21efa08c548b45ba.html,20190928134227
https://web.archive.org/web/20191002123332/https://www.elmundo.es/pais-vasco/2019/08/29/5d67ad5afdddffd97f8b460c.html,20191002123332
https://web.archive.org/web/20191002123332/https://www.elmundo.es/opinion/2019/08/09/5d4c4b64fc6c83856c8b4576.html,20191002123332
https://web.archive.org/web/20191002123332/https://www.elmundo.es/comunidad-valenciana/alicante/2019/07/27/5d3b3e3c21efa08c548b45ba.html,20191002123332
https://web.archive.org/web/20191003133756/https://www.elmundo.es/pais-vasco/2019/08/29/5d67ad5afdddffd97f8b460c.html,20191003133756
https://web.archive.org/web/20191003133756/https://www.elmundo.es/opinion/2019/08/09/5d4c4b64fc6c83856c8b4576.html,20191003133756
https://web.archive.org/web/20191004144651/https://www.elmundo.es/pais-vasco/2019/08/29/5d67ad5afdddffd97f8b460c.html,20191004144651
https://web.archive.org/web/20191004144651/https://www.elmundo.es/opinion/2019/08/09/5d4c4b64fc6c83856c8b4576.html,20191004144651
https://web.archive.org/web/20191011210900/https://www.elmundo.es/pais-vasco/2019/08/29/5d67ad5afdddffd97f8b460c.html,20191011210900
https://web.archive.org/web/20191011210900/https://www.elmundo.es/opinion/2019/08/09/5d4c4b64fc6c83856c8b4576.html,20191011210900
https://web.archive.org/web/20191012214316/https://www.elmundo.es/pais-vasco/2019/08/29/5d67ad5afdddffd97f8b460c.html,20191012214316
https://web.archive.org/web/20191012214316/https://www.elmundo.es/opinion/2019/08/09/5d4c4b64fc6c83856c8b4576.html,20191012214316
https://web.archive.org/web/20191015050616/https://www.elmundo.es/pais-vasco/2019/08/29/5d67ad5afdddffd97f8b460c.html,20191015050616
https://web.archive.org/web/20191015050616/https://www.elmundo.es/opinion/2019/08/09/5d4c4b64fc6c83856c8b4576.html,20191015050616
https://web.archive.org/web/20191020074725/https://www.elmundo.es/cataluna/2019/10/17/5da7787f21efa093408b45a9.html,20191020074725
https://web.archive.org/web/20191020074725/https://www.elmundo.es/pais-vasco/2019/08/29/5d67ad5afdddffd97f8b460c.html,20191020074725
https://web.archive.org/web/20191020074725/https://www.elmundo.es/opinion/2019/08/09/5d4c4b64fc6c83856c8b4576.html,20191020074725
https://web.archive.org/web/20191021023335/https://www.elmundo.es/cataluna/2019/10/17/5da7787f21efa093408b45a9.html,20191021023335
https://web.archive.org/web/20191021023335/https://www.elmundo.es/pais-vasco/2019/08/29/5d67ad5afdddffd97f8b460c.html,20191021023335
https://web.archive.org/web/20191021023335/https://www.elmundo.es/opinion/2019/08/09/5d4c4b64fc6c83856c8b4576.html,20191021023335
https://web.archive.org/web/20191022170353/https://www.elmundo.es/cataluna/2019/10/17/5da7787f21efa093408b45a9.html,20191022170353
https://web.archive.org/web/20191022170353/https://www.elmundo.es/pais-vasco/2019/08/29/5d67ad5afdddffd97f8b460c.html,20191022170353
https://web.archive.org/web/20191022170353/https://www.elmundo.es/opinion/2019/08/09/5d4c4b64fc6c83856c8b4576.html,20191022170353
https://web.archive.org/web/20191023140525/https://www.elmundo.es/madrid/2019/10/23/5db04ae021efa019718b45f0.html,20191023140525
https://web.archive.org/web/20191023140525/https://www.elmundo.es/cataluna/2019/10/17/5da7787f21efa093408b45a9.html,20191023140525
https://web.archive.org/web/20191023140525/https://www.elmundo.es/pais-vasco/2019/08/29/5d67ad5afdddffd97f8b460c.html,20191023140525
https://web.archive.org/web/20191023140525/https://www.elmundo.es/opinion/2019/08/09/5d4c4b64fc6c83856c8b4576.html,20191023140525
https://web.archive.org/web/20191024152842/https://www.elmundo.es/madrid/2019/10/23/5db04ae021efa019718b45f0.html,20191024152842
https://web.archive.org/web/20191024152842/https://www.elmundo.es/cataluna/2019/10/17/5da7787f21efa093408b45a9.html,20191024152842
https://web.archive.org/web/20191024152842/https://www.elmundo.es/pais-vasco/2019/08/29/5d67ad5afdddffd97f8b460c.html,20191024152842
https://web.archive.org/web/20191024152842/https://www.elmundo.es/opinion/2019/08/09/5d4c4b64fc6c83856c8b4576.html,20191024152842
https://web.archive.org/web/20191028094045/https://www.elmundo.es/madrid/2019/10/23/5db04ae021efa019718b45f0.html,20191028094045
https://web.archive.org/web/20191028094045/https://www.elmundo.es/cataluna/2019/10/17/5da7787f21efa093408b45a9.html,20191028094045
https://web.archive.org/web/20191028094045/https://www.elmundo.es/pais-vasco/2019/08/29/5d67ad5afdddffd97f8b460c.html,20191028094045
https://web.archive.org/web/20191028094045/https://www.elmundo.es/opinion/2019/08/09/5d4c4b64fc6c83856c8b4576.html,20191028094045
https://web.archive.org/web/20191029174601/https://www.elmundo.es/madrid/2019/10/23/5db04ae021efa019718b45f0.html,20191029174601
https://web.archive.org/web/20191029174601/https://www.elmundo.es/cataluna/2019/10/17/5da7787f21efa093408b45a9.html,20191029174601
https://web.archive.org/web/20191029174601/https://www.elmundo.es/pais-vasco/2019/08/29/5d67ad5afdddffd97f8b460c.html,20191029174601
https://web.archive.org/web/20191029174601/https://www.elmundo.es/opinion/2019/08/09/5d4c4b64fc6c83856c8b4576.html,20191029174601
https://web.archive.org/web/20191030233328/https://www.elmundo.es/madrid/2019/10/23/5db04ae021efa019718b45f0.html,20191030233328
https://web.archive.org/web/20191030233328/https://www.elmundo.es/cataluna/2019/10/17/5da7787f21efa093408b45a9.html,20191030233328
https://web.archive.org/web/20191030233328/https://www.elmundo.es/pais-vasco/2019/08/29/5d67ad5afdddffd97f8b460c.html,20191030233328
https://web.archive.org/web/20191030233328/https://www.elmundo.es/opinion/2019/08/09/5d4c4b64fc6c83856c8b4576.html,20191030233328
https://web.archive.org/web/20191103040825/https://www.elmundo.es/madrid/2019/10/23/5db04ae021efa019718b45f0.html,20191103040825
https://web.archive.org/web/20191103040825/https://www.elmundo.es/cataluna/2019/10/17/5da7787f21efa093408b45a9.html,20191103040825
https://web.archive.org/web/20191103040825/https://www.elmundo.es/pais-vasco/2019/08/29/5d67ad5afdddffd97f8b460c.html,20191103040825
https://web.archive.org/web/20191104085546/https://www.elmundo.es/madrid/2019/10/23/5db04ae021efa019718b45f0.html,20191104085546
https://web.archive.org/web/20191104085546/https://www.elmundo.es/cataluna/2019/10/17/5da7787f21efa093408b45a9.html,20191104085546
https://web.archive.org/web/20191104085546/https://www.elmundo.es/pais-vasco/2019/08/29/5d67ad5afdddffd97f8b460c.html,20191104085546
https://web.archive.org/web/20191105080935/https://www.elmundo.es/madrid/2019/10/23/5db04ae021efa019718b45f0.html,20191105080935
https://web.archive.org/web/20191105080935/https://www.elmundo.es/cataluna/2019/10/17/5da7787f21efa093408b45a9.html,20191105080935
https://web.archive.org/web/20191105080935/https://www.elmundo.es/pais-vasco/2019/08/29/5d67ad5afdddffd97f8b460c.html,20191105080935
https://web.archive.org/web/20191120073156/https://www.elmundo.es/espana/2019/11/08/5dc563fe21efa0b07a8b45a3.html,20191120073156
https://web.archive.org/web/20191120073156/https://www.elmundo.es/madrid/2019/10/23/5db04ae021efa019718b45f0.html,20191120073156
https://web.archive.org/web/20191120073156/https://www.elmundo.es/cataluna/2019/10/17/5da7787f21efa093408b45a9.html,20191120073156
https://web.archive.org/web/20191120073156/https://www.elmundo.es/pais-vasco/2019/08/29/5d67ad5afdddffd97f8b460c.html,20191120073156
https://web.archive.org/web/20191124181229/https://www.elmundo.es/espana/2019/11/08/5dc563fe21efa0b07a8b45a3.html,20191124181229
https://web.archive.org/web/20191124181229/https://www.elmundo.es/madrid/2019/10/23/5db04ae021efa019718b45f0.html,20191124181229
https://web.archive.org/web/20191124181229/https://www.elmundo.es/cataluna/2019/10/17/5da7787f21efa093408b45a9.html,20191124181229
https://web.archive.org/web/20191124181229/https://www.elmundo.es/pais-vasco/2019/08/29/5d67ad5afdddffd97f8b460c.html,20191124181229
https://web.archive.org/web/20191207051118/https://www.elmundo.es/espana/2019/11/08/5dc563fe21efa0b07a8b45a3.html,20191207051118
https://web.archive.org/web/20191207051118/https://www.elmundo.es/madrid/2019/10/23/5db04ae021efa019718b45f0.html,20191207051118
https://web.archive.org/web/20191207051118/https://www.elmundo.es/cataluna/2019/10/17/5da7787f21efa093408b45a9.html,20191207051118
https://web.archive.org/web/20191207051118/https://www.elmundo.es/pais-vasco/2019/08/29/5d67ad5afdddffd97f8b460c.html,20191207051118
https://web.archive.org/web/20191210055900/https://www.elmundo.es/espana/2019/11/08/5dc563fe21efa0b07a8b45a3.html,20191210055900
https://web.archive.org/web/20191210055900/https://www.elmundo.es/madrid/2019/10/23/5db04ae021efa019718b45f0.html,20191210055900
https://web.archive.org/web/20191210055900/https://www.elmundo.es/cataluna/2019/10/17/5da7787f21efa093408b45a9.html,20191210055900
https://web.archive.org/web/20191210055900/https://www.elmundo.es/pais-vasco/2019/08/29/5d67ad5afdddffd97f8b460c.html,20191210055900
https://web.archive.org/web/20191211071206/https://www.elmundo.es/espana/2019/11/08/5dc563fe21efa0b07a8b45a3.html,20191211071206
https://web.archive.org/web/20191211071206/https://www.elmundo.es/madrid/2019/10/23/5db04ae021efa019718b45f0.html,20191211071206
https://web.archive.org/web/20191211071206/https://www.elmundo.es/cataluna/2019/10/17/5da7787f21efa093408b45a9.html,20191211071206
https://web.archive.org/web/20191211071206/https://www.elmundo.es/pais-vasco/2019/08/29/5d67ad5afdddffd97f8b460c.html,20191211071206
https://web.archive.org/web/20191212051401/https://www.elmundo.es/espana/2019/11/08/5dc563fe21efa0b07a8b45a3.html,20191212051401
https://web.archive.org/web/20191212051401/https://www.elmundo.es/madrid/2019/10/23/5db04ae021efa019718b45f0.html,20191212051401
https://web.archive.org/web/20191212051401/https://www.elmundo.es/cataluna/2019/10/17/5da7787f21efa093408b45a9.html,20191212051401
https://web.archive.org/web/20191212051401/https://www.elmundo.es/pais-vasco/2019/08/29/5d67ad5afdddffd97f8b460c.html,20191212051401
https://web.archive.org/web/20191215095947/https://www.elmundo.es/espana/2019/11/08/5dc563fe21efa0b07a8b45a3.html,20191215095947
https://web.archive.org/web/20191215095947/https://www.elmundo.es/madrid/2019/10/23/5db04ae021efa019718b45f0.html,20191215095947
https://web.archive.org/web/20191215095947/https://www.elmundo.es/cataluna/2019/10/17/5da7787f21efa093408b45a9.html,20191215095947
https://web.archive.org/web/20191215095947/https://www.elmundo.es/pais-vasco/2019/08/29/5d67ad5afdddffd97f8b460c.html,20191215095947
https://web.archive.org/web/20191219113408/https://www.elmundo.es/comunidad-valenciana/castellon/2019/12/19/5dfa7cc6fdddff6c6e8b45e9.html,20191219113408
https://web.archive.org/web/20191219113408/https://www.elmundo.es/espana/2019/11/08/5dc563fe21efa0b07a8b45a3.html,20191219113408
https://web.archive.org/web/20191219113408/https://www.elmundo.es/madrid/2019/10/23/5db04ae021efa019718b45f0.html,20191219113408
https://web.archive.org/web/20191219113408/https://www.elmundo.es/cataluna/2019/10/17/5da7787f21efa093408b45a9.html,20191219113408
https://web.archive.org/web/20191219113408/https://www.elmundo.es/pais-vasco/2019/08/29/5d67ad5afdddffd97f8b460c.html,20191219113408
https://web.archive.org/web/20191220172143/https://www.elmundo.es/comunidad-valenciana/castellon/2019/12/19/5dfa7cc6fdddff6c6e8b45e9.html,20191220172143
https://web.archive.org/web/20191220172143/https://www.elmundo.es/espana/2019/11/08/5dc563fe21efa0b07a8b45a3.html,20191220172143
https://web.archive.org/web/20191220172143/https://www.elmundo.es/madrid/2019/10/23/5db04ae021efa019718b45f0.html,20191220172143
https://web.archive.org/web/20191220172143/https://www.elmundo.es/cataluna/2019/10/17/5da7787f21efa093408b45a9.html,20191220172143
https://web.archive.org/web/20191220172143/https://www.elmundo.es/pais-vasco/2019/08/29/5d67ad5afdddffd97f8b460c.html,20191220172143
https://web.archive.org/web/20191221191850/https://www.elmundo.es/comunidad-valenciana/castellon/2019/12/19/5dfa7cc6fdddff6c6e8b45e9.html,20191221191850
https://web.archive.org/web/20191221191850/https://www.elmundo.es/espana/2019/11/08/5dc563fe21efa0b07a8b45a3.html,20191221191850
https://web.archive.org/web/20191221191850/https://www.elmundo.es/madrid/2019/10/23/5db04ae021efa019718b45f0.html,20191221191850
https://web.archive.org/web/20191221191850/https://www.elmundo.es/cataluna/2019/10/17/5da7787f21efa093408b45a9.html,20191221191850
https://web.archive.org/web/20191221191850/https://www.elmundo.es/pais-vasco/2019/08/29/5d67ad5afdddffd97f8b460c.html,20191221191850
https://web.archive.org/web/20191223151432/https://www.elmundo.es/comunidad-valenciana/castellon/2019/12/19/5dfa7cc6fdddff6c6e8b45e9.html,20191223151432
https://web.archive.org/web/20191223151432/https://www.elmundo.es/espana/2019/11/08/5dc563fe21efa0b07a8b45a3.html,20191223151432
https://web.archive.org/web/20191223151432/https://www.elmundo.es/madrid/2019/10/23/5db04ae021efa019718b45f0.html,20191223151432
https://web.archive.org/web/20191223151432/https://www.elmundo.es/cataluna/2019/10/17/5da7787f21efa093408b45a9.html,20191223151432
https://web.archive.org/web/20191223151432/https://www.elmundo.es/pais-vasco/2019/08/29/5d67ad5afdddffd97f8b460c.html,20191223151432
https://web.archive.org/web/20191227182121/https://www.elmundo.es/comunidad-valenciana/castellon/2019/12/19/5dfa7cc6fdddff6c6e8b45e9.html,20191227182121
https://web.archive.org/web/20191227182121/https://www.elmundo.es/espana/2019/11/08/5dc563fe21efa0b07a8b45a3.html,20191227182121
https://web.archive.org/web/20191227182121/https://www.elmundo.es/madrid/2019/10/23/5db04ae021efa019718b45f0.html,20191227182121
https://web.archive.org/web/20191227182121/https://www.elmundo.es/cataluna/2019/10/17/5da7787f21efa093408b45a9.html,20191227182121
https://web.archive.org/web/20191227182121/https://www.elmundo.es/pais-vasco/2019/08/29/5d67ad5afdddffd97f8b460c.html,20191227182121
https://web.archive.org/web/20191228191644/https://www.elmundo.es/comunidad-valenciana/castellon/2019/12/19/5dfa7cc6fdddff6c6e8b45e9.html,20191228191644
https://web.archive.org/web/20191228191644/https://www.elmundo.es/espana/2019/11/08/5dc563fe21efa0b07a8b45a3.html,20191228191644
https://web.archive.org/web/20191228191644/https://www.elmundo.es/madrid/2019/10/23/5db04ae021efa019718b45f0.html,20191228191644
https://web.archive.org/web/20191228191644/https://www.elmundo.es/cataluna/2019/10/17/5da7787f21efa093408b45a9.html,20191228191644
https://web.archive.org/web/20191229213335/https://www.elmundo.es/comunidad-valenciana/castellon/2019/12/19/5dfa7cc6fdddff6c6e8b45e9.html,20191229213335
https://web.archive.org/web/20191229213335/https://www.elmundo.es/espana/2019/11/08/5dc563fe21efa0b07a8b45a3.html,20191229213335
https://web.archive.org/web/20191229213335/https://www.elmundo.es/madrid/2019/10/23/5db04ae021efa019718b45f0.html,20191229213335
https://web.archive.org/web/20191229213335/https://www.elmundo.es/cataluna/2019/10/17/5da7787f21efa093408b45a9.html,20191229213335
https://web.archive.org/web/20191231013242/https://www.elmundo.es/comunidad-valenciana/castellon/2019/12/19/5dfa7cc6fdddff6c6e8b45e9.html,20191231013242
https://web.archive.org/web/20191231013242/https://www.elmundo.es/espana/2019/11/08/5dc563fe21efa0b07a8b45a3.html,20191231013242
https://web.archive.org/web/20191231013242/https://www.elmundo.es/madrid/2019/10/23/5db04ae021efa019718b45f0.html,20191231013242
https://web.archive.org/web/20191231013242/https://www.elmundo.es/cataluna/2019/10/17/5da7787f21efa093408b45a9.html,20191231013242
https://web.archive.org/web/20200102212045/https://www.elmundo.es/comunidad-valenciana/castellon/2019/12/19/5dfa7cc6fdddff6c6e8b45e9.html,20200102212045
https://web.archive.org/web/20200102212045/https://www.elmundo.es/espana/2019/11/08/5dc563fe21efa0b07a8b45a3.html,20200102212045
https://web.archive.org/web/20200102212045/https://www.elmundo.es/madrid/2019/10/23/5db04ae021efa019718b45f0.html,20200102212045
https://web.archive.org/web/20200102212045/https://www.elmundo.es/cataluna/2019/10/17/5da7787f21efa093408b45a9.html,20200102212045
https://web.archive.org/web/20200105035405/https://www.elmundo.es/papel/historias/2020/01/02/5e0ddf6521efa0e3688b45d7.html,20200105035405
https://web.archive.org/web/20200105035405/https://www.elmundo.es/comunidad-valenciana/castellon/2019/12/19/5dfa7cc6fdddff6c6e8b45e9.html,20200105035405
https://web.archive.org/web/20200105035405/https://www.elmundo.es/espana/2019/11/08/5dc563fe21efa0b07a8b45a3.html,20200105035405
https://web.archive.org/web/20200105035405/https://www.elmundo.es/madrid/2019/10/23/5db04ae021efa019718b45f0.html,20200105035405
https://web.archive.org/web/20200105035405/https://www.elmundo.es/cataluna/2019/10/17/5da7787f21efa093408b45a9.html,20200105035405
https://web.archive.org/web/20200106123653/https://www.elmundo.es/papel/historias/2020/01/02/5e0ddf6521efa0e3688b45d7.html,20200106123653
https://web.archive.org/web/20200106123653/https://www.elmundo.es/comunidad-valenciana/castellon/2019/12/19/5dfa7cc6fdddff6c6e8b45e9.html,20200106123653
https://web.archive.org/web/20200106123653/https://www.elmundo.es/espana/2019/11/08/5dc563fe21efa0b07a8b45a3.html,20200106123653
https://web.archive.org/web/20200106123653/https://www.elmundo.es/madrid/2019/10/23/5db04ae021efa019718b45f0.html,20200106123653
https://web.archive.org/web/20200106123653/https://www.elmundo.es/cataluna/2019/10/17/5da7787f21efa093408b45a9.html,20200106123653
https://web.archive.org/web/20200107163518/https://www.elmundo.es/papel/historias/2020/01/02/5e0ddf6521efa0e3688b45d7.html,20200107163518
https://web.archive.org/web/20200107163518/https://www.elmundo.es/comunidad-valenciana/castellon/2019/12/19/5dfa7cc6fdddff6c6e8b45e9.html,20200107163518
https://web.archive.org/web/20200107163518/https://www.elmundo.es/espana/2019/11/08/5dc563fe21efa0b07a8b45a3.html,20200107163518
https://web.archive.org/web/20200107163518/https://www.elmundo.es/madrid/2019/10/23/5db04ae021efa019718b45f0.html,20200107163518
https://web.archive.org/web/20200107163518/https://www.elmundo.es/cataluna/2019/10/17/5da7787f21efa093408b45a9.html,20200107163518
https://web.archive.org/web/20200112141610/https://www.elmundo.es/papel/historias/2020/01/02/5e0ddf6521efa0e3688b45d7.html,20200112141610
https://web.archive.org/web/20200112141610/https://www.elmundo.es/comunidad-valenciana/castellon/2019/12/19/5dfa7cc6fdddff6c6e8b45e9.html,20200112141610
https://web.archive.org/web/20200112141610/https://www.elmundo.es/espana/2019/11/08/5dc563fe21efa0b07a8b45a3.html,20200112141610
https://web.archive.org/web/20200112141610/https://www.elmundo.es/madrid/2019/10/23/5db04ae021efa019718b45f0.html,20200112141610
https://web.archive.org/web/20200112141610/https://www.elmundo.es/cataluna/2019/10/17/5da7787f21efa093408b45a9.html,20200112141610
https://web.archive.org/web/20200127120405/https://www.elmundo.es/cataluna/2020/01/18/5e23533ffc6c83214b8b45a6.html,20200127120405
https://web.archive.org/web/20200127120405/https://www.elmundo.es/papel/historias/2020/01/02/5e0ddf6521efa0e3688b45d7.html,20200127120405
https://web.archive.org/web/20200127120405/https://www.elmundo.es/comunidad-valenciana/castellon/2019/12/19/5dfa7cc6fdddff6c6e8b45e9.html,20200127120405
https://web.archive.org/web/20200127120405/https://www.elmundo.es/espana/2019/11/08/5dc563fe21efa0b07a8b45a3.html,20200127120405
https://web.archive.org/web/20200127120405/https://www.elmundo.es/madrid/2019/10/23/5db04ae021efa019718b45f0.html,20200127120405
https://web.archive.org/web/20200127120405/https://www.elmundo.es/cataluna/2019/10/17/5da7787f21efa093408b45a9.html,20200127120405
https://web.archive.org/web/20200131180222/https://www.elmundo.es/cataluna/2020/01/18/5e23533ffc6c83214b8b45a6.html,20200131180222
https://web.archive.org/web/20200131180222/https://www.elmundo.es/papel/historias/2020/01/02/5e0ddf6521efa0e3688b45d7.html,20200131180222
https://web.archive.org/web/20200131180222/https://www.elmundo.es/comunidad-valenciana/castellon/2019/12/19/5dfa7cc6fdddff6c6e8b45e9.html,20200131180222
https://web.archive.org/web/20200131180222/https://www.elmundo.es/espana/2019/11/08/5dc563fe21efa0b07a8b45a3.html,20200131180222
https://web.archive.org/web/20200131180222/https://www.elmundo.es/madrid/2019/10/23/5db04ae021efa019718b45f0.html,20200131180222
https://web.archive.org/web/20200131180222/https://www.elmundo.es/cataluna/2019/10/17/5da7787f21efa093408b45a9.html,20200131180222
https://web.archive.org/web/20200203222537/https://www.elmundo.es/cataluna/2020/01/18/5e23533ffc6c83214b8b45a6.html,20200203222537
https://web.archive.org/web/20200203222537/https://www.elmundo.es/papel/historias/2020/01/02/5e0ddf6521efa0e3688b45d7.html,20200203222537
https://web.archive.org/web/20200203222537/https://www.elmundo.es/comunidad-valenciana/castellon/2019/12/19/5dfa7cc6fdddff6c6e8b45e9.html,20200203222537
https://web.archive.org/web/20200203222537/https://www.elmundo.es/espana/2019/11/08/5dc563fe21efa0b07a8b45a3.html,20200203222537
https://web.archive.org/web/20200203222537/https://www.elmundo.es/madrid/2019/10/23/5db04ae021efa019718b45f0.html,20200203222537
https://web.archive.org/web/20200203222537/https://www.elmundo.es/cataluna/2019/10/17/5da7787f21efa093408b45a9.html,20200203222537
https://web.archive.org/web/20200204225054/https://www.elmundo.es/cataluna/2020/01/18/5e23533ffc6c83214b8b45a6.html,20200204225054
https://web.archive.org/web/20200204225054/https://www.elmundo.es/papel/historias/2020/01/02/5e0ddf6521efa0e3688b45d7.html,20200204225054
https://web.archive.org/web/20200204225054/https://www.elmundo.es/comunidad-valenciana/castellon/2019/12/19/5dfa7cc6fdddff6c6e8b45e9.html,20200204225054
https://web.archive.org/web/20200204225054/https://www.elmundo.es/espana/2019/11/08/5dc563fe21efa0b07a8b45a3.html,20200204225054
https://web.archive.org/web/20200204225054/https://www.elmundo.es/madrid/2019/10/23/5db04ae021efa019718b45f0.html,20200204225054
https://web.archive.org/web/20200204225054/https://www.elmundo.es/cataluna/2019/10/17/5da7787f21efa093408b45a9.html,20200204225054
https://web.archive.org/web/20200205094128/https://www.elmundo.es/cataluna/2020/01/18/5e23533ffc6c83214b8b45a6.html,20200205094128
https://web.archive.org/web/20200205094128/https://www.elmundo.es/papel/historias/2020/01/02/5e0ddf6521efa0e3688b45d7.html,20200205094128
https://web.archive.org/web/20200205094128/https://www.elmundo.es/comunidad-valenciana/castellon/2019/12/19/5dfa7cc6fdddff6c6e8b45e9.html,20200205094128
https://web.archive.org/web/20200205094128/https://www.elmundo.es/espana/2019/11/08/5dc563fe21efa0b07a8b45a3.html,20200205094128
https://web.archive.org/web/20200205094128/https://www.elmundo.es/madrid/2019/10/23/5db04ae021efa019718b45f0.html,20200205094128
https://web.archive.org/web/20200205094128/https://www.elmundo.es/cataluna/2019/10/17/5da7787f21efa093408b45a9.html,20200205094128
https://web.archive.org/web/20200207041757/https://www.elmundo.es/cataluna/2020/01/18/5e23533ffc6c83214b8b45a6.html,20200207041757
https://web.archive.org/web/20200207041757/https://www.elmundo.es/papel/historias/2020/01/02/5e0ddf6521efa0e3688b45d7.html,20200207041757
https://web.archive.org/web/20200207041757/https://www.elmundo.es/comunidad-valenciana/castellon/2019/12/19/5dfa7cc6fdddff6c6e8b45e9.html,20200207041757
https://web.archive.org/web/20200207041757/https://www.elmundo.es/espana/2019/11/08/5dc563fe21efa0b07a8b45a3.html,20200207041757
https://web.archive.org/web/20200207041757/https://www.elmundo.es/madrid/2019/10/23/5db04ae021efa019718b45f0.html,20200207041757
https://web.archive.org/web/20200207041757/https://www.elmundo.es/cataluna/2019/10/17/5da7787f21efa093408b45a9.html,20200207041757
https://web.archive.org/web/20200214183113/https://www.elmundo.es/andalucia/2020/02/09/5e400cf421efa03b088b4643.html,20200214183113
https://web.archive.org/web/20200214183113/https://www.elmundo.es/cataluna/2020/01/18/5e23533ffc6c83214b8b45a6.html,20200214183113
https://web.archive.org/web/20200214183113/https://www.elmundo.es/papel/historias/2020/01/02/5e0ddf6521efa0e3688b45d7.html,20200214183113
https://web.archive.org/web/20200214183113/https://www.elmundo.es/comunidad-valenciana/castellon/2019/12/19/5dfa7cc6fdddff6c6e8b45e9.html,20200214183113
https://web.archive.org/web/20200214183113/https://www.elmundo.es/espana/2019/11/08/5dc563fe21efa0b07a8b45a3.html,20200214183113
https://web.archive.org/web/20200214183113/https://www.elmundo.es/madrid/2019/10/23/5db04ae021efa019718b45f0.html,20200214183113
https://web.archive.org/web/20200214183113/https://www.elmundo.es/cataluna/2019/10/17/5da7787f21efa093408b45a9.html,20200214183113
https://web.archive.org/web/20200215203857/https://www.elmundo.es/andalucia/2020/02/09/5e400cf421efa03b088b4643.html,20200215203857
https://web.archive.org/web/20200215203857/https://www.elmundo.es/cataluna/2020/01/18/5e23533ffc6c83214b8b45a6.html,20200215203857
https://web.archive.org/web/20200215203857/https://www.elmundo.es/papel/historias/2020/01/02/5e0ddf6521efa0e3688b45d7.html,20200215203857
https://web.archive.org/web/20200215203857/https://www.elmundo.es/comunidad-valenciana/castellon/2019/12/19/5dfa7cc6fdddff6c6e8b45e9.html,20200215203857
https://web.archive.org/web/20200215203857/https://www.elmundo.es/espana/2019/11/08/5dc563fe21efa0b07a8b45a3.html,20200215203857
https://web.archive.org/web/20200215203857/https://www.elmundo.es/madrid/2019/10/23/5db04ae021efa019718b45f0.html,20200215203857
https://web.archive.org/web/20200215203857/https://www.elmundo.es/cataluna/2019/10/17/5da7787f21efa093408b45a9.html,20200215203857
https://web.archive.org/web/20200218075258/https://www.elmundo.es/andalucia/2020/02/09/5e400cf421efa03b088b4643.html,20200218075258
https://web.archive.org/web/20200218075258/https://www.elmundo.es/cataluna/2020/01/18/5e23533ffc6c83214b8b45a6.html,20200218075258
https://web.archive.org/web/20200218075258/https://www.elmundo.es/papel/historias/2020/01/02/5e0ddf6521efa0e3688b45d7.html,20200218075258
https://web.archive.org/web/20200218075258/https://www.elmundo.es/comunidad-valenciana/castellon/2019/12/19/5dfa7cc6fdddff6c6e8b45e9.html,20200218075258
https://web.archive.org/web/20200218075258/https://www.elmundo.es/espana/2019/11/08/5dc563fe21efa0b07a8b45a3.html,20200218075258
https://web.archive.org/web/20200218075258/https://www.elmundo.es/madrid/2019/10/23/5db04ae021efa019718b45f0.html,20200218075258
https://web.archive.org/web/20200218075258/https://www.elmundo.es/cataluna/2019/10/17/5da7787f21efa093408b45a9.html,20200218075258
https://web.archive.org/web/20200223160908/https://www.elmundo.es/andalucia/2020/02/09/5e400cf421efa03b088b4643.html,20200223160908
https://web.archive.org/web/20200223160908/https://www.elmundo.es/cataluna/2020/01/18/5e23533ffc6c83214b8b45a6.html,20200223160908
https://web.archive.org/web/20200223160908/https://www.elmundo.es/papel/historias/2020/01/02/5e0ddf6521efa0e3688b45d7.html,20200223160908
https://web.archive.org/web/20200223160908/https://www.elmundo.es/comunidad-valenciana/castellon/2019/12/19/5dfa7cc6fdddff6c6e8b45e9.html,20200223160908
https://web.archive.org/web/20200223160908/https://www.elmundo.es/espana/2019/11/08/5dc563fe21efa0b07a8b45a3.html,20200223160908
https://web.archive.org/web/20200223160908/https://www.elmundo.es/madrid/2019/10/23/5db04ae021efa019718b45f0.html,20200223160908
https://web.archive.org/web/20200223160908/https://www.elmundo.es/cataluna/2019/10/17/5da7787f21efa093408b45a9.html,20200223160908
https://web.archive.org/web/20200228202228/https://www.elmundo.es/andalucia/2020/02/09/5e400cf421efa03b088b4643.html,20200228202228
https://web.archive.org/web/20200228202228/https://www.elmundo.es/cataluna/2020/01/18/5e23533ffc6c83214b8b45a6.html,20200228202228
https://web.archive.org/web/20200228202228/https://www.elmundo.es/papel/historias/2020/01/02/5e0ddf6521efa0e3688b45d7.html,20200228202228
https://web.archive.org/web/20200228202228/https://www.elmundo.es/comunidad-valenciana/castellon/2019/12/19/5dfa7cc6fdddff6c6e8b45e9.html,20200228202228
https://web.archive.org/web/20200228202228/https://www.elmundo.es/espana/2019/11/08/5dc563fe21efa0b07a8b45a3.html,20200228202228
https://web.archive.org/web/20200228202228/https://www.elmundo.es/madrid/2019/10/23/5db04ae021efa019718b45f0.html,20200228202228
https://web.archive.org/web/20200228202228/https://www.elmundo.es/cataluna/2019/10/17/5da7787f21efa093408b45a9.html,20200228202228
https://web.archive.org/web/20200301203119/https://www.elmundo.es/andalucia/2020/02/09/5e400cf421efa03b088b4643.html,20200301203119
https://web.archive.org/web/20200301203119/https://www.elmundo.es/cataluna/2020/01/18/5e23533ffc6c83214b8b45a6.html,20200301203119
https://web.archive.org/web/20200301203119/https://www.elmundo.es/papel/historias/2020/01/02/5e0ddf6521efa0e3688b45d7.html,20200301203119
https://web.archive.org/web/20200301203119/https://www.elmundo.es/comunidad-valenciana/castellon/2019/12/19/5dfa7cc6fdddff6c6e8b45e9.html,20200301203119
https://web.archive.org/web/20200301203119/https://www.elmundo.es/espana/2019/11/08/5dc563fe21efa0b07a8b45a3.html,20200301203119
https://web.archive.org/web/20200301203119/https://www.elmundo.es/madrid/2019/10/23/5db04ae021efa019718b45f0.html,20200301203119
https://web.archive.org/web/20200301203119/https://www.elmundo.es/cataluna/2019/10/17/5da7787f21efa093408b45a9.html,20200301203119
https://web.archive.org/web/20200302193539/https://www.elmundo.es/andalucia/2020/02/09/5e400cf421efa03b088b4643.html,20200302193539
https://web.archive.org/web/20200302193539/https://www.elmundo.es/cataluna/2020/01/18/5e23533ffc6c83214b8b45a6.html,20200302193539
https://web.archive.org/web/20200302193539/https://www.elmundo.es/papel/historias/2020/01/02/5e0ddf6521efa0e3688b45d7.html,20200302193539
https://web.archive.org/web/20200302193539/https://www.elmundo.es/comunidad-valenciana/castellon/2019/12/19/5dfa7cc6fdddff6c6e8b45e9.html,20200302193539
https://web.archive.org/web/20200302193539/https://www.elmundo.es/espana/2019/11/08/5dc563fe21efa0b07a8b45a3.html,20200302193539
https://web.archive.org/web/20200302193539/https://www.elmundo.es/madrid/2019/10/23/5db04ae021efa019718b45f0.html,20200302193539
https://web.archive.org/web/20200304102929/https://www.elmundo.es/espana/2020/03/03/5e5e5077fc6c83976d8b4618.html,20200304102929
https://web.archive.org/web/20200304102929/https://www.elmundo.es/andalucia/2020/02/09/5e400cf421efa03b088b4643.html,20200304102929
https://web.archive.org/web/20200304102929/https://www.elmundo.es/cataluna/2020/01/18/5e23533ffc6c83214b8b45a6.html,20200304102929
https://web.archive.org/web/20200304102929/https://www.elmundo.es/papel/historias/2020/01/02/5e0ddf6521efa0e3688b45d7.html,20200304102929
https://web.archive.org/web/20200304102929/https://www.elmundo.es/comunidad-valenciana/castellon/2019/12/19/5dfa7cc6fdddff6c6e8b45e9.html,20200304102929
https://web.archive.org/web/20200304102929/https://www.elmundo.es/espana/2019/11/08/5dc563fe21efa0b07a8b45a3.html,20200304102929
https://web.archive.org/web/20200311051832/https://www.elmundo.es/andalucia/2020/02/09/5e400cf421efa03b088b4643.html,20200311051832
https://web.archive.org/web/20200311051832/https://www.elmundo.es/cataluna/2020/01/18/5e23533ffc6c83214b8b45a6.html,20200311051832
https://web.archive.org/web/20200311051832/https://www.elmundo.es/papel/historias/2020/01/02/5e0ddf6521efa0e3688b45d7.html,20200311051832
https://web.archive.org/web/20200311051832/https://www.elmundo.es/comunidad-valenciana/castellon/2019/12/19/5dfa7cc6fdddff6c6e8b45e9.html,20200311051832
https://web.archive.org/web/20200311051832/https://www.elmundo.es/espana/2019/11/08/5dc563fe21efa0b07a8b45a3.html,20200311051832
https://web.archive.org/web/20200317073547/https://www.elmundo.es/cataluna/2020/03/11/5e69142121efa095368b457b.html,20200317073547
https://web.archive.org/web/20200317073547/https://www.elmundo.es/andalucia/2020/02/09/5e400cf421efa03b088b4643.html,20200317073547
https://web.archive.org/web/20200317073547/https://www.elmundo.es/cataluna/2020/01/18/5e23533ffc6c83214b8b45a6.html,20200317073547
https://web.archive.org/web/20200317073547/https://www.elmundo.es/papel/historias/2020/01/02/5e0ddf6521efa0e3688b45d7.html,20200317073547
https://web.archive.org/web/20200317073547/https://www.elmundo.es/comunidad-valenciana/castellon/2019/12/19/5dfa7cc6fdddff6c6e8b45e9.html,20200317073547
https://web.archive.org/web/20200319210344/https://www.elmundo.es/cataluna/2020/03/11/5e69142121efa095368b457b.html,20200319210344
https://web.archive.org/web/20200319210344/https://www.elmundo.es/andalucia/2020/02/09/5e400cf421efa03b088b4643.html,20200319210344
https://web.archive.org/web/20200319210344/https://www.elmundo.es/cataluna/2020/01/18/5e23533ffc6c83214b8b45a6.html,20200319210344
https://web.archive.org/web/20200319210344/https://www.elmundo.es/papel/historias/2020/01/02/5e0ddf6521efa0e3688b45d7.html,20200319210344
https://web.archive.org/web/20200319210344/https://www.elmundo.es/comunidad-valenciana/castellon/2019/12/19/5dfa7cc6fdddff6c6e8b45e9.html,20200319210344
https://web.archive.org/web/20200323111313/https://www.elmundo.es/cataluna/2020/03/11/5e69142121efa095368b457b.html,20200323111313
https://web.archive.org/web/20200323111313/https://www.elmundo.es/andalucia/2020/02/09/5e400cf421efa03b088b4643.html,20200323111313
https://web.archive.org/web/20200323111313/https://www.elmundo.es/cataluna/2020/01/18/5e23533ffc6c83214b8b45a6.html,20200323111313
https://web.archive.org/web/20200323111313/https://www.elmundo.es/papel/historias/2020/01/02/5e0ddf6521efa0e3688b45d7.html,20200323111313
https://web.archive.org/web/20200323111313/https://www.elmundo.es/comunidad-valenciana/castellon/2019/12/19/5dfa7cc6fdddff6c6e8b45e9.html,20200323111313
https://web.archive.org/web/20200324105311/https://www.elmundo.es/cataluna/2020/03/11/5e69142121efa095368b457b.html,20200324105311
https://web.archive.org/web/20200324105311/https://www.elmundo.es/andalucia/2020/02/09/5e400cf421efa03b088b4643.html,20200324105311
https://web.archive.org/web/20200324105311/https://www.elmundo.es/cataluna/2020/01/18/5e23533ffc6c83214b8b45a6.html,20200324105311
https://web.archive.org/web/20200324105311/https://www.elmundo.es/papel/historias/2020/01/02/5e0ddf6521efa0e3688b45d7.html,20200324105311
https://web.archive.org/web/20200324105311/https://www.elmundo.es/comunidad-valenciana/castellon/2019/12/19/5dfa7cc6fdddff6c6e8b45e9.html,20200324105311
https://web.archive.org/web/20200409093154/https://www.elmundo.es/cataluna/2020/03/11/5e69142121efa095368b457b.html,20200409093154
https://web.archive.org/web/20200409093154/https://www.elmundo.es/andalucia/2020/02/09/5e400cf421efa03b088b4643.html,20200409093154
https://web.archive.org/web/20200409093154/https://www.elmundo.es/cataluna/2020/01/18/5e23533ffc6c83214b8b45a6.html,20200409093154
https://web.archive.org/web/20200409093154/https://www.elmundo.es/papel/historias/2020/01/02/5e0ddf6521efa0e3688b45d7.html,20200409093154
https://web.archive.org/web/20200409093154/https://www.elmundo.es/comunidad-valenciana/castellon/2019/12/19/5dfa7cc6fdddff6c6e8b45e9.html,20200409093154
https://web.archive.org/web/20200414135831/https://www.elmundo.es/cataluna/2020/03/11/5e69142121efa095368b457b.html,20200414135831
https://web.archive.org/web/20200414135831/https://www.elmundo.es/andalucia/2020/02/09/5e400cf421efa03b088b4643.html,20200414135831
https://web.archive.org/web/20200414135831/https://www.elmundo.es/cataluna/2020/01/18/5e23533ffc6c83214b8b45a6.html,20200414135831
https://web.archive.org/web/20200414135831/https://www.elmundo.es/papel/historias/2020/01/02/5e0ddf6521efa0e3688b45d7.html,20200414135831
https://web.archive.org/web/20200414135831/https://www.elmundo.es/comunidad-valenciana/castellon/2019/12/19/5dfa7cc6fdddff6c6e8b45e9.html,20200414135831
https://web.archive.org/web/20200424073258/https://www.elmundo.es/cataluna/2020/03/11/5e69142121efa095368b457b.html,20200424073258
https://web.archive.org/web/20200424073258/https://www.elmundo.es/andalucia/2020/02/09/5e400cf421efa03b088b4643.html,20200424073258
https://web.archive.org/web/20200424073258/https://www.elmundo.es/cataluna/2020/01/18/5e23533ffc6c83214b8b45a6.html,20200424073258
https://web.archive.org/web/20200424073258/https://www.elmundo.es/papel/historias/2020/01/02/5e0ddf6521efa0e3688b45d7.html,20200424073258
https://web.archive.org/web/20200513100158/https://www.elmundo.es/cataluna/2020/03/11/5e69142121efa095368b457b.html,20200513100158
https://web.archive.org/web/20200513100158/https://www.elmundo.es/andalucia/2020/02/09/5e400cf421efa03b088b4643.html,20200513100158
https://web.archive.org/web/20200513100158/https://www.elmundo.es/cataluna/2020/01/18/5e23533ffc6c83214b8b45a6.html,20200513100158
https://web.archive.org/web/20200513100158/https://www.elmundo.es/papel/historias/2020/01/02/5e0ddf6521efa0e3688b45d7.html,20200513100158
https://web.archive.org/web/20200530173307/https://www.elmundo.es/cataluna/2020/03/11/5e69142121efa095368b457b.html,20200530173307
https://web.archive.org/web/20200530173307/https://www.elmundo.es/andalucia/2020/02/09/5e400cf421efa03b088b4643.html,20200530173307
https://web.archive.org/web/20200530173307/https://www.elmundo.es/cataluna/2020/01/18/5e23533ffc6c83214b8b45a6.html,20200530173307
https://web.archive.org/web/20200601180638/https://www.elmundo.es/cataluna/2020/03/11/5e69142121efa095368b457b.html,20200601180638
https://web.archive.org/web/20200601180638/https://www.elmundo.es/andalucia/2020/02/09/5e400cf421efa03b088b4643.html,20200601180638
https://web.archive.org/web/20200620150233/https://www.elmundo.es/cataluna/2020/03/11/5e69142121efa095368b457b.html,20200620150233
https://web.archive.org/web/20200622193320/https://www.elmundo.es/cataluna/2020/03/11/5e69142121efa095368b457b.html,20200622193320
https://web.archive.org/web/20200624003352/https://www.elmundo.es/cataluna/2020/03/11/5e69142121efa095368b457b.html,20200624003352
https://web.archive.org/web/20200721060352/https://www.elmundo.es/cataluna/2020/03/11/5e69142121efa095368b457b.html,20200721060352
https://web.archive.org/web/20200725092425/https://www.elmundo.es/pais-vasco/2020/07/24/5f1ac71afdddff50478b45f1.html,20200725092425
https://web.archive.org/web/20200725092425/https://www.elmundo.es/cataluna/2020/03/11/5e69142121efa095368b457b.html,20200725092425
https://web.archive.org/web/20200731141906/https://www.elmundo.es/pais-vasco/2020/07/24/5f1ac71afdddff50478b45f1.html,20200731141906
https://web.archive.org/web/20200811033027/https://www.elmundo.es/pais-vasco/2020/07/24/5f1ac71afdddff50478b45f1.html,20200811033027
https://web.archive.org/web/20200814091614/https://www.elmundo.es/pais-vasco/2020/07/24/5f1ac71afdddff50478b45f1.html,20200814091614
https://web.archive.org/web/20200815090812/https://www.elmundo.es/pais-vasco/2020/07/24/5f1ac71afdddff50478b45f1.html,20200815090812
https://web.archive.org/web/20200816083843/https://www.elmundo.es/pais-vasco/2020/07/24/5f1ac71afdddff50478b45f1.html,20200816083843
https://web.archive.org/web/20200818081004/https://www.elmundo.es/pais-vasco/2020/07/24/5f1ac71afdddff50478b45f1.html,20200818081004
https://web.archive.org/web/20200819132719/https://www.elmundo.es/pais-vasco/2020/07/24/5f1ac71afdddff50478b45f1.html,20200819132719
https://web.archive.org/web/20200820113037/https://www.elmundo.es/pais-vasco/2020/07/24/5f1ac71afdddff50478b45f1.html,20200820113037
https://web.archive.org/web/20200824161134/https://www.elmundo.es/pais-vasco/2020/07/24/5f1ac71afdddff50478b45f1.html,20200824161134
https://web.archive.org/web/20200918153846/https://www.elmundo.es/madrid/2020/09/10/5f5a20d9fdddffc0a08b46bd.html,20200918153846
https://web.archive.org/web/20200918153846/https://www.elmundo.es/pais-vasco/2020/07/24/5f1ac71afdddff50478b45f1.html,20200918153846
https://web.archive.org/web/20200926082243/https://www.elmundo.es/madrid/2020/09/10/5f5a20d9fdddffc0a08b46bd.html,20200926082243
https://web.archive.org/web/20200926082243/https://www.elmundo.es/pais-vasco/2020/07/24/5f1ac71afdddff50478b45f1.html,20200926082243
https://web.archive.org/web/20200930203520/https://www.elmundo.es/madrid/2020/09/10/5f5a20d9fdddffc0a08b46bd.html,20200930203520
https://web.archive.org/web/20200930203520/https://www.elmundo.es/pais-vasco/2020/07/24/5f1ac71afdddff50478b45f1.html,20200930203520
https://web.archive.org/web/20201008012124/https://www.elmundo.es/madrid/2020/09/10/5f5a20d9fdddffc0a08b46bd.html,20201008012124
https://web.archive.org/web/20201008012124/https://www.elmundo.es/pais-vasco/2020/07/24/5f1ac71afdddff50478b45f1.html,20201008012124
https://web.archive.org/web/20201020144349/https://www.elmundo.es/madrid/2020/09/10/5f5a20d9fdddffc0a08b46bd.html,20201020144349
https://web.archive.org/web/20201020144349/https://www.elmundo.es/pais-vasco/2020/07/24/5f1ac71afdddff50478b45f1.html,20201020144349
https://web.archive.org/web/20201022051556/https://www.elmundo.es/baleares/2020/10/21/5f9008b8fdddff3e0d8b4786.html,20201022051556
https://web.archive.org/web/20201022051556/https://www.elmundo.es/madrid/2020/09/10/5f5a20d9fdddffc0a08b46bd.html,20201022051556
https://web.archive.org/web/20201022051556/https://www.elmundo.es/pais-vasco/2020/07/24/5f1ac71afdddff50478b45f1.html,20201022051556
https://web.archive.org/web/20201111142423/https://www.elmundo.es/baleares/2020/10/21/5f9008b8fdddff3e0d8b4786.html,20201111142423
https://web.archive.org/web/20201111142423/https://www.elmundo.es/madrid/2020/09/10/5f5a20d9fdddffc0a08b46bd.html,20201111142423
https://web.archive.org/web/20201114213258/https://www.elmundo.es/baleares/2020/10/21/5f9008b8fdddff3e0d8b4786.html,20201114213258
https://web.archive.org/web/20201114213258/https://www.elmundo.es/madrid/2020/09/10/5f5a20d9fdddffc0a08b46bd.html,20201114213258
https://web.archive.org/web/20201115215452/https://www.elmundo.es/baleares/2020/10/21/5f9008b8fdddff3e0d8b4786.html,20201115215452
https://web.archive.org/web/20201115215452/https://www.elmundo.es/madrid/2020/09/10/5f5a20d9fdddffc0a08b46bd.html,20201115215452
https://web.archive.org/web/20201116202459/https://www.elmundo.es/cataluna/2020/11/16/5fb25a4321efa078718b4581.html,20201116202459
https://web.archive.org/web/20201116202459/https://www.elmundo.es/baleares/2020/10/21/5f9008b8fdddff3e0d8b4786.html,20201116202459
https://web.archive.org/web/20201116202459/https://www.elmundo.es/madrid/2020/09/10/5f5a20d9fdddffc0a08b46bd.html,20201116202459
https://web.archive.org/web/20201118202121/https://www.elmundo.es/cataluna/2020/11/16/5fb25a4321efa078718b4581.html,20201118202121
https://web.archive.org/web/20201118202121/https://www.elmundo.es/baleares/2020/10/21/5f9008b8fdddff3e0d8b4786.html,20201118202121
https://web.archive.org/web/20201118202121/https://www.elmundo.es/madrid/2020/09/10/5f5a20d9fdddffc0a08b46bd.html,20201118202121
https://web.archive.org/web/20201119122633/https://www.elmundo.es/cataluna/2020/11/16/5fb25a4321efa078718b4581.html,20201119122633
https://web.archive.org/web/20201119122633/https://www.elmundo.es/baleares/2020/10/21/5f9008b8fdddff3e0d8b4786.html,20201119122633
https://web.archive.org/web/20201119122633/https://www.elmundo.es/madrid/2020/09/10/5f5a20d9fdddffc0a08b46bd.html,20201119122633
https://web.archive.org/web/20201127112053/https://www.elmundo.es/cataluna/2020/11/24/5fbd638321efa04e488b462b.html,20201127112053
https://web.archive.org/web/20201127112053/https://www.elmundo.es/cataluna/2020/11/16/5fb25a4321efa078718b4581.html,20201127112053
https://web.archive.org/web/20201127112053/https://www.elmundo.es/baleares/2020/10/21/5f9008b8fdddff3e0d8b4786.html,20201127112053
https://web.archive.org/web/20201127112053/https://www.elmundo.es/madrid/2020/09/10/5f5a20d9fdddffc0a08b46bd.html,20201127112053
https://web.archive.org/web/20201203084120/https://www.elmundo.es/cataluna/2020/11/24/5fbd638321efa04e488b462b.html,20201203084120
https://web.archive.org/web/20201203084120/https://www.elmundo.es/cataluna/2020/11/16/5fb25a4321efa078718b4581.html,20201203084120
https://web.archive.org/web/20201203084120/https://www.elmundo.es/baleares/2020/10/21/5f9008b8fdddff3e0d8b4786.html,20201203084120
https://web.archive.org/web/20201203084120/https://www.elmundo.es/madrid/2020/09/10/5f5a20d9fdddffc0a08b46bd.html,20201203084120
https://web.archive.org/web/20201204093402/https://www.elmundo.es/cataluna/2020/11/24/5fbd638321efa04e488b462b.html,20201204093402
https://web.archive.org/web/20201204093402/https://www.elmundo.es/cataluna/2020/11/16/5fb25a4321efa078718b4581.html,20201204093402
https://web.archive.org/web/20201204093402/https://www.elmundo.es/baleares/2020/10/21/5f9008b8fdddff3e0d8b4786.html,20201204093402
https://web.archive.org/web/20201204093402/https://www.elmundo.es/madrid/2020/09/10/5f5a20d9fdddffc0a08b46bd.html,20201204093402
https://web.archive.org/web/20201205135246/https://www.elmundo.es/cataluna/2020/11/24/5fbd638321efa04e488b462b.html,20201205135246
https://web.archive.org/web/20201205135246/https://www.elmundo.es/cataluna/2020/11/16/5fb25a4321efa078718b4581.html,20201205135246
https://web.archive.org/web/20201205135246/https://www.elmundo.es/baleares/2020/10/21/5f9008b8fdddff3e0d8b4786.html,20201205135246
https://web.archive.org/web/20201205135246/https://www.elmundo.es/madrid/2020/09/10/5f5a20d9fdddffc0a08b46bd.html,20201205135246
https://web.archive.org/web/20201206143012/https://www.elmundo.es/cataluna/2020/11/24/5fbd638321efa04e488b462b.html,20201206143012
https://web.archive.org/web/20201206143012/https://www.elmundo.es/cataluna/2020/11/16/5fb25a4321efa078718b4581.html,20201206143012
https://web.archive.org/web/20201206143012/https://www.elmundo.es/baleares/2020/10/21/5f9008b8fdddff3e0d8b4786.html,20201206143012
https://web.archive.org/web/20201206143012/https://www.elmundo.es/madrid/2020/09/10/5f5a20d9fdddffc0a08b46bd.html,20201206143012
https://web.archive.org/web/20201207030755/https://www.elmundo.es/cataluna/2020/11/24/5fbd638321efa04e488b462b.html,20201207030755
https://web.archive.org/web/20201207030755/https://www.elmundo.es/cataluna/2020/11/16/5fb25a4321efa078718b4581.html,20201207030755
https://web.archive.org/web/20201207030755/https://www.elmundo.es/baleares/2020/10/21/5f9008b8fdddff3e0d8b4786.html,20201207030755
https://web.archive.org/web/20201207030755/https://www.elmundo.es/madrid/2020/09/10/5f5a20d9fdddffc0a08b46bd.html,20201207030755
https://web.archive.org/web/20201208031203/https://www.elmundo.es/cataluna/2020/11/24/5fbd638321efa04e488b462b.html,20201208031203
https://web.archive.org/web/20201208031203/https://www.elmundo.es/cataluna/2020/11/16/5fb25a4321efa078718b4581.html,20201208031203
https://web.archive.org/web/20201208031203/https://www.elmundo.es/baleares/2020/10/21/5f9008b8fdddff3e0d8b4786.html,20201208031203
https://web.archive.org/web/20201208031203/https://www.elmundo.es/madrid/2020/09/10/5f5a20d9fdddffc0a08b46bd.html,20201208031203
https://web.archive.org/web/20201209150242/https://www.elmundo.es/cataluna/2020/11/24/5fbd638321efa04e488b462b.html,20201209150242
https://web.archive.org/web/20201209150242/https://www.elmundo.es/cataluna/2020/11/16/5fb25a4321efa078718b4581.html,20201209150242
https://web.archive.org/web/20201209150242/https://www.elmundo.es/baleares/2020/10/21/5f9008b8fdddff3e0d8b4786.html,20201209150242
https://web.archive.org/web/20201209150242/https://www.elmundo.es/madrid/2020/09/10/5f5a20d9fdddffc0a08b46bd.html,20201209150242
https://web.archive.org/web/20201211191440/https://www.elmundo.es/cataluna/2020/11/24/5fbd638321efa04e488b462b.html,20201211191440
https://web.archive.org/web/20201211191440/https://www.elmundo.es/cataluna/2020/11/16/5fb25a4321efa078718b4581.html,20201211191440
https://web.archive.org/web/20201211191440/https://www.elmundo.es/baleares/2020/10/21/5f9008b8fdddff3e0d8b4786.html,20201211191440
https://web.archive.org/web/20201212220849/https://www.elmundo.es/cataluna/2020/11/24/5fbd638321efa04e488b462b.html,20201212220849
https://web.archive.org/web/20201212220849/https://www.elmundo.es/cataluna/2020/11/16/5fb25a4321efa078718b4581.html,20201212220849
https://web.archive.org/web/20201212220849/https://www.elmundo.es/baleares/2020/10/21/5f9008b8fdddff3e0d8b4786.html,20201212220849
https://web.archive.org/web/20201214231253/https://www.elmundo.es/cataluna/2020/11/24/5fbd638321efa04e488b462b.html,20201214231253
https://web.archive.org/web/20201214231253/https://www.elmundo.es/cataluna/2020/11/16/5fb25a4321efa078718b4581.html,20201214231253
https://web.archive.org/web/20201214231253/https://www.elmundo.es/baleares/2020/10/21/5f9008b8fdddff3e0d8b4786.html,20201214231253
https://web.archive.org/web/20201216012341/https://www.elmundo.es/cataluna/2020/11/24/5fbd638321efa04e488b462b.html,20201216012341
https://web.archive.org/web/20201216012341/https://www.elmundo.es/cataluna/2020/11/16/5fb25a4321efa078718b4581.html,20201216012341
https://web.archive.org/web/20201216012341/https://www.elmundo.es/baleares/2020/10/21/5f9008b8fdddff3e0d8b4786.html,20201216012341
https://web.archive.org/web/20201218102317/https://www.elmundo.es/cataluna/2020/11/24/5fbd638321efa04e488b462b.html,20201218102317
https://web.archive.org/web/20201218102317/https://www.elmundo.es/cataluna/2020/11/16/5fb25a4321efa078718b4581.html,20201218102317
https://web.archive.org/web/20201218102317/https://www.elmundo.es/baleares/2020/10/21/5f9008b8fdddff3e0d8b4786.html,20201218102317
https://web.archive.org/web/20201220123710/https://www.elmundo.es/cataluna/2020/11/24/5fbd638321efa04e488b462b.html,20201220123710
https://web.archive.org/web/20201220123710/https://www.elmundo.es/cataluna/2020/11/16/5fb25a4321efa078718b4581.html,20201220123710
https://web.archive.org/web/20201220123710/https://www.elmundo.es/baleares/2020/10/21/5f9008b8fdddff3e0d8b4786.html,20201220123710
https://web.archive.org/web/20201221122033/https://www.elmundo.es/cataluna/2020/11/24/5fbd638321efa04e488b462b.html,20201221122033
https://web.archive.org/web/20201221122033/https://www.elmundo.es/cataluna/2020/11/16/5fb25a4321efa078718b4581.html,20201221122033
https://web.archive.org/web/20201221122033/https://www.elmundo.es/baleares/2020/10/21/5f9008b8fdddff3e0d8b4786.html,20201221122033
https://web.archive.org/web/20201227171401/https://www.elmundo.es/cataluna/2020/11/24/5fbd638321efa04e488b462b.html,20201227171401
https://web.archive.org/web/20201227171401/https://www.elmundo.es/cataluna/2020/11/16/5fb25a4321efa078718b4581.html,20201227171401
https://web.archive.org/web/20201227171401/https://www.elmundo.es/baleares/2020/10/21/5f9008b8fdddff3e0d8b4786.html,20201227171401
https://web.archive.org/web/20201228170058/https://www.elmundo.es/cataluna/2020/11/24/5fbd638321efa04e488b462b.html,20201228170058
https://web.archive.org/web/20201228170058/https://www.elmundo.es/cataluna/2020/11/16/5fb25a4321efa078718b4581.html,20201228170058
https://web.archive.org/web/20201228170058/https://www.elmundo.es/baleares/2020/10/21/5f9008b8fdddff3e0d8b4786.html,20201228170058
https://web.archive.org/web/20210120235126/https://www.elmundo.es/cataluna/2020/11/24/5fbd638321efa04e488b462b.html,20210120235126
https://web.archive.org/web/20210120235126/https://www.elmundo.es/cataluna/2020/11/16/5fb25a4321efa078718b4581.html,20210120235126
https://web.archive.org/web/20210120235126/https://www.elmundo.es/baleares/2020/10/21/5f9008b8fdddff3e0d8b4786.html,20210120235126
https://web.archive.org/web/20210122062359/https://www.elmundo.es/cataluna/2020/11/24/5fbd638321efa04e488b462b.html,20210122062359
https://web.archive.org/web/20210122062359/https://www.elmundo.es/cataluna/2020/11/16/5fb25a4321efa078718b4581.html,20210122062359
https://web.archive.org/web/20210122062359/https://www.elmundo.es/baleares/2020/10/21/5f9008b8fdddff3e0d8b4786.html,20210122062359
https://web.archive.org/web/20210716005309/https://www.elmundo.es/comunidad-valenciana/castellon/2021/03/16/60508df321efa0456a8b45c3.html,20210716005309
https://web.archive.org/web/20220303154423/https://www.elmundo.es/papel/historias/2021/11/12/618e416121efa0125f8b4602.html,20220303154423
https://web.archive.org/web/20220601123120/https://www.elmundo.es/comunidad-valenciana/castellon/2022/04/06/624d68e221efa0a9478b45bd.html,20220601123120
https://web.archive.org/web/20230930042001/https://www.elmundo.es/andalucia/2023/07/31/64c79c30e9cf4ac2298b4594.html,20230930042001
https://web.archive.org/web/20240211163909/https://www.elmundo.es/ciencia-y-salud/salud/2023/12/21/65840674e9cf4a08218b4577.html,20240211163909
https://web.archive.org/web/20240211163909/https://www.elmundo.es/opinion/columnistas/2023/12/06/656f5a44fc6c83da6f8b45d5.html,20240211163909
https://web.archive.org/web/20240211163909/https://www.elmundo.es/andalucia/2023/11/03/6544c7a1e9cf4a5b6e8b457a.html,20240211163909
https://web.archive.org/web/20240211163909/https://www.elmundo.es/papel/historias/2023/11/01/65427530e85ece3e718b45a5.html,20240211163909
https://web.archive.org/web/20240213172647/https://www.elmundo.es/ciencia-y-salud/salud/2023/12/21/65840674e9cf4a08218b4577.html,20240213172647
https://web.archive.org/web/20240213172647/https://www.elmundo.es/opinion/columnistas/2023/12/06/656f5a44fc6c83da6f8b45d5.html,20240213172647
https://web.archive.org/web/20240213172647/https://www.elmundo.es/andalucia/2023/11/03/6544c7a1e9cf4a5b6e8b457a.html,20240213172647
https://web.archive.org/web/20240213172647/https://www.elmundo.es/papel/historias/2023/11/01/65427530e85ece3e718b45a5.html,20240213172647
https://web.archive.org/web/20240214152512/https://www.elmundo.es/ciencia-y-salud/salud/2023/12/21/65840674e9cf4a08218b4577.html,20240214152512
https://web.archive.org/web/20240214152512/https://www.elmundo.es/opinion/columnistas/2023/12/06/656f5a44fc6c83da6f8b45d5.html,20240214152512
https://web.archive.org/web/20240214152512/https://www.elmundo.es/andalucia/2023/11/03/6544c7a1e9cf4a5b6e8b457a.html,20240214152512
https://web.archive.org/web/20240214152512/https://www.elmundo.es/papel/historias/2023/11/01/65427530e85ece3e718b45a5.html,20240214152512
https://web.archive.org/web/20240215125125/https://www.elmundo.es/ciencia-y-salud/salud/2023/12/21/65840674e9cf4a08218b4577.html,20240215125125
https://web.archive.org/web/20240215125125/https://www.elmundo.es/opinion/columnistas/2023/12/06/656f5a44fc6c83da6f8b45d5.html,20240215125125
https://web.archive.org/web/20240215125125/https://www.elmundo.es/andalucia/2023/11/03/6544c7a1e9cf4a5b6e8b457a.html,20240215125125
https://web.archive.org/web/20240215125125/https://www.elmundo.es/papel/historias/2023/11/01/65427530e85ece3e718b45a5.html,20240215125125
https://web.archive.org/web/20240216134507/https://www.elmundo.es/ciencia-y-salud/salud/2023/12/21/65840674e9cf4a08218b4577.html,20240216134507
https://web.archive.org/web/20240216134507/https://www.elmundo.es/opinion/columnistas/2023/12/06/656f5a44fc6c83da6f8b45d5.html,20240216134507
https://web.archive.org/web/20240216134507/https://www.elmundo.es/andalucia/2023/11/03/6544c7a1e9cf4a5b6e8b457a.html,20240216134507
https://web.archive.org/web/20240216134507/https://www.elmundo.es/papel/historias/2023/11/01/65427530e85ece3e718b45a5.html,20240216134507
https://web.archive.org/web/20240218154405/https://www.elmundo.es/ciencia-y-salud/salud/2023/12/21/65840674e9cf4a08218b4577.html,20240218154405
https://web.archive.org/web/20240218154405/https://www.elmundo.es/opinion/columnistas/2023/12/06/656f5a44fc6c83da6f8b45d5.html,20240218154405
https://web.archive.org/web/20240218154405/https://www.elmundo.es/andalucia/2023/11/03/6544c7a1e9cf4a5b6e8b457a.html,20240218154405
https://web.archive.org/web/20240218154405/https://www.elmundo.es/papel/historias/2023/11/01/65427530e85ece3e718b45a5.html,20240218154405
https://web.archive.org/web/20240219154749/https://www.elmundo.es/ciencia-y-salud/salud/2023/12/21/65840674e9cf4a08218b4577.html,20240219154749
https://web.archive.org/web/20240219154749/https://www.elmundo.es/opinion/columnistas/2023/12/06/656f5a44fc6c83da6f8b45d5.html,20240219154749
https://web.archive.org/web/20240219154749/https://www.elmundo.es/andalucia/2023/11/03/6544c7a1e9cf4a5b6e8b457a.html,20240219154749
https://web.archive.org/web/20240219154749/https://www.elmundo.es/papel/historias/2023/11/01/65427530e85ece3e718b45a5.html,20240219154749
https://web.archive.org/web/20240220161034/https://www.elmundo.es/ciencia-y-salud/salud/2023/12/21/65840674e9cf4a08218b4577.html,20240220161034
https://web.archive.org/web/20240220161034/https://www.elmundo.es/opinion/columnistas/2023/12/06/656f5a44fc6c83da6f8b45d5.html,20240220161034
https://web.archive.org/web/20240220161034/https://www.elmundo.es/andalucia/2023/11/03/6544c7a1e9cf4a5b6e8b457a.html,20240220161034
https://web.archive.org/web/20240220161034/https://www.elmundo.es/papel/historias/2023/11/01/65427530e85ece3e718b45a5.html,20240220161034
https://web.archive.org/web/20240222214803/https://www.elmundo.es/ciencia-y-salud/salud/2023/12/21/65840674e9cf4a08218b4577.html,20240222214803
https://web.archive.org/web/20240222214803/https://www.elmundo.es/opinion/columnistas/2023/12/06/656f5a44fc6c83da6f8b45d5.html,20240222214803
https://web.archive.org/web/20240222214803/https://www.elmundo.es/andalucia/2023/11/03/6544c7a1e9cf4a5b6e8b457a.html,20240222214803
https://web.archive.org/web/20240222214803/https://www.elmundo.es/papel/historias/2023/11/01/65427530e85ece3e718b45a5.html,20240222214803
https://web.archive.org/web/20240224224304/https://www.elmundo.es/ciencia-y-salud/salud/2023/12/21/65840674e9cf4a08218b4577.html,20240224224304
https://web.archive.org/web/20240224224304/https://www.elmundo.es/opinion/columnistas/2023/12/06/656f5a44fc6c83da6f8b45d5.html,20240224224304
https://web.archive.org/web/20240224224304/https://www.elmundo.es/andalucia/2023/11/03/6544c7a1e9cf4a5b6e8b457a.html,20240224224304
https://web.archive.org/web/20240224224304/https://www.elmundo.es/papel/historias/2023/11/01/65427530e85ece3e718b45a5.html,20240224224304
https://web.archive.org/web/20240228020953/https://www.elmundo.es/ciencia-y-salud/salud/2023/12/21/65840674e9cf4a08218b4577.html,20240228020953
https://web.archive.org/web/20240228020953/https://www.elmundo.es/opinion/columnistas/2023/12/06/656f5a44fc6c83da6f8b45d5.html,20240228020953
https://web.archive.org/web/20240228020953/https://www.elmundo.es/andalucia/2023/11/03/6544c7a1e9cf4a5b6e8b457a.html,20240228020953
https://web.archive.org/web/20240228020953/https://www.elmundo.es/papel/historias/2023/11/01/65427530e85ece3e718b45a5.html,20240228020953
https://web.archive.org/web/20240318100107/https://www.elmundo.es/la-lectura/2024/03/14/65ea146de85ece52418b45ae.html,20240318100107
https://web.archive.org/web/20240318100107/https://www.elmundo.es/papel/historias/2024/03/05/65e7038cfdddff21068b45ba.html,20240318100107
https://web.archive.org/web/20240318100107/https://www.elmundo.es/ciencia-y-salud/salud/2023/12/21/65840674e9cf4a08218b4577.html,20240318100107
https://web.archive.org/web/20240318100107/https://www.elmundo.es/opinion/columnistas/2023/12/06/656f5a44fc6c83da6f8b45d5.html,20240318100107
https://web.archive.org/web/20240319102120/https://www.elmundo.es/la-lectura/2024/03/14/65ea146de85ece52418b45ae.html,20240319102120
https://web.archive.org/web/20240319102120/https://www.elmundo.es/papel/historias/2024/03/05/65e7038cfdddff21068b45ba.html,20240319102120
https://web.archive.org/web/20240319102120/https://www.elmundo.es/ciencia-y-salud/salud/2023/12/21/65840674e9cf4a08218b4577.html,20240319102120
https://web.archive.org/web/20240319102120/https://www.elmundo.es/opinion/columnistas/2023/12/06/656f5a44fc6c83da6f8b45d5.html,20240319102120
https://web.archive.org/web/20240320105620/https://www.elmundo.es/la-lectura/2024/03/14/65ea146de85ece52418b45ae.html,20240320105620
https://web.archive.org/web/20240320105620/https://www.elmundo.es/papel/historias/2024/03/05/65e7038cfdddff21068b45ba.html,20240320105620
https://web.archive.org/web/20240320105620/https://www.elmundo.es/ciencia-y-salud/salud/2023/12/21/65840674e9cf4a08218b4577.html,20240320105620
https://web.archive.org/web/20240320105620/https://www.elmundo.es/opinion/columnistas/2023/12/06/656f5a44fc6c83da6f8b45d5.html,20240320105620
https://web.archive.org/web/20240321122404/https://www.elmundo.es/la-lectura/2024/03/14/65ea146de85ece52418b45ae.html,20240321122404
https://web.archive.org/web/20240321122404/https://www.elmundo.es/papel/historias/2024/03/05/65e7038cfdddff21068b45ba.html,20240321122404
https://web.archive.org/web/20240321122404/https://www.elmundo.es/ciencia-y-salud/salud/2023/12/21/65840674e9cf4a08218b4577.html,20240321122404
https://web.archive.org/web/20240321122404/https://www.elmundo.es/opinion/columnistas/2023/12/06/656f5a44fc6c83da6f8b45d5.html,20240321122404
https://web.archive.org/web/20240323134839/https://www.elmundo.es/la-lectura/2024/03/14/65ea146de85ece52418b45ae.html,20240323134839
https://web.archive.org/web/20240323134839/https://www.elmundo.es/papel/historias/2024/03/05/65e7038cfdddff21068b45ba.html,20240323134839
https://web.archive.org/web/20240323134839/https://www.elmundo.es/ciencia-y-salud/salud/2023/12/21/65840674e9cf4a08218b4577.html,20240323134839
https://web.archive.org/web/20240323134839/https://www.elmundo.es/opinion/columnistas/2023/12/06/656f5a44fc6c83da6f8b45d5.html,20240323134839
https://web.archive.org/web/20240326053027/https://www.elmundo.es/la-lectura/2024/03/14/65ea146de85ece52418b45ae.html,20240326053027
https://web.archive.org/web/20240326053027/https://www.elmundo.es/papel/historias/2024/03/05/65e7038cfdddff21068b45ba.html,20240326053027
https://web.archive.org/web/20240326053027/https://www.elmundo.es/ciencia-y-salud/salud/2023/12/21/65840674e9cf4a08218b4577.html,20240326053027
https://web.archive.org/web/20240326053027/https://www.elmundo.es/opinion/columnistas/2023/12/06/656f5a44fc6c83da6f8b45d5.html,20240326053027
https://web.archive.org/web/20240327004039/https://www.elmundo.es/la-lectura/2024/03/14/65ea146de85ece52418b45ae.html,20240327004039
https://web.archive.org/web/20240327004039/https://www.elmundo.es/papel/historias/2024/03/05/65e7038cfdddff21068b45ba.html,20240327004039
https://web.archive.org/web/20240327004039/https://www.elmundo.es/ciencia-y-salud/salud/2023/12/21/65840674e9cf4a08218b4577.html,20240327004039
https://web.archive.org/web/20240327004039/https://www.elmundo.es/opinion/columnistas/2023/12/06/656f5a44fc6c83da6f8b45d5.html,20240327004039
https://web.archive.org/web/20240328121534/https://www.elmundo.es/la-lectura/2024/03/14/65ea146de85ece52418b45ae.html,20240328121534
https://web.archive.org/web/20240328121534/https://www.elmundo.es/papel/historias/2024/03/05/65e7038cfdddff21068b45ba.html,20240328121534
https://web.archive.org/web/20240328121534/https://www.elmundo.es/ciencia-y-salud/salud/2023/12/21/65840674e9cf4a08218b4577.html,20240328121534
https://web.archive.org/web/20240328121534/https://www.elmundo.es/opinion/columnistas/2023/12/06/656f5a44fc6c83da6f8b45d5.html,20240328121534
https://web.archive.org/web/20240402130534/https://www.elmundo.es/la-lectura/2024/03/14/65ea146de85ece52418b45ae.html,20240402130534
https://web.archive.org/web/20240402130534/https://www.elmundo.es/papel/historias/2024/03/05/65e7038cfdddff21068b45ba.html,20240402130534
https://web.archive.org/web/20240402130534/https://www.elmundo.es/ciencia-y-salud/salud/2023/12/21/65840674e9cf4a08218b4577.html,20240402130534
https://web.archive.org/web/20240402130534/https://www.elmundo.es/opinion/columnistas/2023/12/06/656f5a44fc6c83da6f8b45d5.html,20240402130534
https://web.archive.org/web/20240405160848/https://www.elmundo.es/la-lectura/2024/03/14/65ea146de85ece52418b45ae.html,20240405160848
https://web.archive.org/web/20240405160848/https://www.elmundo.es/papel/historias/2024/03/05/65e7038cfdddff21068b45ba.html,20240405160848
https://web.archive.org/web/20240405160848/https://www.elmundo.es/ciencia-y-salud/salud/2023/12/21/65840674e9cf4a08218b4577.html,20240405160848
https://web.archive.org/web/20240405160848/https://www.elmundo.es/opinion/columnistas/2023/12/06/656f5a44fc6c83da6f8b45d5.html,20240405160848
https://web.archive.org/web/20240408034322/https://www.elmundo.es/la-lectura/2024/03/14/65ea146de85ece52418b45ae.html,20240408034322
https://web.archive.org/web/20240408034322/https://www.elmundo.es/papel/historias/2024/03/05/65e7038cfdddff21068b45ba.html,20240408034322
https://web.archive.org/web/20240408034322/https://www.elmundo.es/ciencia-y-salud/salud/2023/12/21/65840674e9cf4a08218b4577.html,20240408034322
https://web.archive.org/web/20240415175521/https://www.elmundo.es/la-lectura/2024/03/14/65ea146de85ece52418b45ae.html,20240415175521
https://web.archive.org/web/20240415175521/https://www.elmundo.es/papel/historias/2024/03/05/65e7038cfdddff21068b45ba.html,20240415175521
https://web.archive.org/web/20240415175521/https://www.elmundo.es/ciencia-y-salud/salud/2023/12/21/65840674e9cf4a08218b4577.html,20240415175521
https://web.archive.org/web/20240419064358/https://www.elmundo.es/la-lectura/2024/03/14/65ea146de85ece52418b45ae.html,20240419064358
https://web.archive.org/web/20240419064358/https://www.elmundo.es/papel/historias/2024/03/05/65e7038cfdddff21068b45ba.html,20240419064358
https://web.archive.org/web/20240419064358/https://www.elmundo.es/ciencia-y-salud/salud/2023/12/21/65840674e9cf4a08218b4577.html,20240419064358
https://web.archive.org/web/20240420212502/https://www.elmundo.es/la-lectura/2024/03/14/65ea146de85ece52418b45ae.html,20240420212502
https://web.archive.org/web/20240420212502/https://www.elmundo.es/papel/historias/2024/03/05/65e7038cfdddff21068b45ba.html,20240420212502
https://web.archive.org/web/20240420212502/https://www.elmundo.es/ciencia-y-salud/salud/2023/12/21/65840674e9cf4a08218b4577.html,20240420212502
https://web.archive.org/web/20240426012630/https://www.elmundo.es/la-lectura/2024/03/14/65ea146de85ece52418b45ae.html,20240426012630
https://web.archive.org/web/20240426012630/https://www.elmundo.es/papel/historias/2024/03/05/65e7038cfdddff21068b45ba.html,20240426012630
https://web.archive.org/web/20240429033959/https://www.elmundo.es/la-lectura/2024/03/14/65ea146de85ece52418b45ae.html,20240429033959
https://web.archive.org/web/20240429033959/https://www.elmundo.es/papel/historias/2024/03/05/65e7038cfdddff21068b45ba.html,20240429033959
https://web.archive.org/web/20240430051833/https://www.elmundo.es/la-lectura/2024/03/14/65ea146de85ece52418b45ae.html,20240430051833
https://web.archive.org/web/20240430051833/https://www.elmundo.es/papel/historias/2024/03/05/65e7038cfdddff21068b45ba.html,20240430051833
https://web.archive.org/web/20240501021018/https://www.elmundo.es/la-lectura/2024/03/14/65ea146de85ece52418b45ae.html,20240501021018
https://web.archive.org/web/20240501021018/https://www.elmundo.es/papel/historias/2024/03/05/65e7038cfdddff21068b45ba.html,20240501021018
https://web.archive.org/web/20240505120604/https://www.elmundo.es/la-lectura/2024/03/14/65ea146de85ece52418b45ae.html,20240505120604
https://web.archive.org/web/20240505120604/https://www.elmundo.es/papel/historias/2024/03/05/65e7038cfdddff21068b45ba.html,20240505120604
https://web.archive.org/web/20240506211206/https://www.elmundo.es/la-lectura/2024/03/14/65ea146de85ece52418b45ae.html,20240506211206
https://web.archive.org/web/20240506211206/https://www.elmundo.es/papel/historias/2024/03/05/65e7038cfdddff21068b45ba.html,20240506211206
https://web.archive.org/web/20240515033731/https://www.elmundo.es/la-lectura/2024/03/14/65ea146de85ece52418b45ae.html,20240515033731
https://web.archive.org/web/20240515033731/https://www.elmundo.es/papel/historias/2024/03/05/65e7038cfdddff21068b45ba.html,20240515033731
https://web.archive.org/web/20241213133352/https://www.elmundo.es/podcasts/el-mundo-al-dia/2024/09/13/66e2fc1d21efa0d17e8b4585.html,20241213133352
