url,snapshot
https://web.archive.org/web/20140513041925/https://www.elmundo.es/espana/2014/05/12/536fedb4ca47418c6c8b4573.html,20140513041925
https://web.archive.org/web/20140514133622/https://www.elmundo.es/espana/2014/05/12/536fedb4ca47418c6c8b4573.html,20140514133622
https://web.archive.org/web/20140516201207/https://www.elmundo.es/espana/2014/05/12/536fedb4ca47418c6c8b4573.html,20140516201207
https://https/pais-vasco.html,20160709174322
https://web.archive.org/web/20140701013119/https://www.elmundo.es/pais-vasco/2014/06/04/538ef9a122601dff178b4570.html,20140701013119
https://web.archive.org/web/20140706154915/https://www.elmundo.es/pais-vasco/2014/06/04/538ef9a122601dff178b4570.html,20140706154915
https://https/espana.html,20160222190127
https://web.archive.org/web/20140810085238/https://www.elmundo.es/espana/2014/08/02/53dcd405ca474168388b4582.html,20140810085238
https://web.archive.org/web/20141020143921/https://www.elmundo.es/espana/2014/10/14/543ceeed268e3ef03e8b4570.html,20141020143921
https://web.archive.org/web/20150417151050/https://www.elmundo.es/pais-vasco/2015/04/04/5520110e268e3ef57f8b457a.html,20150417151050
https://web.archive.org/web/20150417151050/https://www.elmundo.es/opinion/2015/03/30/5519a585ca4741d64a8b456b.html,20150417151050
https://web.archive.org/web/20150417151050/https://www.elmundo.es/espana/2015/03/11/5500023a22601db54b8b456e.html,20150417151050
https://web.archive.org/web/20150818135555/https://www.elmundo.es/cataluna/2015/08/14/55ce059fca47415d048b4599.html,20150818135555
https://web.archive.org/web/20150818135555/https://www.elmundo.es/opinion/2015/08/03/55be641022601d5a588b4583.html,20150818135555
https://web.archive.org/web/20150818135555/https://www.elmundo.es/espana/2015/07/23/55b0cddbe2704e43068b4582.html,20150818135555
https://web.archive.org/web/20150819170724/https://www.elmundo.es/pais-vasco/2015/08/19/55d478a8e2704ecb2b8b458d.html,20150819170724
https://web.archive.org/web/20150819170724/https://www.elmundo.es/cataluna/2015/08/14/55ce059fca47415d048b4599.html,20150819170724
https://web.archive.org/web/20150819170724/https://www.elmundo.es/opinion/2015/08/03/55be641022601d5a588b4583.html,20150819170724
https://web.archive.org/web/20150819170724/https://www.elmundo.es/espana/2015/07/23/55b0cddbe2704e43068b4582.html,20150819170724
https://web.archive.org/web/20150820194608/https://www.elmundo.es/pais-vasco/2015/08/19/55d478a8e2704ecb2b8b458d.html,20150820194608
https://web.archive.org/web/20150820194608/https://www.elmundo.es/cataluna/2015/08/14/55ce059fca47415d048b4599.html,20150820194608
https://web.archive.org/web/20150820194608/https://www.elmundo.es/opinion/2015/08/03/55be641022601d5a588b4583.html,20150820194608
https://web.archive.org/web/20150821234033/https://www.elmundo.es/pais-vasco/2015/08/21/55d6fe11268e3ee5578b4573.html,20150821234033
https://web.archive.org/web/20150821234033/https://www.elmundo.es/pais-vasco/2015/08/19/55d478a8e2704ecb2b8b458d.html,20150821234033
https://web.archive.org/web/20150821234033/https://www.elmundo.es/cataluna/2015/08/14/55ce059fca47415d048b4599.html,20150821234033
https://web.archive.org/web/20150821234033/https://www.elmundo.es/opinion/2015/08/03/55be641022601d5a588b4583.html,20150821234033
https://web.archive.org/web/20150823024732/https://www.elmundo.es/pais-vasco/2015/08/21/55d6fe11268e3ee5578b4573.html,20150823024732
https://web.archive.org/web/20150823024732/https://www.elmundo.es/pais-vasco/2015/08/19/55d478a8e2704ecb2b8b458d.html,20150823024732
https://web.archive.org/web/20150823024732/https://www.elmundo.es/cataluna/2015/08/14/55ce059fca47415d048b4599.html,20150823024732
https://web.archive.org/web/20150823024732/https://www.elmundo.es/opinion/2015/08/03/55be641022601d5a588b4583.html,20150823024732
https://web.archive.org/web/20150913183952/https://www.elmundo.es/pais-vasco/2015/09/09/55f010ec268e3ee2128b457b.html,20150913183952
https://web.archive.org/web/20150913183952/https://www.elmundo.es/pais-vasco/2015/08/21/55d6fe11268e3ee5578b4573.html,20150913183952
https://web.archive.org/web/20150913183952/https://www.elmundo.es/pais-vasco/2015/08/19/55d478a8e2704ecb2b8b458d.html,20150913183952
https://web.archive.org/web/20151016232908/https://www.elmundo.es/sociedad/2015/10/07/5615115e22601dd3168b4641.html,20151016232908
https://web.archive.org/web/20151016232908/https://www.elmundo.es/baleares/2015/09/24/56031a7e268e3e382b8b45ab.html,20151016232908
https://web.archive.org/web/20151016232908/https://www.elmundo.es/pais-vasco/2015/09/09/55f010ec268e3ee2128b457b.html,20151016232908
https://web.archive.org/web/20151019051539/https://www.elmundo.es/sociedad/2015/10/07/5615115e22601dd3168b4641.html,20151019051539
https://web.archive.org/web/20151019051539/https://www.elmundo.es/baleares/2015/09/24/56031a7e268e3e382b8b45ab.html,20151019051539
https://web.archive.org/web/20151019051539/https://www.elmundo.es/pais-vasco/2015/09/09/55f010ec268e3ee2128b457b.html,20151019051539
https://web.archive.org/web/20151025132037/https://www.elmundo.es/sociedad/2015/10/21/56279cff268e3e534d8b4659.html,20151025132037
https://web.archive.org/web/20151025132037/https://www.elmundo.es/pais-vasco/2015/10/20/56261f25e2704e710a8b45d6.html,20151025132037
https://web.archive.org/web/20151025132037/https://www.elmundo.es/sociedad/2015/10/07/5615115e22601dd3168b4641.html,20151025132037
https://web.archive.org/web/20151025132037/https://www.elmundo.es/baleares/2015/09/24/56031a7e268e3e382b8b45ab.html,20151025132037
https://web.archive.org/web/20151025132037/https://www.elmundo.es/pais-vasco/2015/09/09/55f010ec268e3ee2128b457b.html,20151025132037
https://web.archive.org/web/20151026052114/https://www.elmundo.es/sociedad/2015/10/21/56279cff268e3e534d8b4659.html,20151026052114
https://web.archive.org/web/20151026052114/https://www.elmundo.es/pais-vasco/2015/10/20/56261f25e2704e710a8b45d6.html,20151026052114
https://web.archive.org/web/20151026052114/https://www.elmundo.es/sociedad/2015/10/07/5615115e22601dd3168b4641.html,20151026052114
https://web.archive.org/web/20151026052114/https://www.elmundo.es/baleares/2015/09/24/56031a7e268e3e382b8b45ab.html,20151026052114
https://web.archive.org/web/20151026052114/https://www.elmundo.es/pais-vasco/2015/09/09/55f010ec268e3ee2128b457b.html,20151026052114
https://web.archive.org/web/20151102033410/https://www.elmundo.es/sociedad/2015/10/21/56279cff268e3e534d8b4659.html,20151102033410
https://web.archive.org/web/20151102033410/https://www.elmundo.es/pais-vasco/2015/10/20/56261f25e2704e710a8b45d6.html,20151102033410
https://web.archive.org/web/20151102033410/https://www.elmundo.es/sociedad/2015/10/07/5615115e22601dd3168b4641.html,20151102033410
https://web.archive.org/web/20151102033410/https://www.elmundo.es/baleares/2015/09/24/56031a7e268e3e382b8b45ab.html,20151102033410
https://web.archive.org/web/20151102033410/https://www.elmundo.es/pais-vasco/2015/09/09/55f010ec268e3ee2128b457b.html,20151102033410
https://web.archive.org/web/20151106040503/https://www.elmundo.es/sociedad/2015/10/21/56279cff268e3e534d8b4659.html,20151106040503
https://web.archive.org/web/20151106040503/https://www.elmundo.es/pais-vasco/2015/10/20/56261f25e2704e710a8b45d6.html,20151106040503
https://web.archive.org/web/20151106040503/https://www.elmundo.es/sociedad/2015/10/07/5615115e22601dd3168b4641.html,20151106040503
https://web.archive.org/web/20151106040503/https://www.elmundo.es/baleares/2015/09/24/56031a7e268e3e382b8b45ab.html,20151106040503
https://web.archive.org/web/20151107065907/https://www.elmundo.es/sociedad/2015/11/07/563cad0be2704e47778b45c6.html,20151107065907
https://web.archive.org/web/20151107065907/https://www.elmundo.es/sociedad/2015/11/06/563cad3ae2704ee06c8b45b7.html,20151107065907
https://https/sociedad.html,20160709174322
https://web.archive.org/web/20151107065907/https://www.elmundo.es/sociedad/2015/11/05/563a41cce2704ef86f8b4581.html,20151107065907
https://web.archive.org/web/20151107065907/https://www.elmundo.es/sociedad/2015/10/21/56279cff268e3e534d8b4659.html,20151107065907
https://web.archive.org/web/20151107065907/https://www.elmundo.es/pais-vasco/2015/10/20/56261f25e2704e710a8b45d6.html,20151107065907
https://web.archive.org/web/20151107065907/https://www.elmundo.es/sociedad/2015/10/07/5615115e22601dd3168b4641.html,20151107065907
https://web.archive.org/web/20151108092716/https://www.elmundo.es/sociedad/2015/11/07/563b7286268e3ee7168b45e7.html,20151108092716
https://web.archive.org/web/20151108092716/https://www.elmundo.es/album/espana/2015/11/07/563dd30d268e3e404d8b45a7.html,20151108092716
https://web.archive.org/web/20151108092716/https://www.elmundo.es/sociedad/2015/11/06/563cad3ae2704ee06c8b45b7.html,20151108092716
https://web.archive.org/web/20151108092716/https://www.elmundo.es/sociedad/2015/11/05/563a41cce2704ef86f8b4581.html,20151108092716
https://web.archive.org/web/20151108092716/https://www.elmundo.es/sociedad/2015/10/21/56279cff268e3e534d8b4659.html,20151108092716
https://web.archive.org/web/20151108092716/https://www.elmundo.es/pais-vasco/2015/10/20/56261f25e2704e710a8b45d6.html,20151108092716
https://web.archive.org/web/20151108092716/https://www.elmundo.es/sociedad/2015/10/07/5615115e22601dd3168b4641.html,20151108092716
https://web.archive.org/web/20151109121021/https://www.elmundo.es/sociedad/2015/11/07/563b7286268e3ee7168b45e7.html,20151109121021
https://web.archive.org/web/20151109121021/https://www.elmundo.es/album/espana/2015/11/07/563dd30d268e3e404d8b45a7.html,20151109121021
https://web.archive.org/web/20151109121021/https://www.elmundo.es/sociedad/2015/11/06/563cad3ae2704ee06c8b45b7.html,20151109121021
https://web.archive.org/web/20151109121021/https://www.elmundo.es/sociedad/2015/11/05/563a41cce2704ef86f8b4581.html,20151109121021
https://web.archive.org/web/20151109121021/https://www.elmundo.es/sociedad/2015/10/21/56279cff268e3e534d8b4659.html,20151109121021
https://web.archive.org/web/20151109121021/https://www.elmundo.es/pais-vasco/2015/10/20/56261f25e2704e710a8b45d6.html,20151109121021
https://web.archive.org/web/20151109121021/https://www.elmundo.es/sociedad/2015/10/07/5615115e22601dd3168b4641.html,20151109121021
https://web.archive.org/web/20151110155518/https://www.elmundo.es/sociedad/2015/11/10/5641e9db268e3edb738b45b8.html,20151110155518
https://web.archive.org/web/20151110155518/https://www.elmundo.es/sociedad/2015/11/07/563b7286268e3ee7168b45e7.html,20151110155518
https://web.archive.org/web/20151110155518/https://www.elmundo.es/album/espana/2015/11/07/563dd30d268e3e404d8b45a7.html,20151110155518
https://web.archive.org/web/20151110155518/https://www.elmundo.es/sociedad/2015/11/06/563cad3ae2704ee06c8b45b7.html,20151110155518
https://web.archive.org/web/20151110155518/https://www.elmundo.es/sociedad/2015/11/05/563a41cce2704ef86f8b4581.html,20151110155518
https://web.archive.org/web/20151110155518/https://www.elmundo.es/sociedad/2015/10/21/56279cff268e3e534d8b4659.html,20151110155518
https://web.archive.org/web/20151110155518/https://www.elmundo.es/pais-vasco/2015/10/20/56261f25e2704e710a8b45d6.html,20151110155518
https://web.archive.org/web/20151110155518/https://www.elmundo.es/sociedad/2015/10/07/5615115e22601dd3168b4641.html,20151110155518
https://web.archive.org/web/20151115034529/https://www.elmundo.es/sociedad/2015/11/15/56477065e2704eca578b45d7.html,20151115034529
https://web.archive.org/web/20151115034529/https://www.elmundo.es/comunidad-valenciana/2015/11/14/5646113eca47411e728b45d4.html,20151115034529
https://web.archive.org/web/20151115034529/https://www.elmundo.es/opinion/2015/11/14/56462c31e2704e8b538b4571.html,20151115034529
https://web.archive.org/web/20151115034529/https://www.elmundo.es/sociedad/2015/11/10/5641e9db268e3edb738b45b8.html,20151115034529
https://web.archive.org/web/20151115034529/https://www.elmundo.es/sociedad/2015/11/07/563b7286268e3ee7168b45e7.html,20151115034529
https://web.archive.org/web/20151115034529/https://www.elmundo.es/album/espana/2015/11/07/563dd30d268e3e404d8b45a7.html,20151115034529
https://web.archive.org/web/20151115034529/https://www.elmundo.es/sociedad/2015/11/06/563cad3ae2704ee06c8b45b7.html,20151115034529
https://web.archive.org/web/20151115034529/https://www.elmundo.es/sociedad/2015/11/05/563a41cce2704ef86f8b4581.html,20151115034529
https://web.archive.org/web/20151115034529/https://www.elmundo.es/sociedad/2015/10/21/56279cff268e3e534d8b4659.html,20151115034529
https://web.archive.org/web/20151116062708/https://www.elmundo.es/sociedad/2015/11/16/5648de12ca474109638b45c3.html,20151116062708
https://web.archive.org/web/20151116062708/https://www.elmundo.es/sociedad/2015/11/15/56477065e2704eca578b45d7.html,20151116062708
https://web.archive.org/web/20151116062708/https://www.elmundo.es/comunidad-valenciana/2015/11/14/5646113eca47411e728b45d4.html,20151116062708
https://web.archive.org/web/20151116062708/https://www.elmundo.es/opinion/2015/11/14/56462c31e2704e8b538b4571.html,20151116062708
https://web.archive.org/web/20151116062708/https://www.elmundo.es/sociedad/2015/11/10/5641e9db268e3edb738b45b8.html,20151116062708
https://web.archive.org/web/20151116062708/https://www.elmundo.es/sociedad/2015/11/07/563b7286268e3ee7168b45e7.html,20151116062708
https://web.archive.org/web/20151116062708/https://www.elmundo.es/album/espana/2015/11/07/563dd30d268e3e404d8b45a7.html,20151116062708
https://web.archive.org/web/20151116062708/https://www.elmundo.es/sociedad/2015/11/06/563cad3ae2704ee06c8b45b7.html,20151116062708
https://web.archive.org/web/20151116062708/https://www.elmundo.es/sociedad/2015/11/05/563a41cce2704ef86f8b4581.html,20151116062708
https://web.archive.org/web/20151124015539/https://www.elmundo.es/pais-vasco/2015/11/23/56530236268e3ee0028b4621.html,20151124015539
https://web.archive.org/web/20151124015539/https://www.elmundo.es/pais-vasco/2015/11/20/564f16df22601d4e6a8b459b.html,20151124015539
https://web.archive.org/web/20151124015539/https://www.elmundo.es/sociedad/2015/11/16/5648de12ca474109638b45c3.html,20151124015539
https://web.archive.org/web/20151124015539/https://www.elmundo.es/sociedad/2015/11/15/56477065e2704eca578b45d7.html,20151124015539
https://web.archive.org/web/20151124015539/https://www.elmundo.es/comunidad-valenciana/2015/11/14/5646113eca47411e728b45d4.html,20151124015539
https://web.archive.org/web/20151124015539/https://www.elmundo.es/opinion/2015/11/14/56462c31e2704e8b538b4571.html,20151124015539
https://web.archive.org/web/20151124015539/https://www.elmundo.es/sociedad/2015/11/10/5641e9db268e3edb738b45b8.html,20151124015539
https://web.archive.org/web/20151124015539/https://www.elmundo.es/sociedad/2015/11/07/563b7286268e3ee7168b45e7.html,20151124015539
https://web.archive.org/web/20151124015539/https://www.elmundo.es/album/espana/2015/11/07/563dd30d268e3e404d8b45a7.html,20151124015539
https://web.archive.org/web/20151124015539/https://www.elmundo.es/sociedad/2015/11/06/563cad3ae2704ee06c8b45b7.html,20151124015539
https://web.archive.org/web/20151124015539/https://www.elmundo.es/sociedad/2015/11/05/563a41cce2704ef86f8b4581.html,20151124015539
https://web.archive.org/web/20160222190127/https://www.elmundo.es/sociedad/2016/02/07/56b76f95ca4741b5268b4634.html,20160222190127
https://web.archive.org/web/20160222190127/https://www.elmundo.es/grafico/espana/2016/02/05/56b4ce8aca4741f9038b463f.html,20160222190127
https://web.archive.org/web/20160222190127/https://www.elmundo.es/sociedad/2016/01/27/56a8a73546163f5a028b4658.html,20160222190127
https://https/comunidad-valenciana.html,20160423162842
https://web.archive.org/web/20160403155243/https://www.elmundo.es/cataluna/2016/03/29/56fa5ffee2704e51218b45ac.html,20160403155243
https://web.archive.org/web/20160403155243/https://www.elmundo.es/sociedad/2016/03/11/56e29cb9268e3eb81b8b4611.html,20160403155243
https://web.archive.org/web/20160403155243/https://www.elmundo.es/f5/2016/03/11/56e2c7ec46163f97278b4652.html,20160403155243
https://web.archive.org/web/20160403155243/https://www.elmundo.es/madrid/2016/03/11/56e2f56046163fd3228b45b1.html,20160403155243
https://web.archive.org/web/20160403155243/https://www.elmundo.es/pais-vasco/2016/03/11/56e2d5ef46163f1f208b4588.html,20160403155243
https://https/baleares.html,20160423162842
https://web.archive.org/web/20160403155243/https://www.elmundo.es/espana/2016/03/08/56ddffdfca474110128b4574.html,20160403155243
https://web.archive.org/web/20160403155243/https://www.elmundo.es/cataluna/2016/03/04/56d960eb46163f924f8b4613.html,20160403155243
https://web.archive.org/web/20160403155243/https://www.elmundo.es/cataluna/2016/03/03/56d8655de2704ec71e8b4690.html,20160403155243
https://web.archive.org/web/20160423162842/https://www.elmundo.es/sociedad/2016/04/18/5714d0cae5fdea8d5c8b457e.html,20160423162842
https://web.archive.org/web/20160423162842/https://www.elmundo.es/pais-vasco/2016/04/05/5703b310ca474123558b4661.html,20160423162842
https://web.archive.org/web/20160423162842/https://www.elmundo.es/cataluna/2016/03/29/56fa5ffee2704e51218b45ac.html,20160423162842
https://web.archive.org/web/20160423162842/https://www.elmundo.es/sociedad/2016/03/11/56e29cb9268e3eb81b8b4611.html,20160423162842
https://web.archive.org/web/20160423162842/https://www.elmundo.es/f5/2016/03/11/56e2c7ec46163f97278b4652.html,20160423162842
https://web.archive.org/web/20160423162842/https://www.elmundo.es/madrid/2016/03/11/56e2f56046163fd3228b45b1.html,20160423162842
https://web.archive.org/web/20160423162842/https://www.elmundo.es/pais-vasco/2016/03/11/56e2d5ef46163f1f208b4588.html,20160423162842
https://web.archive.org/web/20160423162842/https://www.elmundo.es/espana/2016/03/08/56ddffdfca474110128b4574.html,20160423162842
https://web.archive.org/web/20160423162842/https://www.elmundo.es/cataluna/2016/03/04/56d960eb46163f924f8b4613.html,20160423162842
https://web.archive.org/web/20160511001438/https://www.elmundo.es/sociedad/2016/04/18/5714d0cae5fdea8d5c8b457e.html,20160511001438
https://web.archive.org/web/20160511001438/https://www.elmundo.es/pais-vasco/2016/04/05/5703b310ca474123558b4661.html,20160511001438
https://web.archive.org/web/20160511001438/https://www.elmundo.es/cataluna/2016/03/29/56fa5ffee2704e51218b45ac.html,20160511001438
https://web.archive.org/web/20160511001438/https://www.elmundo.es/sociedad/2016/03/11/56e29cb9268e3eb81b8b4611.html,20160511001438
https://web.archive.org/web/20160511001438/https://www.elmundo.es/f5/2016/03/11/56e2c7ec46163f97278b4652.html,20160511001438
https://web.archive.org/web/20160511001438/https://www.elmundo.es/madrid/2016/03/11/56e2f56046163fd3228b45b1.html,20160511001438
https://web.archive.org/web/20160511001438/https://www.elmundo.es/pais-vasco/2016/03/11/56e2d5ef46163f1f208b4588.html,20160511001438
https://web.archive.org/web/20160611185339/https://www.elmundo.es/comunidad-valenciana/2016/05/30/574bf59622601d484f8b4589.html,20160611185339
https://web.archive.org/web/20160611185339/https://www.elmundo.es/baleares/2016/05/16/5739c15c268e3e19658b4606.html,20160611185339
https://web.archive.org/web/20160611185339/https://www.elmundo.es/sociedad/2016/04/18/5714d0cae5fdea8d5c8b457e.html,20160611185339
https://web.archive.org/web/20160611185339/https://www.elmundo.es/pais-vasco/2016/04/05/5703b310ca474123558b4661.html,20160611185339
https://web.archive.org/web/20160613234901/https://www.elmundo.es/comunidad-valenciana/2016/05/30/574bf59622601d484f8b4589.html,20160613234901
https://web.archive.org/web/20160613234901/https://www.elmundo.es/baleares/2016/05/16/5739c15c268e3e19658b4606.html,20160613234901
https://web.archive.org/web/20160613234901/https://www.elmundo.es/sociedad/2016/04/18/5714d0cae5fdea8d5c8b457e.html,20160613234901
https://web.archive.org/web/20160613234901/https://www.elmundo.es/pais-vasco/2016/04/05/5703b310ca474123558b4661.html,20160613234901
https://web.archive.org/web/20160615180111/https://www.elmundo.es/comunidad-valenciana/2016/05/30/574bf59622601d484f8b4589.html,20160615180111
https://web.archive.org/web/20160615180111/https://www.elmundo.es/baleares/2016/05/16/5739c15c268e3e19658b4606.html,20160615180111
https://web.archive.org/web/20160615180111/https://www.elmundo.es/sociedad/2016/04/18/5714d0cae5fdea8d5c8b457e.html,20160615180111
https://web.archive.org/web/20160615180111/https://www.elmundo.es/pais-vasco/2016/04/05/5703b310ca474123558b4661.html,20160615180111
https://https/andalucia/sevilla.html,20160709174322
https://web.archive.org/web/20160619084709/https://www.elmundo.es/comunidad-valenciana/2016/05/30/574bf59622601d484f8b4589.html,20160619084709
https://web.archive.org/web/20160619084709/https://www.elmundo.es/baleares/2016/05/16/5739c15c268e3e19658b4606.html,20160619084709
https://web.archive.org/web/20160619084709/https://www.elmundo.es/sociedad/2016/04/18/5714d0cae5fdea8d5c8b457e.html,20160619084709
https://web.archive.org/web/20160621191419/https://www.elmundo.es/comunidad-valenciana/2016/05/30/574bf59622601d484f8b4589.html,20160621191419
https://web.archive.org/web/20160621191419/https://www.elmundo.es/baleares/2016/05/16/5739c15c268e3e19658b4606.html,20160621191419
https://web.archive.org/web/20160621191419/https://www.elmundo.es/sociedad/2016/04/18/5714d0cae5fdea8d5c8b457e.html,20160621191419
https://web.archive.org/web/20160709174322/https://www.elmundo.es/sociedad/2016/06/29/57738b39ca4741221e8b4636.html,20160709174322
https://web.archive.org/web/20160709174322/https://www.elmundo.es/comunidad-valenciana/2016/05/30/574bf59622601d484f8b4589.html,20160709174322
https://web.archive.org/web/20160709174322/https://www.elmundo.es/baleares/2016/05/16/5739c15c268e3e19658b4606.html,20160709174322
https://web.archive.org/web/20160813160716/https://www.elmundo.es/sociedad/2016/08/13/57ae2c5722601da72d8b4627.html,20160813160716
https://web.archive.org/web/20160813160716/https://www.elmundo.es/baleares/2016/08/12/57acc9fb468aebc1158b4594.html,20160813160716
https://web.archive.org/web/20160813160716/https://www.elmundo.es/sociedad/2016/07/26/57978417468aebd67d8b45a2.html,20160813160716
https://web.archive.org/web/20160813160716/https://www.elmundo.es/album/comunidad-valenciana/2016/07/20/578f48e9268e3e695f8b45bd.html,20160813160716
https://web.archive.org/web/20160813160716/https://www.elmundo.es/madrid/2016/07/18/578d15b522601dd64f8b45a2.html,20160813160716
https://web.archive.org/web/20160813160716/https://www.elmundo.es/sociedad/2016/06/29/57738b39ca4741221e8b4636.html,20160813160716
https://web.archive.org/web/20160815205116/https://www.elmundo.es/sociedad/2016/08/13/57ae2c5722601da72d8b4627.html,20160815205116
https://web.archive.org/web/20160815205116/https://www.elmundo.es/baleares/2016/08/12/57acc9fb468aebc1158b4594.html,20160815205116
https://web.archive.org/web/20160815205116/https://www.elmundo.es/sociedad/2016/07/26/57978417468aebd67d8b45a2.html,20160815205116
https://web.archive.org/web/20160815205116/https://www.elmundo.es/album/comunidad-valenciana/2016/07/20/578f48e9268e3e695f8b45bd.html,20160815205116
https://web.archive.org/web/20160815205116/https://www.elmundo.es/madrid/2016/07/18/578d15b522601dd64f8b45a2.html,20160815205116
https://web.archive.org/web/20160815205116/https://www.elmundo.es/sociedad/2016/06/29/57738b39ca4741221e8b4636.html,20160815205116
https://web.archive.org/web/20160824095544/https://www.elmundo.es/sociedad/2016/08/13/57ae2c5722601da72d8b4627.html,20160824095544
https://web.archive.org/web/20160824095544/https://www.elmundo.es/baleares/2016/08/12/57acc9fb468aebc1158b4594.html,20160824095544
https://web.archive.org/web/20160824095544/https://www.elmundo.es/sociedad/2016/07/26/57978417468aebd67d8b45a2.html,20160824095544
https://web.archive.org/web/20160824095544/https://www.elmundo.es/album/comunidad-valenciana/2016/07/20/578f48e9268e3e695f8b45bd.html,20160824095544
https://web.archive.org/web/20160824095544/https://www.elmundo.es/madrid/2016/07/18/578d15b522601dd64f8b45a2.html,20160824095544
https://web.archive.org/web/20160824095544/https://www.elmundo.es/sociedad/2016/06/29/57738b39ca4741221e8b4636.html,20160824095544
https://web.archive.org/web/20160825162433/https://www.elmundo.es/sociedad/2016/08/13/57ae2c5722601da72d8b4627.html,20160825162433
https://web.archive.org/web/20160825162433/https://www.elmundo.es/baleares/2016/08/12/57acc9fb468aebc1158b4594.html,20160825162433
https://web.archive.org/web/20160825162433/https://www.elmundo.es/sociedad/2016/07/26/57978417468aebd67d8b45a2.html,20160825162433
https://web.archive.org/web/20160825162433/https://www.elmundo.es/album/comunidad-valenciana/2016/07/20/578f48e9268e3e695f8b45bd.html,20160825162433
https://web.archive.org/web/20160825162433/https://www.elmundo.es/madrid/2016/07/18/578d15b522601dd64f8b45a2.html,20160825162433
https://web.archive.org/web/20160825162433/https://www.elmundo.es/sociedad/2016/06/29/57738b39ca4741221e8b4636.html,20160825162433
https://web.archive.org/web/20160827002030/https://www.elmundo.es/sociedad/2016/08/13/57ae2c5722601da72d8b4627.html,20160827002030
https://web.archive.org/web/20160827002030/https://www.elmundo.es/baleares/2016/08/12/57acc9fb468aebc1158b4594.html,20160827002030
https://web.archive.org/web/20160827002030/https://www.elmundo.es/sociedad/2016/07/26/57978417468aebd67d8b45a2.html,20160827002030
https://web.archive.org/web/20160827002030/https://www.elmundo.es/album/comunidad-valenciana/2016/07/20/578f48e9268e3e695f8b45bd.html,20160827002030
https://web.archive.org/web/20160827002030/https://www.elmundo.es/madrid/2016/07/18/578d15b522601dd64f8b45a2.html,20160827002030
https://web.archive.org/web/20160827002030/https://www.elmundo.es/sociedad/2016/06/29/57738b39ca4741221e8b4636.html,20160827002030
https://web.archive.org/web/20160828215319/https://www.elmundo.es/sociedad/2016/08/13/57ae2c5722601da72d8b4627.html,20160828215319
https://web.archive.org/web/20160828215319/https://www.elmundo.es/baleares/2016/08/12/57acc9fb468aebc1158b4594.html,20160828215319
https://web.archive.org/web/20160828215319/https://www.elmundo.es/sociedad/2016/07/26/57978417468aebd67d8b45a2.html,20160828215319
https://web.archive.org/web/20160828215319/https://www.elmundo.es/album/comunidad-valenciana/2016/07/20/578f48e9268e3e695f8b45bd.html,20160828215319
https://web.archive.org/web/20160828215319/https://www.elmundo.es/madrid/2016/07/18/578d15b522601dd64f8b45a2.html,20160828215319
https://web.archive.org/web/20160828215319/https://www.elmundo.es/sociedad/2016/06/29/57738b39ca4741221e8b4636.html,20160828215319
https://web.archive.org/web/20160901090942/https://www.elmundo.es/sociedad/2016/08/13/57ae2c5722601da72d8b4627.html,20160901090942
https://web.archive.org/web/20160901090942/https://www.elmundo.es/baleares/2016/08/12/57acc9fb468aebc1158b4594.html,20160901090942
https://web.archive.org/web/20160901090942/https://www.elmundo.es/sociedad/2016/07/26/57978417468aebd67d8b45a2.html,20160901090942
https://web.archive.org/web/20160901090942/https://www.elmundo.es/album/comunidad-valenciana/2016/07/20/578f48e9268e3e695f8b45bd.html,20160901090942
https://web.archive.org/web/20160901090942/https://www.elmundo.es/madrid/2016/07/18/578d15b522601dd64f8b45a2.html,20160901090942
https://web.archive.org/web/20160901090942/https://www.elmundo.es/sociedad/2016/06/29/57738b39ca4741221e8b4636.html,20160901090942
https://web.archive.org/web/20160902150315/https://www.elmundo.es/sociedad/2016/08/13/57ae2c5722601da72d8b4627.html,20160902150315
https://web.archive.org/web/20160902150315/https://www.elmundo.es/baleares/2016/08/12/57acc9fb468aebc1158b4594.html,20160902150315
https://web.archive.org/web/20160902150315/https://www.elmundo.es/sociedad/2016/07/26/57978417468aebd67d8b45a2.html,20160902150315
https://web.archive.org/web/20160902150315/https://www.elmundo.es/album/comunidad-valenciana/2016/07/20/578f48e9268e3e695f8b45bd.html,20160902150315
https://web.archive.org/web/20160902150315/https://www.elmundo.es/madrid/2016/07/18/578d15b522601dd64f8b45a2.html,20160902150315
https://web.archive.org/web/20160902150315/https://www.elmundo.es/sociedad/2016/06/29/57738b39ca4741221e8b4636.html,20160902150315
https://web.archive.org/web/20160904134439/https://www.elmundo.es/sociedad/2016/08/13/57ae2c5722601da72d8b4627.html,20160904134439
https://web.archive.org/web/20160904134439/https://www.elmundo.es/baleares/2016/08/12/57acc9fb468aebc1158b4594.html,20160904134439
https://web.archive.org/web/20160904134439/https://www.elmundo.es/sociedad/2016/07/26/57978417468aebd67d8b45a2.html,20160904134439
https://web.archive.org/web/20160904134439/https://www.elmundo.es/album/comunidad-valenciana/2016/07/20/578f48e9268e3e695f8b45bd.html,20160904134439
https://web.archive.org/web/20160904134439/https://www.elmundo.es/madrid/2016/07/18/578d15b522601dd64f8b45a2.html,20160904134439
https://web.archive.org/web/20160904134439/https://www.elmundo.es/sociedad/2016/06/29/57738b39ca4741221e8b4636.html,20160904134439
https://web.archive.org/web/20160905151427/https://www.elmundo.es/sociedad/2016/08/13/57ae2c5722601da72d8b4627.html,20160905151427
https://web.archive.org/web/20160905151427/https://www.elmundo.es/baleares/2016/08/12/57acc9fb468aebc1158b4594.html,20160905151427
https://web.archive.org/web/20160905151427/https://www.elmundo.es/sociedad/2016/07/26/57978417468aebd67d8b45a2.html,20160905151427
https://web.archive.org/web/20160905151427/https://www.elmundo.es/album/comunidad-valenciana/2016/07/20/578f48e9268e3e695f8b45bd.html,20160905151427
https://web.archive.org/web/20160905151427/https://www.elmundo.es/madrid/2016/07/18/578d15b522601dd64f8b45a2.html,20160905151427
https://web.archive.org/web/20160905151427/https://www.elmundo.es/sociedad/2016/06/29/57738b39ca4741221e8b4636.html,20160905151427
https://web.archive.org/web/20161114045409/https://www.elmundo.es/baleares/2016/11/11/5825b395e5fdea7b2d8b464a.html,20161114045409
https://web.archive.org/web/20161114045409/https://www.elmundo.es/sociedad/2016/10/27/58124055268e3ed20b8b4697.html,20161114045409
https://web.archive.org/web/20161114045409/https://www.elmundo.es/baleares/2016/10/22/580b3eee46163fdd658b45d1.html,20161114045409
https://web.archive.org/web/20161114045409/https://www.elmundo.es/sociedad/2016/10/17/5804decaca4741c4788b4636.html,20161114045409
https://web.archive.org/web/20161114045409/https://www.elmundo.es/sociedad/2016/10/04/57f3972ee2704e8f678b466e.html,20161114045409
https://web.archive.org/web/20161124082942/https://www.elmundo.es/comunidad-valenciana/castellon/2016/11/22/5833f49f22601dee1a8b456d.html,20161124082942
https://web.archive.org/web/20161124082942/https://www.elmundo.es/baleares/2016/11/18/582ec49be5fdea97278b45e2.html,20161124082942
https://web.archive.org/web/20161124082942/https://www.elmundo.es/baleares/2016/11/11/5825b395e5fdea7b2d8b464a.html,20161124082942
https://web.archive.org/web/20161124082942/https://www.elmundo.es/sociedad/2016/10/27/58124055268e3ed20b8b4697.html,20161124082942
https://web.archive.org/web/20161124082942/https://www.elmundo.es/baleares/2016/10/22/580b3eee46163fdd658b45d1.html,20161124082942
https://web.archive.org/web/20161124082942/https://www.elmundo.es/sociedad/2016/10/17/5804decaca4741c4788b4636.html,20161124082942
https://web.archive.org/web/20161125090024/https://www.elmundo.es/internacional/2016/11/25/5837f920ca474110128b458a.html,20161125090024
https://web.archive.org/web/20161125090024/https://www.elmundo.es/sociedad/2016/11/24/5836ebc2ca474101788b45fe.html,20161125090024
https://web.archive.org/web/20161125090024/https://www.elmundo.es/madrid/2016/11/24/5836d986468aeb745e8b45eb.html,20161125090024
https://web.archive.org/web/20161125090024/https://www.elmundo.es/comunidad-valenciana/castellon/2016/11/22/5833f49f22601dee1a8b456d.html,20161125090024
https://web.archive.org/web/20161125090024/https://www.elmundo.es/baleares/2016/11/18/582ec49be5fdea97278b45e2.html,20161125090024
https://web.archive.org/web/20161125090024/https://www.elmundo.es/baleares/2016/11/11/5825b395e5fdea7b2d8b464a.html,20161125090024
https://web.archive.org/web/20161125090024/https://www.elmundo.es/sociedad/2016/10/27/58124055268e3ed20b8b4697.html,20161125090024
https://web.archive.org/web/20161125090024/https://www.elmundo.es/baleares/2016/10/22/580b3eee46163fdd658b45d1.html,20161125090024
https://web.archive.org/web/20161126094022/https://www.elmundo.es/internacional/2016/11/25/5837f920ca474110128b458a.html,20161126094022
https://web.archive.org/web/20161126094022/https://www.elmundo.es/sociedad/2016/11/24/5836ebc2ca474101788b45fe.html,20161126094022
https://web.archive.org/web/20161126094022/https://www.elmundo.es/madrid/2016/11/24/5836d986468aeb745e8b45eb.html,20161126094022
https://web.archive.org/web/20161126094022/https://www.elmundo.es/comunidad-valenciana/castellon/2016/11/22/5833f49f22601dee1a8b456d.html,20161126094022
https://web.archive.org/web/20161126094022/https://www.elmundo.es/baleares/2016/11/18/582ec49be5fdea97278b45e2.html,20161126094022
https://web.archive.org/web/20161126094022/https://www.elmundo.es/baleares/2016/11/11/5825b395e5fdea7b2d8b464a.html,20161126094022
https://web.archive.org/web/20161126094022/https://www.elmundo.es/sociedad/2016/10/27/58124055268e3ed20b8b4697.html,20161126094022
https://web.archive.org/web/20161126094022/https://www.elmundo.es/baleares/2016/10/22/580b3eee46163fdd658b45d1.html,20161126094022
https://web.archive.org/web/20161127103717/https://www.elmundo.es/internacional/2016/11/25/5837f920ca474110128b458a.html,20161127103717
https://web.archive.org/web/20161127103717/https://www.elmundo.es/sociedad/2016/11/24/5836ebc2ca474101788b45fe.html,20161127103717
https://web.archive.org/web/20161127103717/https://www.elmundo.es/madrid/2016/11/24/5836d986468aeb745e8b45eb.html,20161127103717
https://web.archive.org/web/20161127103717/https://www.elmundo.es/comunidad-valenciana/castellon/2016/11/22/5833f49f22601dee1a8b456d.html,20161127103717
https://web.archive.org/web/20161127103717/https://www.elmundo.es/baleares/2016/11/18/582ec49be5fdea97278b45e2.html,20161127103717
https://web.archive.org/web/20161127103717/https://www.elmundo.es/baleares/2016/11/11/5825b395e5fdea7b2d8b464a.html,20161127103717
https://web.archive.org/web/20161127103717/https://www.elmundo.es/sociedad/2016/10/27/58124055268e3ed20b8b4697.html,20161127103717
https://web.archive.org/web/20161127103717/https://www.elmundo.es/baleares/2016/10/22/580b3eee46163fdd658b45d1.html,20161127103717
https://web.archive.org/web/20161128105655/https://www.elmundo.es/internacional/2016/11/25/5837f920ca474110128b458a.html,20161128105655
https://web.archive.org/web/20161128105655/https://www.elmundo.es/sociedad/2016/11/24/5836ebc2ca474101788b45fe.html,20161128105655
https://web.archive.org/web/20161128105655/https://www.elmundo.es/madrid/2016/11/24/5836d986468aeb745e8b45eb.html,20161128105655
https://web.archive.org/web/20161128105655/https://www.elmundo.es/comunidad-valenciana/castellon/2016/11/22/5833f49f22601dee1a8b456d.html,20161128105655
https://web.archive.org/web/20161128105655/https://www.elmundo.es/baleares/2016/11/18/582ec49be5fdea97278b45e2.html,20161128105655
https://web.archive.org/web/20161128105655/https://www.elmundo.es/baleares/2016/11/11/5825b395e5fdea7b2d8b464a.html,20161128105655
https://web.archive.org/web/20161128105655/https://www.elmundo.es/sociedad/2016/10/27/58124055268e3ed20b8b4697.html,20161128105655
https://web.archive.org/web/20161128105655/https://www.elmundo.es/baleares/2016/10/22/580b3eee46163fdd658b45d1.html,20161128105655
https://web.archive.org/web/20161129111235/https://www.elmundo.es/internacional/2016/11/25/5837f920ca474110128b458a.html,20161129111235
https://web.archive.org/web/20161129111235/https://www.elmundo.es/sociedad/2016/11/24/5836ebc2ca474101788b45fe.html,20161129111235
https://web.archive.org/web/20161129111235/https://www.elmundo.es/madrid/2016/11/24/5836d986468aeb745e8b45eb.html,20161129111235
https://web.archive.org/web/20161129111235/https://www.elmundo.es/comunidad-valenciana/castellon/2016/11/22/5833f49f22601dee1a8b456d.html,20161129111235
https://web.archive.org/web/20161129111235/https://www.elmundo.es/baleares/2016/11/18/582ec49be5fdea97278b45e2.html,20161129111235
https://web.archive.org/web/20161129111235/https://www.elmundo.es/baleares/2016/11/11/5825b395e5fdea7b2d8b464a.html,20161129111235
https://web.archive.org/web/20161129111235/https://www.elmundo.es/sociedad/2016/10/27/58124055268e3ed20b8b4697.html,20161129111235
https://web.archive.org/web/20161129111235/https://www.elmundo.es/baleares/2016/10/22/580b3eee46163fdd658b45d1.html,20161129111235
https://web.archive.org/web/20161130112421/https://www.elmundo.es/internacional/2016/11/25/5837f920ca474110128b458a.html,20161130112421
https://web.archive.org/web/20161130112421/https://www.elmundo.es/sociedad/2016/11/24/5836ebc2ca474101788b45fe.html,20161130112421
https://web.archive.org/web/20161130112421/https://www.elmundo.es/madrid/2016/11/24/5836d986468aeb745e8b45eb.html,20161130112421
https://web.archive.org/web/20161130112421/https://www.elmundo.es/comunidad-valenciana/castellon/2016/11/22/5833f49f22601dee1a8b456d.html,20161130112421
https://web.archive.org/web/20161130112421/https://www.elmundo.es/baleares/2016/11/18/582ec49be5fdea97278b45e2.html,20161130112421
https://web.archive.org/web/20161130112421/https://www.elmundo.es/baleares/2016/11/11/5825b395e5fdea7b2d8b464a.html,20161130112421
https://web.archive.org/web/20161130112421/https://www.elmundo.es/sociedad/2016/10/27/58124055268e3ed20b8b4697.html,20161130112421
https://web.archive.org/web/20161130112421/https://www.elmundo.es/baleares/2016/10/22/580b3eee46163fdd658b45d1.html,20161130112421
https://web.archive.org/web/20161201123338/https://www.elmundo.es/internacional/2016/11/25/5837f920ca474110128b458a.html,20161201123338
https://web.archive.org/web/20161201123338/https://www.elmundo.es/sociedad/2016/11/24/5836ebc2ca474101788b45fe.html,20161201123338
https://web.archive.org/web/20161201123338/https://www.elmundo.es/madrid/2016/11/24/5836d986468aeb745e8b45eb.html,20161201123338
https://web.archive.org/web/20161201123338/https://www.elmundo.es/comunidad-valenciana/castellon/2016/11/22/5833f49f22601dee1a8b456d.html,20161201123338
https://web.archive.org/web/20161201123338/https://www.elmundo.es/baleares/2016/11/18/582ec49be5fdea97278b45e2.html,20161201123338
https://web.archive.org/web/20161201123338/https://www.elmundo.es/baleares/2016/11/11/5825b395e5fdea7b2d8b464a.html,20161201123338
https://web.archive.org/web/20161201123338/https://www.elmundo.es/sociedad/2016/10/27/58124055268e3ed20b8b4697.html,20161201123338
https://web.archive.org/web/20161201123338/https://www.elmundo.es/baleares/2016/10/22/580b3eee46163fdd658b45d1.html,20161201123338
https://web.archive.org/web/20161202122916/https://www.elmundo.es/internacional/2016/11/25/5837f920ca474110128b458a.html,20161202122916
https://web.archive.org/web/20161202122916/https://www.elmundo.es/sociedad/2016/11/24/5836ebc2ca474101788b45fe.html,20161202122916
https://web.archive.org/web/20161202122916/https://www.elmundo.es/madrid/2016/11/24/5836d986468aeb745e8b45eb.html,20161202122916
https://web.archive.org/web/20161202122916/https://www.elmundo.es/comunidad-valenciana/castellon/2016/11/22/5833f49f22601dee1a8b456d.html,20161202122916
https://web.archive.org/web/20161202122916/https://www.elmundo.es/baleares/2016/11/18/582ec49be5fdea97278b45e2.html,20161202122916
https://web.archive.org/web/20161202122916/https://www.elmundo.es/baleares/2016/11/11/5825b395e5fdea7b2d8b464a.html,20161202122916
https://web.archive.org/web/20161202122916/https://www.elmundo.es/sociedad/2016/10/27/58124055268e3ed20b8b4697.html,20161202122916
https://web.archive.org/web/20161202122916/https://www.elmundo.es/baleares/2016/10/22/580b3eee46163fdd658b45d1.html,20161202122916
https://web.archive.org/web/20161203134540/https://www.elmundo.es/internacional/2016/11/25/5837f920ca474110128b458a.html,20161203134540
https://web.archive.org/web/20161203134540/https://www.elmundo.es/sociedad/2016/11/24/5836ebc2ca474101788b45fe.html,20161203134540
https://web.archive.org/web/20161203134540/https://www.elmundo.es/madrid/2016/11/24/5836d986468aeb745e8b45eb.html,20161203134540
https://web.archive.org/web/20161203134540/https://www.elmundo.es/comunidad-valenciana/castellon/2016/11/22/5833f49f22601dee1a8b456d.html,20161203134540
https://web.archive.org/web/20161203134540/https://www.elmundo.es/baleares/2016/11/18/582ec49be5fdea97278b45e2.html,20161203134540
https://web.archive.org/web/20161203134540/https://www.elmundo.es/baleares/2016/11/11/5825b395e5fdea7b2d8b464a.html,20161203134540
https://web.archive.org/web/20161203134540/https://www.elmundo.es/sociedad/2016/10/27/58124055268e3ed20b8b4697.html,20161203134540
https://web.archive.org/web/20161203134540/https://www.elmundo.es/baleares/2016/10/22/580b3eee46163fdd658b45d1.html,20161203134540
https://web.archive.org/web/20161204142035/https://www.elmundo.es/internacional/2016/11/25/5837f920ca474110128b458a.html,20161204142035
https://web.archive.org/web/20161204142035/https://www.elmundo.es/sociedad/2016/11/24/5836ebc2ca474101788b45fe.html,20161204142035
https://web.archive.org/web/20161204142035/https://www.elmundo.es/madrid/2016/11/24/5836d986468aeb745e8b45eb.html,20161204142035
https://web.archive.org/web/20161204142035/https://www.elmundo.es/comunidad-valenciana/castellon/2016/11/22/5833f49f22601dee1a8b456d.html,20161204142035
https://web.archive.org/web/20161204142035/https://www.elmundo.es/baleares/2016/11/18/582ec49be5fdea97278b45e2.html,20161204142035
https://web.archive.org/web/20161204142035/https://www.elmundo.es/baleares/2016/11/11/5825b395e5fdea7b2d8b464a.html,20161204142035
https://web.archive.org/web/20161204142035/https://www.elmundo.es/sociedad/2016/10/27/58124055268e3ed20b8b4697.html,20161204142035
https://web.archive.org/web/20161204142035/https://www.elmundo.es/baleares/2016/10/22/580b3eee46163fdd658b45d1.html,20161204142035
https://web.archive.org/web/20161205143930/https://www.elmundo.es/internacional/2016/11/25/5837f920ca474110128b458a.html,20161205143930
https://web.archive.org/web/20161205143930/https://www.elmundo.es/sociedad/2016/11/24/5836ebc2ca474101788b45fe.html,20161205143930
https://web.archive.org/web/20161205143930/https://www.elmundo.es/madrid/2016/11/24/5836d986468aeb745e8b45eb.html,20161205143930
https://web.archive.org/web/20161205143930/https://www.elmundo.es/comunidad-valenciana/castellon/2016/11/22/5833f49f22601dee1a8b456d.html,20161205143930
https://web.archive.org/web/20161205143930/https://www.elmundo.es/baleares/2016/11/18/582ec49be5fdea97278b45e2.html,20161205143930
https://web.archive.org/web/20161205143930/https://www.elmundo.es/baleares/2016/11/11/5825b395e5fdea7b2d8b464a.html,20161205143930
https://web.archive.org/web/20161205143930/https://www.elmundo.es/sociedad/2016/10/27/58124055268e3ed20b8b4697.html,20161205143930
https://web.archive.org/web/20161205143930/https://www.elmundo.es/baleares/2016/10/22/580b3eee46163fdd658b45d1.html,20161205143930
https://web.archive.org/web/20161206151702/https://www.elmundo.es/internacional/2016/11/25/5837f920ca474110128b458a.html,20161206151702
https://web.archive.org/web/20161206151702/https://www.elmundo.es/sociedad/2016/11/24/5836ebc2ca474101788b45fe.html,20161206151702
https://web.archive.org/web/20161206151702/https://www.elmundo.es/madrid/2016/11/24/5836d986468aeb745e8b45eb.html,20161206151702
https://web.archive.org/web/20161206151702/https://www.elmundo.es/comunidad-valenciana/castellon/2016/11/22/5833f49f22601dee1a8b456d.html,20161206151702
https://web.archive.org/web/20161206151702/https://www.elmundo.es/baleares/2016/11/18/582ec49be5fdea97278b45e2.html,20161206151702
https://web.archive.org/web/20161206151702/https://www.elmundo.es/baleares/2016/11/11/5825b395e5fdea7b2d8b464a.html,20161206151702
https://web.archive.org/web/20161206151702/https://www.elmundo.es/sociedad/2016/10/27/58124055268e3ed20b8b4697.html,20161206151702
https://web.archive.org/web/20161207154938/https://www.elmundo.es/internacional/2016/11/25/5837f920ca474110128b458a.html,20161207154938
https://web.archive.org/web/20161207154938/https://www.elmundo.es/sociedad/2016/11/24/5836ebc2ca474101788b45fe.html,20161207154938
https://web.archive.org/web/20161207154938/https://www.elmundo.es/madrid/2016/11/24/5836d986468aeb745e8b45eb.html,20161207154938
https://web.archive.org/web/20161207154938/https://www.elmundo.es/comunidad-valenciana/castellon/2016/11/22/5833f49f22601dee1a8b456d.html,20161207154938
https://web.archive.org/web/20161207154938/https://www.elmundo.es/baleares/2016/11/18/582ec49be5fdea97278b45e2.html,20161207154938
https://web.archive.org/web/20161207154938/https://www.elmundo.es/baleares/2016/11/11/5825b395e5fdea7b2d8b464a.html,20161207154938
https://web.archive.org/web/20161207154938/https://www.elmundo.es/sociedad/2016/10/27/58124055268e3ed20b8b4697.html,20161207154938
https://web.archive.org/web/20161208161550/https://www.elmundo.es/internacional/2016/11/25/5837f920ca474110128b458a.html,20161208161550
https://web.archive.org/web/20161208161550/https://www.elmundo.es/sociedad/2016/11/24/5836ebc2ca474101788b45fe.html,20161208161550
https://web.archive.org/web/20161208161550/https://www.elmundo.es/madrid/2016/11/24/5836d986468aeb745e8b45eb.html,20161208161550
https://web.archive.org/web/20161208161550/https://www.elmundo.es/comunidad-valenciana/castellon/2016/11/22/5833f49f22601dee1a8b456d.html,20161208161550
https://web.archive.org/web/20161208161550/https://www.elmundo.es/baleares/2016/11/18/582ec49be5fdea97278b45e2.html,20161208161550
https://web.archive.org/web/20161208161550/https://www.elmundo.es/baleares/2016/11/11/5825b395e5fdea7b2d8b464a.html,20161208161550
https://web.archive.org/web/20161208161550/https://www.elmundo.es/sociedad/2016/10/27/58124055268e3ed20b8b4697.html,20161208161550
https://web.archive.org/web/20161209171049/https://www.elmundo.es/internacional/2016/11/25/5837f920ca474110128b458a.html,20161209171049
https://web.archive.org/web/20161209171049/https://www.elmundo.es/sociedad/2016/11/24/5836ebc2ca474101788b45fe.html,20161209171049
https://web.archive.org/web/20161209171049/https://www.elmundo.es/madrid/2016/11/24/5836d986468aeb745e8b45eb.html,20161209171049
https://web.archive.org/web/20161209171049/https://www.elmundo.es/comunidad-valenciana/castellon/2016/11/22/5833f49f22601dee1a8b456d.html,20161209171049
https://web.archive.org/web/20161209171049/https://www.elmundo.es/baleares/2016/11/18/582ec49be5fdea97278b45e2.html,20161209171049
https://web.archive.org/web/20161209171049/https://www.elmundo.es/baleares/2016/11/11/5825b395e5fdea7b2d8b464a.html,20161209171049
https://web.archive.org/web/20161209171049/https://www.elmundo.es/sociedad/2016/10/27/58124055268e3ed20b8b4697.html,20161209171049
https://web.archive.org/web/20161210175214/https://www.elmundo.es/internacional/2016/11/25/5837f920ca474110128b458a.html,20161210175214
https://web.archive.org/web/20161210175214/https://www.elmundo.es/sociedad/2016/11/24/5836ebc2ca474101788b45fe.html,20161210175214
https://web.archive.org/web/20161210175214/https://www.elmundo.es/madrid/2016/11/24/5836d986468aeb745e8b45eb.html,20161210175214
https://web.archive.org/web/20161210175214/https://www.elmundo.es/comunidad-valenciana/castellon/2016/11/22/5833f49f22601dee1a8b456d.html,20161210175214
https://web.archive.org/web/20161210175214/https://www.elmundo.es/baleares/2016/11/18/582ec49be5fdea97278b45e2.html,20161210175214
https://web.archive.org/web/20161210175214/https://www.elmundo.es/baleares/2016/11/11/5825b395e5fdea7b2d8b464a.html,20161210175214
https://web.archive.org/web/20161210175214/https://www.elmundo.es/sociedad/2016/10/27/58124055268e3ed20b8b4697.html,20161210175214
https://web.archive.org/web/20161211175652/https://www.elmundo.es/internacional/2016/11/25/5837f920ca474110128b458a.html,20161211175652
https://web.archive.org/web/20161211175652/https://www.elmundo.es/sociedad/2016/11/24/5836ebc2ca474101788b45fe.html,20161211175652
https://web.archive.org/web/20161211175652/https://www.elmundo.es/madrid/2016/11/24/5836d986468aeb745e8b45eb.html,20161211175652
https://web.archive.org/web/20161211175652/https://www.elmundo.es/comunidad-valenciana/castellon/2016/11/22/5833f49f22601dee1a8b456d.html,20161211175652
https://web.archive.org/web/20161211175652/https://www.elmundo.es/baleares/2016/11/18/582ec49be5fdea97278b45e2.html,20161211175652
https://web.archive.org/web/20161211175652/https://www.elmundo.es/baleares/2016/11/11/5825b395e5fdea7b2d8b464a.html,20161211175652
https://web.archive.org/web/20161211175652/https://www.elmundo.es/sociedad/2016/10/27/58124055268e3ed20b8b4697.html,20161211175652
https://web.archive.org/web/20170113055429/https://www.elmundo.es/sociedad/2017/01/13/5877ca7122601d0d628b4633.html,20170113055429
https://web.archive.org/web/20170113055429/https://www.elmundo.es/sociedad/2017/01/03/586bec2cca47410d6e8b463c.html,20170113055429
https://web.archive.org/web/20170113055429/https://www.elmundo.es/baleares/2016/12/19/5858045c46163f84048b4656.html,20170113055429
https://web.archive.org/web/20170113055429/https://www.elmundo.es/sociedad/2016/12/18/5856a4e346163f020a8b4665.html,20170113055429
https://web.archive.org/web/20170113055429/https://www.elmundo.es/internacional/2016/11/25/5837f920ca474110128b458a.html,20170113055429
https://web.archive.org/web/20170113055429/https://www.elmundo.es/sociedad/2016/11/24/5836ebc2ca474101788b45fe.html,20170113055429
https://web.archive.org/web/20170113055429/https://www.elmundo.es/madrid/2016/11/24/5836d986468aeb745e8b45eb.html,20170113055429
https://web.archive.org/web/20170209043140/https://www.elmundo.es/andalucia/2017/01/19/58807510e5fdea764a8b45ca.html,20170209043140
https://web.archive.org/web/20170209043140/https://www.elmundo.es/sociedad/2017/01/13/5877ca7122601d0d628b4633.html,20170209043140
https://web.archive.org/web/20170209043140/https://www.elmundo.es/sociedad/2017/01/03/586bec2cca47410d6e8b463c.html,20170209043140
https://web.archive.org/web/20170209043140/https://www.elmundo.es/baleares/2016/12/19/5858045c46163f84048b4656.html,20170209043140
https://web.archive.org/web/20170209043140/https://www.elmundo.es/sociedad/2016/12/18/5856a4e346163f020a8b4665.html,20170209043140
https://web.archive.org/web/20170211054309/https://www.elmundo.es/andalucia/2017/01/19/58807510e5fdea764a8b45ca.html,20170211054309
https://web.archive.org/web/20170211054309/https://www.elmundo.es/sociedad/2017/01/13/5877ca7122601d0d628b4633.html,20170211054309
https://web.archive.org/web/20170211054309/https://www.elmundo.es/sociedad/2017/01/03/586bec2cca47410d6e8b463c.html,20170211054309
https://web.archive.org/web/20170211054309/https://www.elmundo.es/baleares/2016/12/19/5858045c46163f84048b4656.html,20170211054309
https://web.archive.org/web/20170211054309/https://www.elmundo.es/sociedad/2016/12/18/5856a4e346163f020a8b4665.html,20170211054309
https://web.archive.org/web/20170212063156/https://www.elmundo.es/andalucia/2017/01/19/58807510e5fdea764a8b45ca.html,20170212063156
https://web.archive.org/web/20170212063156/https://www.elmundo.es/sociedad/2017/01/13/5877ca7122601d0d628b4633.html,20170212063156
https://web.archive.org/web/20170212063156/https://www.elmundo.es/sociedad/2017/01/03/586bec2cca47410d6e8b463c.html,20170212063156
https://web.archive.org/web/20170212063156/https://www.elmundo.es/baleares/2016/12/19/5858045c46163f84048b4656.html,20170212063156
https://web.archive.org/web/20170212063156/https://www.elmundo.es/sociedad/2016/12/18/5856a4e346163f020a8b4665.html,20170212063156
https://web.archive.org/web/20170214105302/https://www.elmundo.es/sociedad/2017/02/14/58a1fd3ce2704ef2358b458a.html,20170214105302
https://web.archive.org/web/20170214105302/https://www.elmundo.es/sociedad/2017/02/13/58a1b5cf468aeb27778b463d.html,20170214105302
https://web.archive.org/web/20170214105302/https://www.elmundo.es/andalucia/2017/01/19/58807510e5fdea764a8b45ca.html,20170214105302
https://web.archive.org/web/20170214105302/https://www.elmundo.es/sociedad/2017/01/13/5877ca7122601d0d628b4633.html,20170214105302
https://web.archive.org/web/20170214105302/https://www.elmundo.es/sociedad/2017/01/03/586bec2cca47410d6e8b463c.html,20170214105302
https://web.archive.org/web/20170214105302/https://www.elmundo.es/baleares/2016/12/19/5858045c46163f84048b4656.html,20170214105302
https://web.archive.org/web/20170214105302/https://www.elmundo.es/sociedad/2016/12/18/5856a4e346163f020a8b4665.html,20170214105302
https://web.archive.org/web/20170216055321/https://www.elmundo.es/sociedad/2017/02/14/58a1fd3ce2704ef2358b458a.html,20170216055321
https://web.archive.org/web/20170216055321/https://www.elmundo.es/sociedad/2017/02/13/58a1b5cf468aeb27778b463d.html,20170216055321
https://web.archive.org/web/20170216055321/https://www.elmundo.es/andalucia/2017/01/19/58807510e5fdea764a8b45ca.html,20170216055321
https://web.archive.org/web/20170216055321/https://www.elmundo.es/sociedad/2017/01/13/5877ca7122601d0d628b4633.html,20170216055321
https://web.archive.org/web/20170216055321/https://www.elmundo.es/sociedad/2017/01/03/586bec2cca47410d6e8b463c.html,20170216055321
https://web.archive.org/web/20170216055321/https://www.elmundo.es/baleares/2016/12/19/5858045c46163f84048b4656.html,20170216055321
https://web.archive.org/web/20170216055321/https://www.elmundo.es/sociedad/2016/12/18/5856a4e346163f020a8b4665.html,20170216055321
https://web.archive.org/web/20170217061335/https://www.elmundo.es/sociedad/2017/02/14/58a1fd3ce2704ef2358b458a.html,20170217061335
https://web.archive.org/web/20170217061335/https://www.elmundo.es/sociedad/2017/02/13/58a1b5cf468aeb27778b463d.html,20170217061335
https://web.archive.org/web/20170217061335/https://www.elmundo.es/andalucia/2017/01/19/58807510e5fdea764a8b45ca.html,20170217061335
https://web.archive.org/web/20170217061335/https://www.elmundo.es/sociedad/2017/01/13/5877ca7122601d0d628b4633.html,20170217061335
https://web.archive.org/web/20170217061335/https://www.elmundo.es/sociedad/2017/01/03/586bec2cca47410d6e8b463c.html,20170217061335
https://web.archive.org/web/20170217061335/https://www.elmundo.es/baleares/2016/12/19/5858045c46163f84048b4656.html,20170217061335
https://web.archive.org/web/20170217061335/https://www.elmundo.es/sociedad/2016/12/18/5856a4e346163f020a8b4665.html,20170217061335
https://web.archive.org/web/20170218074825/https://www.elmundo.es/sociedad/2017/02/14/58a1fd3ce2704ef2358b458a.html,20170218074825
https://web.archive.org/web/20170218074825/https://www.elmundo.es/sociedad/2017/02/13/58a1b5cf468aeb27778b463d.html,20170218074825
https://web.archive.org/web/20170218074825/https://www.elmundo.es/andalucia/2017/01/19/58807510e5fdea764a8b45ca.html,20170218074825
https://web.archive.org/web/20170218074825/https://www.elmundo.es/sociedad/2017/01/13/5877ca7122601d0d628b4633.html,20170218074825
https://web.archive.org/web/20170218074825/https://www.elmundo.es/sociedad/2017/01/03/586bec2cca47410d6e8b463c.html,20170218074825
https://web.archive.org/web/20170218074825/https://www.elmundo.es/baleares/2016/12/19/5858045c46163f84048b4656.html,20170218074825
https://web.archive.org/web/20170218074825/https://www.elmundo.es/sociedad/2016/12/18/5856a4e346163f020a8b4665.html,20170218074825
https://web.archive.org/web/20170219073138/https://www.elmundo.es/sociedad/2017/02/14/58a1fd3ce2704ef2358b458a.html,20170219073138
https://web.archive.org/web/20170219073138/https://www.elmundo.es/sociedad/2017/02/13/58a1b5cf468aeb27778b463d.html,20170219073138
https://web.archive.org/web/20170219073138/https://www.elmundo.es/andalucia/2017/01/19/58807510e5fdea764a8b45ca.html,20170219073138
https://web.archive.org/web/20170219073138/https://www.elmundo.es/sociedad/2017/01/13/5877ca7122601d0d628b4633.html,20170219073138
https://web.archive.org/web/20170219073138/https://www.elmundo.es/sociedad/2017/01/03/586bec2cca47410d6e8b463c.html,20170219073138
https://web.archive.org/web/20170219073138/https://www.elmundo.es/baleares/2016/12/19/5858045c46163f84048b4656.html,20170219073138
https://web.archive.org/web/20170219073138/https://www.elmundo.es/sociedad/2016/12/18/5856a4e346163f020a8b4665.html,20170219073138
https://web.archive.org/web/20170220201247/https://www.elmundo.es/sociedad/2017/02/14/58a1fd3ce2704ef2358b458a.html,20170220201247
https://web.archive.org/web/20170220201247/https://www.elmundo.es/sociedad/2017/02/13/58a1b5cf468aeb27778b463d.html,20170220201247
https://web.archive.org/web/20170220201247/https://www.elmundo.es/andalucia/2017/01/19/58807510e5fdea764a8b45ca.html,20170220201247
https://web.archive.org/web/20170220201247/https://www.elmundo.es/sociedad/2017/01/13/5877ca7122601d0d628b4633.html,20170220201247
https://web.archive.org/web/20170220201247/https://www.elmundo.es/sociedad/2017/01/03/586bec2cca47410d6e8b463c.html,20170220201247
https://web.archive.org/web/20170220201247/https://www.elmundo.es/baleares/2016/12/19/5858045c46163f84048b4656.html,20170220201247
https://web.archive.org/web/20170220201247/https://www.elmundo.es/sociedad/2016/12/18/5856a4e346163f020a8b4665.html,20170220201247
https://web.archive.org/web/20170221084757/https://www.elmundo.es/sociedad/2017/02/14/58a1fd3ce2704ef2358b458a.html,20170221084757
https://web.archive.org/web/20170221084757/https://www.elmundo.es/sociedad/2017/02/13/58a1b5cf468aeb27778b463d.html,20170221084757
https://web.archive.org/web/20170221084757/https://www.elmundo.es/andalucia/2017/01/19/58807510e5fdea764a8b45ca.html,20170221084757
https://web.archive.org/web/20170221084757/https://www.elmundo.es/sociedad/2017/01/13/5877ca7122601d0d628b4633.html,20170221084757
https://web.archive.org/web/20170221084757/https://www.elmundo.es/sociedad/2017/01/03/586bec2cca47410d6e8b463c.html,20170221084757
https://web.archive.org/web/20170221084757/https://www.elmundo.es/baleares/2016/12/19/5858045c46163f84048b4656.html,20170221084757
https://web.archive.org/web/20170221084757/https://www.elmundo.es/sociedad/2016/12/18/5856a4e346163f020a8b4665.html,20170221084757
https://web.archive.org/web/20170222093902/https://www.elmundo.es/sociedad/2017/02/14/58a1fd3ce2704ef2358b458a.html,20170222093902
https://web.archive.org/web/20170222093902/https://www.elmundo.es/sociedad/2017/02/13/58a1b5cf468aeb27778b463d.html,20170222093902
https://web.archive.org/web/20170222093902/https://www.elmundo.es/andalucia/2017/01/19/58807510e5fdea764a8b45ca.html,20170222093902
https://web.archive.org/web/20170222093902/https://www.elmundo.es/sociedad/2017/01/13/5877ca7122601d0d628b4633.html,20170222093902
https://web.archive.org/web/20170222093902/https://www.elmundo.es/sociedad/2017/01/03/586bec2cca47410d6e8b463c.html,20170222093902
https://web.archive.org/web/20170222093902/https://www.elmundo.es/baleares/2016/12/19/5858045c46163f84048b4656.html,20170222093902
https://web.archive.org/web/20170223103809/https://www.elmundo.es/sociedad/2017/02/23/58aeb887468aeb34388b4642.html,20170223103809
https://web.archive.org/web/20170223103809/https://www.elmundo.es/sociedad/2017/02/14/58a1fd3ce2704ef2358b458a.html,20170223103809
https://web.archive.org/web/20170223103809/https://www.elmundo.es/sociedad/2017/02/13/58a1b5cf468aeb27778b463d.html,20170223103809
https://web.archive.org/web/20170223103809/https://www.elmundo.es/andalucia/2017/01/19/58807510e5fdea764a8b45ca.html,20170223103809
https://web.archive.org/web/20170223103809/https://www.elmundo.es/sociedad/2017/01/13/5877ca7122601d0d628b4633.html,20170223103809
https://web.archive.org/web/20170223103809/https://www.elmundo.es/sociedad/2017/01/03/586bec2cca47410d6e8b463c.html,20170223103809
https://web.archive.org/web/20170225065136/https://www.elmundo.es/sociedad/2017/02/23/58af3f8cca4741661a8b45b2.html,20170225065136
https://web.archive.org/web/20170225065136/https://www.elmundo.es/sociedad/2017/02/23/58af2d8e468aeba3068b45b9.html,20170225065136
https://web.archive.org/web/20170225065136/https://www.elmundo.es/comunidad-valenciana/2017/02/23/58aedd1fe2704eab2f8b4574.html,20170225065136
https://web.archive.org/web/20170225065136/https://www.elmundo.es/sociedad/2017/02/23/58aeb887468aeb34388b4642.html,20170225065136
https://web.archive.org/web/20170225065136/https://www.elmundo.es/sociedad/2017/02/14/58a1fd3ce2704ef2358b458a.html,20170225065136
https://web.archive.org/web/20170225065136/https://www.elmundo.es/sociedad/2017/02/13/58a1b5cf468aeb27778b463d.html,20170225065136
https://web.archive.org/web/20170225065136/https://www.elmundo.es/andalucia/2017/01/19/58807510e5fdea764a8b45ca.html,20170225065136
https://web.archive.org/web/20170225065136/https://www.elmundo.es/sociedad/2017/01/13/5877ca7122601d0d628b4633.html,20170225065136
https://web.archive.org/web/20170225065136/https://www.elmundo.es/sociedad/2017/01/03/586bec2cca47410d6e8b463c.html,20170225065136
https://web.archive.org/web/20170226083708/https://www.elmundo.es/sociedad/2017/02/23/58af3f8cca4741661a8b45b2.html,20170226083708
https://web.archive.org/web/20170226083708/https://www.elmundo.es/sociedad/2017/02/23/58af2d8e468aeba3068b45b9.html,20170226083708
https://web.archive.org/web/20170226083708/https://www.elmundo.es/comunidad-valenciana/2017/02/23/58aedd1fe2704eab2f8b4574.html,20170226083708
https://web.archive.org/web/20170226083708/https://www.elmundo.es/sociedad/2017/02/23/58aeb887468aeb34388b4642.html,20170226083708
https://web.archive.org/web/20170226083708/https://www.elmundo.es/sociedad/2017/02/14/58a1fd3ce2704ef2358b458a.html,20170226083708
https://web.archive.org/web/20170226083708/https://www.elmundo.es/sociedad/2017/02/13/58a1b5cf468aeb27778b463d.html,20170226083708
https://web.archive.org/web/20170226083708/https://www.elmundo.es/andalucia/2017/01/19/58807510e5fdea764a8b45ca.html,20170226083708
https://web.archive.org/web/20170226083708/https://www.elmundo.es/sociedad/2017/01/13/5877ca7122601d0d628b4633.html,20170226083708
https://web.archive.org/web/20170226083708/https://www.elmundo.es/sociedad/2017/01/03/586bec2cca47410d6e8b463c.html,20170226083708
https://web.archive.org/web/20170227073928/https://www.elmundo.es/sociedad/2017/02/23/58af3f8cca4741661a8b45b2.html,20170227073928
https://web.archive.org/web/20170227073928/https://www.elmundo.es/sociedad/2017/02/23/58af2d8e468aeba3068b45b9.html,20170227073928
https://web.archive.org/web/20170227073928/https://www.elmundo.es/comunidad-valenciana/2017/02/23/58aedd1fe2704eab2f8b4574.html,20170227073928
https://web.archive.org/web/20170227073928/https://www.elmundo.es/sociedad/2017/02/23/58aeb887468aeb34388b4642.html,20170227073928
https://web.archive.org/web/20170227073928/https://www.elmundo.es/sociedad/2017/02/14/58a1fd3ce2704ef2358b458a.html,20170227073928
https://web.archive.org/web/20170227073928/https://www.elmundo.es/sociedad/2017/02/13/58a1b5cf468aeb27778b463d.html,20170227073928
https://web.archive.org/web/20170227073928/https://www.elmundo.es/andalucia/2017/01/19/58807510e5fdea764a8b45ca.html,20170227073928
https://web.archive.org/web/20170227073928/https://www.elmundo.es/sociedad/2017/01/13/5877ca7122601d0d628b4633.html,20170227073928
https://web.archive.org/web/20170227073928/https://www.elmundo.es/sociedad/2017/01/03/586bec2cca47410d6e8b463c.html,20170227073928
https://web.archive.org/web/20170228082427/https://www.elmundo.es/sociedad/2017/02/23/58af3f8cca4741661a8b45b2.html,20170228082427
https://web.archive.org/web/20170228082427/https://www.elmundo.es/sociedad/2017/02/23/58af2d8e468aeba3068b45b9.html,20170228082427
https://web.archive.org/web/20170228082427/https://www.elmundo.es/comunidad-valenciana/2017/02/23/58aedd1fe2704eab2f8b4574.html,20170228082427
https://web.archive.org/web/20170228082427/https://www.elmundo.es/sociedad/2017/02/23/58aeb887468aeb34388b4642.html,20170228082427
https://web.archive.org/web/20170228082427/https://www.elmundo.es/sociedad/2017/02/14/58a1fd3ce2704ef2358b458a.html,20170228082427
https://web.archive.org/web/20170228082427/https://www.elmundo.es/sociedad/2017/02/13/58a1b5cf468aeb27778b463d.html,20170228082427
https://web.archive.org/web/20170228082427/https://www.elmundo.es/andalucia/2017/01/19/58807510e5fdea764a8b45ca.html,20170228082427
https://web.archive.org/web/20170228082427/https://www.elmundo.es/sociedad/2017/01/13/5877ca7122601d0d628b4633.html,20170228082427
https://web.archive.org/web/20170228082427/https://www.elmundo.es/sociedad/2017/01/03/586bec2cca47410d6e8b463c.html,20170228082427
https://web.archive.org/web/20170321214458/https://www.elmundo.es/sociedad/2017/03/10/58c2782ee5fdea69688b45b4.html,20170321214458
https://web.archive.org/web/20170321214458/https://www.elmundo.es/comunidad-valenciana/castellon/2017/03/08/58c02d45e5fdeaad608b458d.html,20170321214458
https://web.archive.org/web/20170321214458/https://www.elmundo.es/sociedad/2017/03/06/58bd9c7346163ff7498b4621.html,20170321214458
https://web.archive.org/web/20170321214458/https://www.elmundo.es/sociedad/2017/03/03/58b9a0ed22601dcf678b4579.html,20170321214458
https://web.archive.org/web/20170321214458/https://www.elmundo.es/pais-vasco/2017/02/28/58b59a8ee5fdea8f3c8b45bc.html,20170321214458
https://web.archive.org/web/20170321214458/https://www.elmundo.es/sociedad/2017/02/23/58af3f8cca4741661a8b45b2.html,20170321214458
https://web.archive.org/web/20170321214458/https://www.elmundo.es/sociedad/2017/02/23/58af2d8e468aeba3068b45b9.html,20170321214458
https://web.archive.org/web/20170321214458/https://www.elmundo.es/comunidad-valenciana/2017/02/23/58aedd1fe2704eab2f8b4574.html,20170321214458
https://web.archive.org/web/20170321214458/https://www.elmundo.es/sociedad/2017/02/23/58aeb887468aeb34388b4642.html,20170321214458
https://web.archive.org/web/20170321214458/https://www.elmundo.es/sociedad/2017/02/14/58a1fd3ce2704ef2358b458a.html,20170321214458
https://web.archive.org/web/20170321214458/https://www.elmundo.es/sociedad/2017/02/13/58a1b5cf468aeb27778b463d.html,20170321214458
https://web.archive.org/web/20170323224001/https://www.elmundo.es/sociedad/2017/03/10/58c2782ee5fdea69688b45b4.html,20170323224001
https://web.archive.org/web/20170323224001/https://www.elmundo.es/comunidad-valenciana/castellon/2017/03/08/58c02d45e5fdeaad608b458d.html,20170323224001
https://web.archive.org/web/20170323224001/https://www.elmundo.es/sociedad/2017/03/06/58bd9c7346163ff7498b4621.html,20170323224001
https://web.archive.org/web/20170323224001/https://www.elmundo.es/sociedad/2017/03/03/58b9a0ed22601dcf678b4579.html,20170323224001
https://web.archive.org/web/20170323224001/https://www.elmundo.es/pais-vasco/2017/02/28/58b59a8ee5fdea8f3c8b45bc.html,20170323224001
https://web.archive.org/web/20170323224001/https://www.elmundo.es/sociedad/2017/02/23/58af3f8cca4741661a8b45b2.html,20170323224001
https://web.archive.org/web/20170323224001/https://www.elmundo.es/sociedad/2017/02/23/58af2d8e468aeba3068b45b9.html,20170323224001
https://web.archive.org/web/20170323224001/https://www.elmundo.es/comunidad-valenciana/2017/02/23/58aedd1fe2704eab2f8b4574.html,20170323224001
https://web.archive.org/web/20170323224001/https://www.elmundo.es/sociedad/2017/02/23/58aeb887468aeb34388b4642.html,20170323224001
https://web.archive.org/web/20170323224001/https://www.elmundo.es/sociedad/2017/02/14/58a1fd3ce2704ef2358b458a.html,20170323224001
https://web.archive.org/web/20170323224001/https://www.elmundo.es/sociedad/2017/02/13/58a1b5cf468aeb27778b463d.html,20170323224001
https://web.archive.org/web/20170325011146/https://www.elmundo.es/sociedad/2017/03/10/58c2782ee5fdea69688b45b4.html,20170325011146
https://web.archive.org/web/20170325011146/https://www.elmundo.es/comunidad-valenciana/castellon/2017/03/08/58c02d45e5fdeaad608b458d.html,20170325011146
https://web.archive.org/web/20170325011146/https://www.elmundo.es/sociedad/2017/03/06/58bd9c7346163ff7498b4621.html,20170325011146
https://web.archive.org/web/20170325011146/https://www.elmundo.es/sociedad/2017/03/03/58b9a0ed22601dcf678b4579.html,20170325011146
https://web.archive.org/web/20170325011146/https://www.elmundo.es/pais-vasco/2017/02/28/58b59a8ee5fdea8f3c8b45bc.html,20170325011146
https://web.archive.org/web/20170325011146/https://www.elmundo.es/sociedad/2017/02/23/58af3f8cca4741661a8b45b2.html,20170325011146
https://web.archive.org/web/20170325011146/https://www.elmundo.es/sociedad/2017/02/23/58af2d8e468aeba3068b45b9.html,20170325011146
https://web.archive.org/web/20170325011146/https://www.elmundo.es/comunidad-valenciana/2017/02/23/58aedd1fe2704eab2f8b4574.html,20170325011146
https://web.archive.org/web/20170325011146/https://www.elmundo.es/sociedad/2017/02/23/58aeb887468aeb34388b4642.html,20170325011146
https://web.archive.org/web/20170325011146/https://www.elmundo.es/sociedad/2017/02/14/58a1fd3ce2704ef2358b458a.html,20170325011146
https://web.archive.org/web/20170325011146/https://www.elmundo.es/sociedad/2017/02/13/58a1b5cf468aeb27778b463d.html,20170325011146
https://web.archive.org/web/20170402030713/https://www.elmundo.es/sociedad/2017/03/31/58de394746163fd8128b45de.html,20170402030713
https://web.archive.org/web/20170402030713/https://www.elmundo.es/sociedad/2017/03/10/58c2782ee5fdea69688b45b4.html,20170402030713
https://web.archive.org/web/20170402030713/https://www.elmundo.es/comunidad-valenciana/castellon/2017/03/08/58c02d45e5fdeaad608b458d.html,20170402030713
https://web.archive.org/web/20170402030713/https://www.elmundo.es/sociedad/2017/03/06/58bd9c7346163ff7498b4621.html,20170402030713
https://web.archive.org/web/20170402030713/https://www.elmundo.es/sociedad/2017/03/03/58b9a0ed22601dcf678b4579.html,20170402030713
https://web.archive.org/web/20170402030713/https://www.elmundo.es/pais-vasco/2017/02/28/58b59a8ee5fdea8f3c8b45bc.html,20170402030713
https://web.archive.org/web/20170402030713/https://www.elmundo.es/sociedad/2017/02/23/58af3f8cca4741661a8b45b2.html,20170402030713
https://web.archive.org/web/20170402030713/https://www.elmundo.es/sociedad/2017/02/23/58af2d8e468aeba3068b45b9.html,20170402030713
https://web.archive.org/web/20170402030713/https://www.elmundo.es/comunidad-valenciana/2017/02/23/58aedd1fe2704eab2f8b4574.html,20170402030713
https://web.archive.org/web/20170402030713/https://www.elmundo.es/sociedad/2017/02/23/58aeb887468aeb34388b4642.html,20170402030713
https://web.archive.org/web/20170409054234/https://www.elmundo.es/comunidad-valenciana/castellon/2017/04/05/58e5376446163f86038b45e0.html,20170409054234
https://web.archive.org/web/20170409054234/https://www.elmundo.es/sociedad/2017/03/31/58de394746163fd8128b45de.html,20170409054234
https://web.archive.org/web/20170409054234/https://www.elmundo.es/sociedad/2017/03/10/58c2782ee5fdea69688b45b4.html,20170409054234
https://web.archive.org/web/20170409054234/https://www.elmundo.es/comunidad-valenciana/castellon/2017/03/08/58c02d45e5fdeaad608b458d.html,20170409054234
https://web.archive.org/web/20170409054234/https://www.elmundo.es/sociedad/2017/03/06/58bd9c7346163ff7498b4621.html,20170409054234
https://web.archive.org/web/20170409054234/https://www.elmundo.es/sociedad/2017/03/03/58b9a0ed22601dcf678b4579.html,20170409054234
https://web.archive.org/web/20170409054234/https://www.elmundo.es/pais-vasco/2017/02/28/58b59a8ee5fdea8f3c8b45bc.html,20170409054234
https://web.archive.org/web/20170409054234/https://www.elmundo.es/sociedad/2017/02/23/58af3f8cca4741661a8b45b2.html,20170409054234
https://web.archive.org/web/20170409054234/https://www.elmundo.es/sociedad/2017/02/23/58af2d8e468aeba3068b45b9.html,20170409054234
https://web.archive.org/web/20170412074716/https://www.elmundo.es/comunidad-valenciana/castellon/2017/04/05/58e5376446163f86038b45e0.html,20170412074716
https://web.archive.org/web/20170412074716/https://www.elmundo.es/sociedad/2017/03/31/58de394746163fd8128b45de.html,20170412074716
https://web.archive.org/web/20170412074716/https://www.elmundo.es/sociedad/2017/03/10/58c2782ee5fdea69688b45b4.html,20170412074716
https://web.archive.org/web/20170412074716/https://www.elmundo.es/comunidad-valenciana/castellon/2017/03/08/58c02d45e5fdeaad608b458d.html,20170412074716
https://web.archive.org/web/20170412074716/https://www.elmundo.es/sociedad/2017/03/06/58bd9c7346163ff7498b4621.html,20170412074716
https://web.archive.org/web/20170412074716/https://www.elmundo.es/sociedad/2017/03/03/58b9a0ed22601dcf678b4579.html,20170412074716
https://web.archive.org/web/20170412074716/https://www.elmundo.es/pais-vasco/2017/02/28/58b59a8ee5fdea8f3c8b45bc.html,20170412074716
https://web.archive.org/web/20170413074924/https://www.elmundo.es/comunidad-valenciana/castellon/2017/04/05/58e5376446163f86038b45e0.html,20170413074924
https://web.archive.org/web/20170413074924/https://www.elmundo.es/sociedad/2017/03/31/58de394746163fd8128b45de.html,20170413074924
https://web.archive.org/web/20170413074924/https://www.elmundo.es/sociedad/2017/03/10/58c2782ee5fdea69688b45b4.html,20170413074924
https://web.archive.org/web/20170413074924/https://www.elmundo.es/comunidad-valenciana/castellon/2017/03/08/58c02d45e5fdeaad608b458d.html,20170413074924
https://web.archive.org/web/20170413074924/https://www.elmundo.es/sociedad/2017/03/06/58bd9c7346163ff7498b4621.html,20170413074924
https://web.archive.org/web/20170413074924/https://www.elmundo.es/sociedad/2017/03/03/58b9a0ed22601dcf678b4579.html,20170413074924
https://web.archive.org/web/20170413074924/https://www.elmundo.es/pais-vasco/2017/02/28/58b59a8ee5fdea8f3c8b45bc.html,20170413074924
https://web.archive.org/web/20170418110734/https://www.elmundo.es/comunidad-valenciana/castellon/2017/04/05/58e5376446163f86038b45e0.html,20170418110734
https://web.archive.org/web/20170418110734/https://www.elmundo.es/sociedad/2017/03/31/58de394746163fd8128b45de.html,20170418110734
https://web.archive.org/web/20170418110734/https://www.elmundo.es/sociedad/2017/03/10/58c2782ee5fdea69688b45b4.html,20170418110734
https://web.archive.org/web/20170418110734/https://www.elmundo.es/comunidad-valenciana/castellon/2017/03/08/58c02d45e5fdeaad608b458d.html,20170418110734
https://web.archive.org/web/20170418110734/https://www.elmundo.es/sociedad/2017/03/06/58bd9c7346163ff7498b4621.html,20170418110734
https://web.archive.org/web/20170418110734/https://www.elmundo.es/sociedad/2017/03/03/58b9a0ed22601dcf678b4579.html,20170418110734
https://web.archive.org/web/20170418110734/https://www.elmundo.es/pais-vasco/2017/02/28/58b59a8ee5fdea8f3c8b45bc.html,20170418110734
https://web.archive.org/web/20170419114435/https://www.elmundo.es/comunidad-valenciana/castellon/2017/04/05/58e5376446163f86038b45e0.html,20170419114435
https://web.archive.org/web/20170419114435/https://www.elmundo.es/sociedad/2017/03/31/58de394746163fd8128b45de.html,20170419114435
https://web.archive.org/web/20170419114435/https://www.elmundo.es/sociedad/2017/03/10/58c2782ee5fdea69688b45b4.html,20170419114435
https://web.archive.org/web/20170419114435/https://www.elmundo.es/comunidad-valenciana/castellon/2017/03/08/58c02d45e5fdeaad608b458d.html,20170419114435
https://web.archive.org/web/20170419114435/https://www.elmundo.es/sociedad/2017/03/06/58bd9c7346163ff7498b4621.html,20170419114435
https://web.archive.org/web/20170419114435/https://www.elmundo.es/sociedad/2017/03/03/58b9a0ed22601dcf678b4579.html,20170419114435
https://web.archive.org/web/20170419114435/https://www.elmundo.es/pais-vasco/2017/02/28/58b59a8ee5fdea8f3c8b45bc.html,20170419114435
https://web.archive.org/web/20170420124546/https://www.elmundo.es/sociedad/2017/04/20/58f86aee46163f704d8b4577.html,20170420124546
https://web.archive.org/web/20170420124546/https://www.elmundo.es/comunidad-valenciana/castellon/2017/04/05/58e5376446163f86038b45e0.html,20170420124546
https://web.archive.org/web/20170420124546/https://www.elmundo.es/sociedad/2017/03/31/58de394746163fd8128b45de.html,20170420124546
https://web.archive.org/web/20170420124546/https://www.elmundo.es/sociedad/2017/03/10/58c2782ee5fdea69688b45b4.html,20170420124546
https://web.archive.org/web/20170420124546/https://www.elmundo.es/comunidad-valenciana/castellon/2017/03/08/58c02d45e5fdeaad608b458d.html,20170420124546
https://web.archive.org/web/20170420124546/https://www.elmundo.es/sociedad/2017/03/06/58bd9c7346163ff7498b4621.html,20170420124546
https://web.archive.org/web/20170420124546/https://www.elmundo.es/sociedad/2017/03/03/58b9a0ed22601dcf678b4579.html,20170420124546
https://web.archive.org/web/20170421135509/https://www.elmundo.es/sociedad/2017/04/20/58f86aee46163f704d8b4577.html,20170421135509
https://web.archive.org/web/20170421135509/https://www.elmundo.es/comunidad-valenciana/castellon/2017/04/05/58e5376446163f86038b45e0.html,20170421135509
https://web.archive.org/web/20170421135509/https://www.elmundo.es/sociedad/2017/03/31/58de394746163fd8128b45de.html,20170421135509
https://web.archive.org/web/20170421135509/https://www.elmundo.es/sociedad/2017/03/10/58c2782ee5fdea69688b45b4.html,20170421135509
https://web.archive.org/web/20170421135509/https://www.elmundo.es/comunidad-valenciana/castellon/2017/03/08/58c02d45e5fdeaad608b458d.html,20170421135509
https://web.archive.org/web/20170421135509/https://www.elmundo.es/sociedad/2017/03/06/58bd9c7346163ff7498b4621.html,20170421135509
https://web.archive.org/web/20170421135509/https://www.elmundo.es/sociedad/2017/03/03/58b9a0ed22601dcf678b4579.html,20170421135509
https://web.archive.org/web/20170423021406/https://www.elmundo.es/sociedad/2017/04/20/58f86aee46163f704d8b4577.html,20170423021406
https://web.archive.org/web/20170423021406/https://www.elmundo.es/comunidad-valenciana/castellon/2017/04/05/58e5376446163f86038b45e0.html,20170423021406
https://web.archive.org/web/20170423021406/https://www.elmundo.es/sociedad/2017/03/31/58de394746163fd8128b45de.html,20170423021406
https://web.archive.org/web/20170423021406/https://www.elmundo.es/sociedad/2017/03/10/58c2782ee5fdea69688b45b4.html,20170423021406
https://web.archive.org/web/20170423021406/https://www.elmundo.es/comunidad-valenciana/castellon/2017/03/08/58c02d45e5fdeaad608b458d.html,20170423021406
https://web.archive.org/web/20170423021406/https://www.elmundo.es/sociedad/2017/03/06/58bd9c7346163ff7498b4621.html,20170423021406
https://web.archive.org/web/20170423021406/https://www.elmundo.es/sociedad/2017/03/03/58b9a0ed22601dcf678b4579.html,20170423021406
https://web.archive.org/web/20170424034156/https://www.elmundo.es/sociedad/2017/04/20/58f86aee46163f704d8b4577.html,20170424034156
https://web.archive.org/web/20170424034156/https://www.elmundo.es/comunidad-valenciana/castellon/2017/04/05/58e5376446163f86038b45e0.html,20170424034156
https://web.archive.org/web/20170424034156/https://www.elmundo.es/sociedad/2017/03/31/58de394746163fd8128b45de.html,20170424034156
https://web.archive.org/web/20170424034156/https://www.elmundo.es/sociedad/2017/03/10/58c2782ee5fdea69688b45b4.html,20170424034156
https://web.archive.org/web/20170424034156/https://www.elmundo.es/comunidad-valenciana/castellon/2017/03/08/58c02d45e5fdeaad608b458d.html,20170424034156
https://web.archive.org/web/20170424034156/https://www.elmundo.es/sociedad/2017/03/06/58bd9c7346163ff7498b4621.html,20170424034156
https://web.archive.org/web/20170424034156/https://www.elmundo.es/sociedad/2017/03/03/58b9a0ed22601dcf678b4579.html,20170424034156
https://web.archive.org/web/20170425043339/https://www.elmundo.es/sociedad/2017/04/20/58f86aee46163f704d8b4577.html,20170425043339
https://web.archive.org/web/20170425043339/https://www.elmundo.es/comunidad-valenciana/castellon/2017/04/05/58e5376446163f86038b45e0.html,20170425043339
https://web.archive.org/web/20170425043339/https://www.elmundo.es/sociedad/2017/03/31/58de394746163fd8128b45de.html,20170425043339
https://web.archive.org/web/20170425043339/https://www.elmundo.es/sociedad/2017/03/10/58c2782ee5fdea69688b45b4.html,20170425043339
https://web.archive.org/web/20170425043339/https://www.elmundo.es/comunidad-valenciana/castellon/2017/03/08/58c02d45e5fdeaad608b458d.html,20170425043339
https://web.archive.org/web/20170425043339/https://www.elmundo.es/sociedad/2017/03/06/58bd9c7346163ff7498b4621.html,20170425043339
https://web.archive.org/web/20170425043339/https://www.elmundo.es/sociedad/2017/03/03/58b9a0ed22601dcf678b4579.html,20170425043339
https://web.archive.org/web/20170426054135/https://www.elmundo.es/sociedad/2017/04/20/58f86aee46163f704d8b4577.html,20170426054135
https://web.archive.org/web/20170426054135/https://www.elmundo.es/comunidad-valenciana/castellon/2017/04/05/58e5376446163f86038b45e0.html,20170426054135
https://web.archive.org/web/20170426054135/https://www.elmundo.es/sociedad/2017/03/31/58de394746163fd8128b45de.html,20170426054135
https://web.archive.org/web/20170426054135/https://www.elmundo.es/sociedad/2017/03/10/58c2782ee5fdea69688b45b4.html,20170426054135
https://web.archive.org/web/20170426054135/https://www.elmundo.es/comunidad-valenciana/castellon/2017/03/08/58c02d45e5fdeaad608b458d.html,20170426054135
https://web.archive.org/web/20170426054135/https://www.elmundo.es/sociedad/2017/03/06/58bd9c7346163ff7498b4621.html,20170426054135
https://web.archive.org/web/20170427065249/https://www.elmundo.es/sociedad/2017/04/20/58f86aee46163f704d8b4577.html,20170427065249
https://web.archive.org/web/20170427065249/https://www.elmundo.es/comunidad-valenciana/castellon/2017/04/05/58e5376446163f86038b45e0.html,20170427065249
https://web.archive.org/web/20170427065249/https://www.elmundo.es/sociedad/2017/03/31/58de394746163fd8128b45de.html,20170427065249
https://web.archive.org/web/20170427065249/https://www.elmundo.es/sociedad/2017/03/10/58c2782ee5fdea69688b45b4.html,20170427065249
https://web.archive.org/web/20170427065249/https://www.elmundo.es/comunidad-valenciana/castellon/2017/03/08/58c02d45e5fdeaad608b458d.html,20170427065249
https://web.archive.org/web/20170427065249/https://www.elmundo.es/sociedad/2017/03/06/58bd9c7346163ff7498b4621.html,20170427065249
https://web.archive.org/web/20170429072906/https://www.elmundo.es/sociedad/2017/04/20/58f86aee46163f704d8b4577.html,20170429072906
https://web.archive.org/web/20170429072906/https://www.elmundo.es/comunidad-valenciana/castellon/2017/04/05/58e5376446163f86038b45e0.html,20170429072906
https://web.archive.org/web/20170429072906/https://www.elmundo.es/sociedad/2017/03/31/58de394746163fd8128b45de.html,20170429072906
https://web.archive.org/web/20170429072906/https://www.elmundo.es/sociedad/2017/03/10/58c2782ee5fdea69688b45b4.html,20170429072906
https://web.archive.org/web/20170429072906/https://www.elmundo.es/comunidad-valenciana/castellon/2017/03/08/58c02d45e5fdeaad608b458d.html,20170429072906
https://web.archive.org/web/20170429072906/https://www.elmundo.es/sociedad/2017/03/06/58bd9c7346163ff7498b4621.html,20170429072906
https://web.archive.org/web/20170430084034/https://www.elmundo.es/sociedad/2017/04/20/58f86aee46163f704d8b4577.html,20170430084034
https://web.archive.org/web/20170430084034/https://www.elmundo.es/comunidad-valenciana/castellon/2017/04/05/58e5376446163f86038b45e0.html,20170430084034
https://web.archive.org/web/20170430084034/https://www.elmundo.es/sociedad/2017/03/31/58de394746163fd8128b45de.html,20170430084034
https://web.archive.org/web/20170430084034/https://www.elmundo.es/sociedad/2017/03/10/58c2782ee5fdea69688b45b4.html,20170430084034
https://web.archive.org/web/20170430084034/https://www.elmundo.es/comunidad-valenciana/castellon/2017/03/08/58c02d45e5fdeaad608b458d.html,20170430084034
https://web.archive.org/web/20170430084034/https://www.elmundo.es/sociedad/2017/03/06/58bd9c7346163ff7498b4621.html,20170430084034
https://web.archive.org/web/20170502170219/https://www.elmundo.es/sociedad/2017/04/20/58f86aee46163f704d8b4577.html,20170502170219
https://web.archive.org/web/20170502170219/https://www.elmundo.es/comunidad-valenciana/castellon/2017/04/05/58e5376446163f86038b45e0.html,20170502170219
https://web.archive.org/web/20170502170219/https://www.elmundo.es/sociedad/2017/03/31/58de394746163fd8128b45de.html,20170502170219
https://web.archive.org/web/20170502170219/https://www.elmundo.es/sociedad/2017/03/10/58c2782ee5fdea69688b45b4.html,20170502170219
https://web.archive.org/web/20170502170219/https://www.elmundo.es/comunidad-valenciana/castellon/2017/03/08/58c02d45e5fdeaad608b458d.html,20170502170219
https://web.archive.org/web/20170502170219/https://www.elmundo.es/sociedad/2017/03/06/58bd9c7346163ff7498b4621.html,20170502170219
https://web.archive.org/web/20170503093655/https://www.elmundo.es/sociedad/2017/04/20/58f86aee46163f704d8b4577.html,20170503093655
https://web.archive.org/web/20170503093655/https://www.elmundo.es/comunidad-valenciana/castellon/2017/04/05/58e5376446163f86038b45e0.html,20170503093655
https://web.archive.org/web/20170503093655/https://www.elmundo.es/sociedad/2017/03/31/58de394746163fd8128b45de.html,20170503093655
https://web.archive.org/web/20170503093655/https://www.elmundo.es/sociedad/2017/03/10/58c2782ee5fdea69688b45b4.html,20170503093655
https://web.archive.org/web/20170503093655/https://www.elmundo.es/comunidad-valenciana/castellon/2017/03/08/58c02d45e5fdeaad608b458d.html,20170503093655
https://web.archive.org/web/20170503093655/https://www.elmundo.es/sociedad/2017/03/06/58bd9c7346163ff7498b4621.html,20170503093655
https://web.archive.org/web/20170527133828/https://www.elmundo.es/sociedad/2017/04/20/58f86aee46163f704d8b4577.html,20170527133828
https://web.archive.org/web/20170527133828/https://www.elmundo.es/comunidad-valenciana/castellon/2017/04/05/58e5376446163f86038b45e0.html,20170527133828
https://web.archive.org/web/20170527133828/https://www.elmundo.es/sociedad/2017/03/31/58de394746163fd8128b45de.html,20170527133828
https://web.archive.org/web/20170528142234/https://www.elmundo.es/sociedad/2017/04/20/58f86aee46163f704d8b4577.html,20170528142234
https://web.archive.org/web/20170528142234/https://www.elmundo.es/comunidad-valenciana/castellon/2017/04/05/58e5376446163f86038b45e0.html,20170528142234
https://web.archive.org/web/20170528142234/https://www.elmundo.es/sociedad/2017/03/31/58de394746163fd8128b45de.html,20170528142234
https://web.archive.org/web/20170531161952/https://www.elmundo.es/pais-vasco/2017/05/31/592eae59ca474135308b459c.html,20170531161952
https://web.archive.org/web/20170531161952/https://www.elmundo.es/sociedad/2017/05/30/592d965f46163fa9398b45ea.html,20170531161952
https://web.archive.org/web/20170531161952/https://www.elmundo.es/madrid/2017/05/30/592c7107ca4741275b8b457f.html,20170531161952
https://web.archive.org/web/20170531161952/https://www.elmundo.es/sociedad/2017/04/20/58f86aee46163f704d8b4577.html,20170531161952
https://web.archive.org/web/20170531161952/https://www.elmundo.es/comunidad-valenciana/castellon/2017/04/05/58e5376446163f86038b45e0.html,20170531161952
https://web.archive.org/web/20170531161952/https://www.elmundo.es/sociedad/2017/03/31/58de394746163fd8128b45de.html,20170531161952
https://web.archive.org/web/20170609094236/https://www.elmundo.es/sociedad/2017/05/31/592eb0bd468aeba67e8b4598.html,20170609094236
https://web.archive.org/web/20170609094236/https://www.elmundo.es/pais-vasco/2017/05/31/592eae59ca474135308b459c.html,20170609094236
https://web.archive.org/web/20170609094236/https://www.elmundo.es/sociedad/2017/05/30/592d965f46163fa9398b45ea.html,20170609094236
https://web.archive.org/web/20170609094236/https://www.elmundo.es/madrid/2017/05/30/592c7107ca4741275b8b457f.html,20170609094236
https://web.archive.org/web/20170609094236/https://www.elmundo.es/sociedad/2017/04/20/58f86aee46163f704d8b4577.html,20170609094236
https://web.archive.org/web/20170614094448/https://www.elmundo.es/sociedad/2017/05/31/592eb0bd468aeba67e8b4598.html,20170614094448
https://web.archive.org/web/20170614094448/https://www.elmundo.es/pais-vasco/2017/05/31/592eae59ca474135308b459c.html,20170614094448
https://web.archive.org/web/20170614094448/https://www.elmundo.es/sociedad/2017/05/30/592d965f46163fa9398b45ea.html,20170614094448
https://web.archive.org/web/20170614094448/https://www.elmundo.es/madrid/2017/05/30/592c7107ca4741275b8b457f.html,20170614094448
https://web.archive.org/web/20170614094448/https://www.elmundo.es/sociedad/2017/04/20/58f86aee46163f704d8b4577.html,20170614094448
https://web.archive.org/web/20170618141631/https://www.elmundo.es/sociedad/2017/05/31/592eb0bd468aeba67e8b4598.html,20170618141631
https://web.archive.org/web/20170618141631/https://www.elmundo.es/pais-vasco/2017/05/31/592eae59ca474135308b459c.html,20170618141631
https://web.archive.org/web/20170618141631/https://www.elmundo.es/sociedad/2017/05/30/592d965f46163fa9398b45ea.html,20170618141631
https://web.archive.org/web/20170618141631/https://www.elmundo.es/madrid/2017/05/30/592c7107ca4741275b8b457f.html,20170618141631
https://web.archive.org/web/20170618141631/https://www.elmundo.es/sociedad/2017/04/20/58f86aee46163f704d8b4577.html,20170618141631
https://web.archive.org/web/20170619145738/https://www.elmundo.es/sociedad/2017/05/31/592eb0bd468aeba67e8b4598.html,20170619145738
https://web.archive.org/web/20170619145738/https://www.elmundo.es/pais-vasco/2017/05/31/592eae59ca474135308b459c.html,20170619145738
https://web.archive.org/web/20170619145738/https://www.elmundo.es/sociedad/2017/05/30/592d965f46163fa9398b45ea.html,20170619145738
https://web.archive.org/web/20170619145738/https://www.elmundo.es/madrid/2017/05/30/592c7107ca4741275b8b457f.html,20170619145738
https://web.archive.org/web/20170619145738/https://www.elmundo.es/sociedad/2017/04/20/58f86aee46163f704d8b4577.html,20170619145738
https://web.archive.org/web/20170624190043/https://www.elmundo.es/sociedad/2017/06/21/594a439e468aebf5408b4571.html,20170624190043
https://web.archive.org/web/20170624190043/https://www.elmundo.es/sociedad/2017/05/31/592eb0bd468aeba67e8b4598.html,20170624190043
https://web.archive.org/web/20170624190043/https://www.elmundo.es/pais-vasco/2017/05/31/592eae59ca474135308b459c.html,20170624190043
https://web.archive.org/web/20170624190043/https://www.elmundo.es/sociedad/2017/05/30/592d965f46163fa9398b45ea.html,20170624190043
https://web.archive.org/web/20170624190043/https://www.elmundo.es/madrid/2017/05/30/592c7107ca4741275b8b457f.html,20170624190043
https://web.archive.org/web/20170624190043/https://www.elmundo.es/sociedad/2017/04/20/58f86aee46163f704d8b4577.html,20170624190043
https://web.archive.org/web/20170625201958/https://www.elmundo.es/sociedad/2017/06/21/594a439e468aebf5408b4571.html,20170625201958
https://web.archive.org/web/20170625201958/https://www.elmundo.es/sociedad/2017/05/31/592eb0bd468aeba67e8b4598.html,20170625201958
https://web.archive.org/web/20170625201958/https://www.elmundo.es/pais-vasco/2017/05/31/592eae59ca474135308b459c.html,20170625201958
https://web.archive.org/web/20170625201958/https://www.elmundo.es/sociedad/2017/05/30/592d965f46163fa9398b45ea.html,20170625201958
https://web.archive.org/web/20170625201958/https://www.elmundo.es/madrid/2017/05/30/592c7107ca4741275b8b457f.html,20170625201958
https://web.archive.org/web/20170625201958/https://www.elmundo.es/sociedad/2017/04/20/58f86aee46163f704d8b4577.html,20170625201958
https://web.archive.org/web/20170626204140/https://www.elmundo.es/sociedad/2017/06/21/594a439e468aebf5408b4571.html,20170626204140
https://web.archive.org/web/20170626204140/https://www.elmundo.es/sociedad/2017/05/31/592eb0bd468aeba67e8b4598.html,20170626204140
https://web.archive.org/web/20170626204140/https://www.elmundo.es/pais-vasco/2017/05/31/592eae59ca474135308b459c.html,20170626204140
https://web.archive.org/web/20170626204140/https://www.elmundo.es/sociedad/2017/05/30/592d965f46163fa9398b45ea.html,20170626204140
https://web.archive.org/web/20170626204140/https://www.elmundo.es/madrid/2017/05/30/592c7107ca4741275b8b457f.html,20170626204140
https://web.archive.org/web/20170626204140/https://www.elmundo.es/sociedad/2017/04/20/58f86aee46163f704d8b4577.html,20170626204140
https://web.archive.org/web/20170627223213/https://www.elmundo.es/sociedad/2017/06/21/594a439e468aebf5408b4571.html,20170627223213
https://web.archive.org/web/20170627223213/https://www.elmundo.es/sociedad/2017/05/31/592eb0bd468aeba67e8b4598.html,20170627223213
https://web.archive.org/web/20170627223213/https://www.elmundo.es/pais-vasco/2017/05/31/592eae59ca474135308b459c.html,20170627223213
https://web.archive.org/web/20170627223213/https://www.elmundo.es/sociedad/2017/05/30/592d965f46163fa9398b45ea.html,20170627223213
https://web.archive.org/web/20170627223213/https://www.elmundo.es/madrid/2017/05/30/592c7107ca4741275b8b457f.html,20170627223213
https://web.archive.org/web/20170627223213/https://www.elmundo.es/sociedad/2017/04/20/58f86aee46163f704d8b4577.html,20170627223213
https://web.archive.org/web/20170628221721/https://www.elmundo.es/sociedad/2017/06/21/594a439e468aebf5408b4571.html,20170628221721
https://web.archive.org/web/20170628221721/https://www.elmundo.es/sociedad/2017/05/31/592eb0bd468aeba67e8b4598.html,20170628221721
https://web.archive.org/web/20170628221721/https://www.elmundo.es/pais-vasco/2017/05/31/592eae59ca474135308b459c.html,20170628221721
https://web.archive.org/web/20170628221721/https://www.elmundo.es/sociedad/2017/05/30/592d965f46163fa9398b45ea.html,20170628221721
https://web.archive.org/web/20170628221721/https://www.elmundo.es/madrid/2017/05/30/592c7107ca4741275b8b457f.html,20170628221721
https://web.archive.org/web/20170628221721/https://www.elmundo.es/sociedad/2017/04/20/58f86aee46163f704d8b4577.html,20170628221721
https://web.archive.org/web/20170629223500/https://www.elmundo.es/sociedad/2017/06/21/594a439e468aebf5408b4571.html,20170629223500
https://web.archive.org/web/20170629223500/https://www.elmundo.es/sociedad/2017/05/31/592eb0bd468aeba67e8b4598.html,20170629223500
https://web.archive.org/web/20170629223500/https://www.elmundo.es/pais-vasco/2017/05/31/592eae59ca474135308b459c.html,20170629223500
https://web.archive.org/web/20170629223500/https://www.elmundo.es/sociedad/2017/05/30/592d965f46163fa9398b45ea.html,20170629223500
https://web.archive.org/web/20170629223500/https://www.elmundo.es/madrid/2017/05/30/592c7107ca4741275b8b457f.html,20170629223500
https://web.archive.org/web/20170629223500/https://www.elmundo.es/sociedad/2017/04/20/58f86aee46163f704d8b4577.html,20170629223500
https://web.archive.org/web/20170701234101/https://www.elmundo.es/sociedad/2017/06/21/594a439e468aebf5408b4571.html,20170701234101
https://web.archive.org/web/20170701234101/https://www.elmundo.es/sociedad/2017/05/31/592eb0bd468aeba67e8b4598.html,20170701234101
https://web.archive.org/web/20170701234101/https://www.elmundo.es/pais-vasco/2017/05/31/592eae59ca474135308b459c.html,20170701234101
https://web.archive.org/web/20170701234101/https://www.elmundo.es/sociedad/2017/05/30/592d965f46163fa9398b45ea.html,20170701234101
https://web.archive.org/web/20170701234101/https://www.elmundo.es/madrid/2017/05/30/592c7107ca4741275b8b457f.html,20170701234101
https://web.archive.org/web/20170703001245/https://www.elmundo.es/sociedad/2017/06/21/594a439e468aebf5408b4571.html,20170703001245
https://web.archive.org/web/20170703001245/https://www.elmundo.es/sociedad/2017/05/31/592eb0bd468aeba67e8b4598.html,20170703001245
https://web.archive.org/web/20170703001245/https://www.elmundo.es/pais-vasco/2017/05/31/592eae59ca474135308b459c.html,20170703001245
https://web.archive.org/web/20170703001245/https://www.elmundo.es/sociedad/2017/05/30/592d965f46163fa9398b45ea.html,20170703001245
https://web.archive.org/web/20170703001245/https://www.elmundo.es/madrid/2017/05/30/592c7107ca4741275b8b457f.html,20170703001245
https://web.archive.org/web/20170705011355/https://www.elmundo.es/sociedad/2017/06/21/594a439e468aebf5408b4571.html,20170705011355
https://web.archive.org/web/20170705011355/https://www.elmundo.es/sociedad/2017/05/31/592eb0bd468aeba67e8b4598.html,20170705011355
https://web.archive.org/web/20170705011355/https://www.elmundo.es/pais-vasco/2017/05/31/592eae59ca474135308b459c.html,20170705011355
https://web.archive.org/web/20170705011355/https://www.elmundo.es/sociedad/2017/05/30/592d965f46163fa9398b45ea.html,20170705011355
https://web.archive.org/web/20170705011355/https://www.elmundo.es/madrid/2017/05/30/592c7107ca4741275b8b457f.html,20170705011355
https://web.archive.org/web/20170711044342/https://www.elmundo.es/comunidad-valenciana/2017/07/07/595f83bbca4741270b8b462d.html,20170711044342
https://web.archive.org/web/20170711044342/https://www.elmundo.es/sociedad/2017/06/21/594a439e468aebf5408b4571.html,20170711044342
https://web.archive.org/web/20170711044342/https://www.elmundo.es/sociedad/2017/05/31/592eb0bd468aeba67e8b4598.html,20170711044342
https://web.archive.org/web/20170711044342/https://www.elmundo.es/pais-vasco/2017/05/31/592eae59ca474135308b459c.html,20170711044342
https://web.archive.org/web/20170711044342/https://www.elmundo.es/sociedad/2017/05/30/592d965f46163fa9398b45ea.html,20170711044342
https://web.archive.org/web/20170711044342/https://www.elmundo.es/madrid/2017/05/30/592c7107ca4741275b8b457f.html,20170711044342
https://web.archive.org/web/20170712052435/https://www.elmundo.es/comunidad-valenciana/2017/07/07/595f83bbca4741270b8b462d.html,20170712052435
https://web.archive.org/web/20170712052435/https://www.elmundo.es/sociedad/2017/06/21/594a439e468aebf5408b4571.html,20170712052435
https://web.archive.org/web/20170712052435/https://www.elmundo.es/sociedad/2017/05/31/592eb0bd468aeba67e8b4598.html,20170712052435
https://web.archive.org/web/20170712052435/https://www.elmundo.es/pais-vasco/2017/05/31/592eae59ca474135308b459c.html,20170712052435
https://web.archive.org/web/20170712052435/https://www.elmundo.es/sociedad/2017/05/30/592d965f46163fa9398b45ea.html,20170712052435
https://web.archive.org/web/20170712052435/https://www.elmundo.es/madrid/2017/05/30/592c7107ca4741275b8b457f.html,20170712052435
https://web.archive.org/web/20170803210627/https://www.elmundo.es/sociedad/2017/08/01/5980a1c4468aeb87398b4610.html,20170803210627
https://web.archive.org/web/20170803210627/https://www.elmundo.es/opinion/2017/07/30/597cd397268e3eea4e8b4608.html,20170803210627
https://web.archive.org/web/20170803210627/https://www.elmundo.es/sociedad/2017/07/24/5976160322601d9d1d8b465a.html,20170803210627
https://web.archive.org/web/20170803210627/https://www.elmundo.es/sociedad/2017/07/17/5968d979e2704ef53e8b45a1.html,20170803210627
https://web.archive.org/web/20170803210627/https://www.elmundo.es/comunidad-valenciana/2017/07/07/595f83bbca4741270b8b462d.html,20170803210627
https://web.archive.org/web/20170803210627/https://www.elmundo.es/sociedad/2017/06/21/594a439e468aebf5408b4571.html,20170803210627
https://web.archive.org/web/20170805044759/https://www.elmundo.es/baleares/2017/08/04/5984848a22601d7e2d8b467a.html,20170805044759
https://web.archive.org/web/20170805044759/https://www.elmundo.es/sociedad/2017/08/01/5980a1c4468aeb87398b4610.html,20170805044759
https://web.archive.org/web/20170805044759/https://www.elmundo.es/opinion/2017/07/30/597cd397268e3eea4e8b4608.html,20170805044759
https://web.archive.org/web/20170805044759/https://www.elmundo.es/sociedad/2017/07/24/5976160322601d9d1d8b465a.html,20170805044759
https://web.archive.org/web/20170805044759/https://www.elmundo.es/sociedad/2017/07/17/5968d979e2704ef53e8b45a1.html,20170805044759
https://web.archive.org/web/20170805044759/https://www.elmundo.es/comunidad-valenciana/2017/07/07/595f83bbca4741270b8b462d.html,20170805044759
https://web.archive.org/web/20170805044759/https://www.elmundo.es/sociedad/2017/06/21/594a439e468aebf5408b4571.html,20170805044759
https://web.archive.org/web/20170807024120/https://www.elmundo.es/baleares/2017/08/04/5984848a22601d7e2d8b467a.html,20170807024120
https://web.archive.org/web/20170807024120/https://www.elmundo.es/sociedad/2017/08/01/5980a1c4468aeb87398b4610.html,20170807024120
https://web.archive.org/web/20170807024120/https://www.elmundo.es/opinion/2017/07/30/597cd397268e3eea4e8b4608.html,20170807024120
https://web.archive.org/web/20170807024120/https://www.elmundo.es/sociedad/2017/07/24/5976160322601d9d1d8b465a.html,20170807024120
https://web.archive.org/web/20170807024120/https://www.elmundo.es/sociedad/2017/07/17/5968d979e2704ef53e8b45a1.html,20170807024120
https://web.archive.org/web/20170807024120/https://www.elmundo.es/comunidad-valenciana/2017/07/07/595f83bbca4741270b8b462d.html,20170807024120
https://web.archive.org/web/20170807024120/https://www.elmundo.es/sociedad/2017/06/21/594a439e468aebf5408b4571.html,20170807024120
https://web.archive.org/web/20170808201422/https://www.elmundo.es/baleares/2017/08/04/5984848a22601d7e2d8b467a.html,20170808201422
https://web.archive.org/web/20170808201422/https://www.elmundo.es/sociedad/2017/08/01/5980a1c4468aeb87398b4610.html,20170808201422
https://web.archive.org/web/20170808201422/https://www.elmundo.es/opinion/2017/07/30/597cd397268e3eea4e8b4608.html,20170808201422
https://web.archive.org/web/20170808201422/https://www.elmundo.es/sociedad/2017/07/24/5976160322601d9d1d8b465a.html,20170808201422
https://web.archive.org/web/20170808201422/https://www.elmundo.es/sociedad/2017/07/17/5968d979e2704ef53e8b45a1.html,20170808201422
https://web.archive.org/web/20170808201422/https://www.elmundo.es/comunidad-valenciana/2017/07/07/595f83bbca4741270b8b462d.html,20170808201422
https://web.archive.org/web/20170808201422/https://www.elmundo.es/sociedad/2017/06/21/594a439e468aebf5408b4571.html,20170808201422
https://web.archive.org/web/20170809232354/https://www.elmundo.es/baleares/2017/08/04/5984848a22601d7e2d8b467a.html,20170809232354
https://web.archive.org/web/20170809232354/https://www.elmundo.es/sociedad/2017/08/01/5980a1c4468aeb87398b4610.html,20170809232354
https://web.archive.org/web/20170809232354/https://www.elmundo.es/opinion/2017/07/30/597cd397268e3eea4e8b4608.html,20170809232354
https://web.archive.org/web/20170809232354/https://www.elmundo.es/sociedad/2017/07/24/5976160322601d9d1d8b465a.html,20170809232354
https://web.archive.org/web/20170809232354/https://www.elmundo.es/sociedad/2017/07/17/5968d979e2704ef53e8b45a1.html,20170809232354
https://web.archive.org/web/20170809232354/https://www.elmundo.es/comunidad-valenciana/2017/07/07/595f83bbca4741270b8b462d.html,20170809232354
https://web.archive.org/web/20170809232354/https://www.elmundo.es/sociedad/2017/06/21/594a439e468aebf5408b4571.html,20170809232354
https://web.archive.org/web/20170811004316/https://www.elmundo.es/baleares/2017/08/04/5984848a22601d7e2d8b467a.html,20170811004316
https://web.archive.org/web/20170811004316/https://www.elmundo.es/sociedad/2017/08/01/5980a1c4468aeb87398b4610.html,20170811004316
https://web.archive.org/web/20170811004316/https://www.elmundo.es/opinion/2017/07/30/597cd397268e3eea4e8b4608.html,20170811004316
https://web.archive.org/web/20170811004316/https://www.elmundo.es/sociedad/2017/07/24/5976160322601d9d1d8b465a.html,20170811004316
https://web.archive.org/web/20170811004316/https://www.elmundo.es/sociedad/2017/07/17/5968d979e2704ef53e8b45a1.html,20170811004316
https://web.archive.org/web/20170811004316/https://www.elmundo.es/comunidad-valenciana/2017/07/07/595f83bbca4741270b8b462d.html,20170811004316
https://web.archive.org/web/20170811004316/https://www.elmundo.es/sociedad/2017/06/21/594a439e468aebf5408b4571.html,20170811004316
https://web.archive.org/web/20170812011835/https://www.elmundo.es/baleares/2017/08/04/5984848a22601d7e2d8b467a.html,20170812011835
https://web.archive.org/web/20170812011835/https://www.elmundo.es/sociedad/2017/08/01/5980a1c4468aeb87398b4610.html,20170812011835
https://web.archive.org/web/20170812011835/https://www.elmundo.es/opinion/2017/07/30/597cd397268e3eea4e8b4608.html,20170812011835
https://web.archive.org/web/20170812011835/https://www.elmundo.es/sociedad/2017/07/24/5976160322601d9d1d8b465a.html,20170812011835
https://web.archive.org/web/20170812011835/https://www.elmundo.es/sociedad/2017/07/17/5968d979e2704ef53e8b45a1.html,20170812011835
https://web.archive.org/web/20170812011835/https://www.elmundo.es/comunidad-valenciana/2017/07/07/595f83bbca4741270b8b462d.html,20170812011835
https://web.archive.org/web/20170812011835/https://www.elmundo.es/sociedad/2017/06/21/594a439e468aebf5408b4571.html,20170812011835
https://web.archive.org/web/20170813023738/https://www.elmundo.es/baleares/2017/08/04/5984848a22601d7e2d8b467a.html,20170813023738
https://web.archive.org/web/20170813023738/https://www.elmundo.es/sociedad/2017/08/01/5980a1c4468aeb87398b4610.html,20170813023738
https://web.archive.org/web/20170813023738/https://www.elmundo.es/opinion/2017/07/30/597cd397268e3eea4e8b4608.html,20170813023738
https://web.archive.org/web/20170813023738/https://www.elmundo.es/sociedad/2017/07/24/5976160322601d9d1d8b465a.html,20170813023738
https://web.archive.org/web/20170813023738/https://www.elmundo.es/sociedad/2017/07/17/5968d979e2704ef53e8b45a1.html,20170813023738
https://web.archive.org/web/20170813023738/https://www.elmundo.es/comunidad-valenciana/2017/07/07/595f83bbca4741270b8b462d.html,20170813023738
https://web.archive.org/web/20170813023738/https://www.elmundo.es/sociedad/2017/06/21/594a439e468aebf5408b4571.html,20170813023738
https://web.archive.org/web/20170815134900/https://www.elmundo.es/baleares/2017/08/04/5984848a22601d7e2d8b467a.html,20170815134900
https://web.archive.org/web/20170815134900/https://www.elmundo.es/sociedad/2017/08/01/5980a1c4468aeb87398b4610.html,20170815134900
https://web.archive.org/web/20170815134900/https://www.elmundo.es/opinion/2017/07/30/597cd397268e3eea4e8b4608.html,20170815134900
https://web.archive.org/web/20170815134900/https://www.elmundo.es/sociedad/2017/07/24/5976160322601d9d1d8b465a.html,20170815134900
https://web.archive.org/web/20170815134900/https://www.elmundo.es/sociedad/2017/07/17/5968d979e2704ef53e8b45a1.html,20170815134900
https://web.archive.org/web/20170815134900/https://www.elmundo.es/comunidad-valenciana/2017/07/07/595f83bbca4741270b8b462d.html,20170815134900
https://web.archive.org/web/20170815134900/https://www.elmundo.es/sociedad/2017/06/21/594a439e468aebf5408b4571.html,20170815134900
https://web.archive.org/web/20170822155556/https://www.elmundo.es/baleares/2017/08/19/599817dfe5fdeae5418b45c5.html,20170822155556
https://web.archive.org/web/20170822155556/https://www.elmundo.es/baleares/2017/08/04/5984848a22601d7e2d8b467a.html,20170822155556
https://web.archive.org/web/20170822155556/https://www.elmundo.es/sociedad/2017/08/01/5980a1c4468aeb87398b4610.html,20170822155556
https://web.archive.org/web/20170822155556/https://www.elmundo.es/opinion/2017/07/30/597cd397268e3eea4e8b4608.html,20170822155556
https://web.archive.org/web/20170822155556/https://www.elmundo.es/sociedad/2017/07/24/5976160322601d9d1d8b465a.html,20170822155556
https://web.archive.org/web/20170822155556/https://www.elmundo.es/sociedad/2017/07/17/5968d979e2704ef53e8b45a1.html,20170822155556
https://web.archive.org/web/20170822155556/https://www.elmundo.es/comunidad-valenciana/2017/07/07/595f83bbca4741270b8b462d.html,20170822155556
https://web.archive.org/web/20170823174419/https://www.elmundo.es/baleares/2017/08/19/599817dfe5fdeae5418b45c5.html,20170823174419
https://web.archive.org/web/20170823174419/https://www.elmundo.es/baleares/2017/08/04/5984848a22601d7e2d8b467a.html,20170823174419
https://web.archive.org/web/20170823174419/https://www.elmundo.es/sociedad/2017/08/01/5980a1c4468aeb87398b4610.html,20170823174419
https://web.archive.org/web/20170823174419/https://www.elmundo.es/opinion/2017/07/30/597cd397268e3eea4e8b4608.html,20170823174419
https://web.archive.org/web/20170823174419/https://www.elmundo.es/sociedad/2017/07/24/5976160322601d9d1d8b465a.html,20170823174419
https://web.archive.org/web/20170823174419/https://www.elmundo.es/sociedad/2017/07/17/5968d979e2704ef53e8b45a1.html,20170823174419
https://web.archive.org/web/20170823174419/https://www.elmundo.es/comunidad-valenciana/2017/07/07/595f83bbca4741270b8b462d.html,20170823174419
https://web.archive.org/web/20170824082446/https://www.elmundo.es/baleares/2017/08/19/599817dfe5fdeae5418b45c5.html,20170824082446
https://web.archive.org/web/20170824082446/https://www.elmundo.es/baleares/2017/08/04/5984848a22601d7e2d8b467a.html,20170824082446
https://web.archive.org/web/20170824082446/https://www.elmundo.es/sociedad/2017/08/01/5980a1c4468aeb87398b4610.html,20170824082446
https://web.archive.org/web/20170824082446/https://www.elmundo.es/opinion/2017/07/30/597cd397268e3eea4e8b4608.html,20170824082446
https://web.archive.org/web/20170824082446/https://www.elmundo.es/sociedad/2017/07/24/5976160322601d9d1d8b465a.html,20170824082446
https://web.archive.org/web/20170824082446/https://www.elmundo.es/sociedad/2017/07/17/5968d979e2704ef53e8b45a1.html,20170824082446
https://web.archive.org/web/20170824082446/https://www.elmundo.es/comunidad-valenciana/2017/07/07/595f83bbca4741270b8b462d.html,20170824082446
https://web.archive.org/web/20170829224317/https://www.elmundo.es/cataluna/2017/08/25/599ff6b146163f30178b45fe.html,20170829224317
https://web.archive.org/web/20170829224317/https://www.elmundo.es/baleares/2017/08/19/599817dfe5fdeae5418b45c5.html,20170829224317
https://web.archive.org/web/20170829224317/https://www.elmundo.es/baleares/2017/08/04/5984848a22601d7e2d8b467a.html,20170829224317
https://web.archive.org/web/20170829224317/https://www.elmundo.es/sociedad/2017/08/01/5980a1c4468aeb87398b4610.html,20170829224317
https://web.archive.org/web/20170829224317/https://www.elmundo.es/opinion/2017/07/30/597cd397268e3eea4e8b4608.html,20170829224317
https://web.archive.org/web/20170829224317/https://www.elmundo.es/sociedad/2017/07/24/5976160322601d9d1d8b465a.html,20170829224317
https://web.archive.org/web/20170829224317/https://www.elmundo.es/sociedad/2017/07/17/5968d979e2704ef53e8b45a1.html,20170829224317
https://web.archive.org/web/20170830105825/https://www.elmundo.es/cataluna/2017/08/25/599ff6b146163f30178b45fe.html,20170830105825
https://web.archive.org/web/20170830105825/https://www.elmundo.es/baleares/2017/08/19/599817dfe5fdeae5418b45c5.html,20170830105825
https://web.archive.org/web/20170830105825/https://www.elmundo.es/baleares/2017/08/04/5984848a22601d7e2d8b467a.html,20170830105825
https://web.archive.org/web/20170830105825/https://www.elmundo.es/sociedad/2017/08/01/5980a1c4468aeb87398b4610.html,20170830105825
https://web.archive.org/web/20170830105825/https://www.elmundo.es/opinion/2017/07/30/597cd397268e3eea4e8b4608.html,20170830105825
https://web.archive.org/web/20170830105825/https://www.elmundo.es/sociedad/2017/07/24/5976160322601d9d1d8b465a.html,20170830105825
https://web.archive.org/web/20170830105825/https://www.elmundo.es/sociedad/2017/07/17/5968d979e2704ef53e8b45a1.html,20170830105825
https://web.archive.org/web/20170831152320/https://www.elmundo.es/cataluna/2017/08/25/599ff6b146163f30178b45fe.html,20170831152320
https://web.archive.org/web/20170831152320/https://www.elmundo.es/baleares/2017/08/19/599817dfe5fdeae5418b45c5.html,20170831152320
https://web.archive.org/web/20170831152320/https://www.elmundo.es/baleares/2017/08/04/5984848a22601d7e2d8b467a.html,20170831152320
https://web.archive.org/web/20170831152320/https://www.elmundo.es/sociedad/2017/08/01/5980a1c4468aeb87398b4610.html,20170831152320
https://web.archive.org/web/20170831152320/https://www.elmundo.es/opinion/2017/07/30/597cd397268e3eea4e8b4608.html,20170831152320
https://web.archive.org/web/20170831152320/https://www.elmundo.es/sociedad/2017/07/24/5976160322601d9d1d8b465a.html,20170831152320
https://web.archive.org/web/20170831152320/https://www.elmundo.es/sociedad/2017/07/17/5968d979e2704ef53e8b45a1.html,20170831152320
https://web.archive.org/web/20170901155249/https://www.elmundo.es/cataluna/2017/08/25/599ff6b146163f30178b45fe.html,20170901155249
https://web.archive.org/web/20170901155249/https://www.elmundo.es/baleares/2017/08/19/599817dfe5fdeae5418b45c5.html,20170901155249
https://web.archive.org/web/20170901155249/https://www.elmundo.es/baleares/2017/08/04/5984848a22601d7e2d8b467a.html,20170901155249
https://web.archive.org/web/20170901155249/https://www.elmundo.es/sociedad/2017/08/01/5980a1c4468aeb87398b4610.html,20170901155249
https://web.archive.org/web/20170901155249/https://www.elmundo.es/opinion/2017/07/30/597cd397268e3eea4e8b4608.html,20170901155249
https://web.archive.org/web/20170901155249/https://www.elmundo.es/sociedad/2017/07/24/5976160322601d9d1d8b465a.html,20170901155249
https://web.archive.org/web/20170901155249/https://www.elmundo.es/sociedad/2017/07/17/5968d979e2704ef53e8b45a1.html,20170901155249
https://web.archive.org/web/20170902155631/https://www.elmundo.es/cataluna/2017/08/25/599ff6b146163f30178b45fe.html,20170902155631
https://web.archive.org/web/20170902155631/https://www.elmundo.es/baleares/2017/08/19/599817dfe5fdeae5418b45c5.html,20170902155631
https://web.archive.org/web/20170902155631/https://www.elmundo.es/baleares/2017/08/04/5984848a22601d7e2d8b467a.html,20170902155631
https://web.archive.org/web/20170902155631/https://www.elmundo.es/sociedad/2017/08/01/5980a1c4468aeb87398b4610.html,20170902155631
https://web.archive.org/web/20170902155631/https://www.elmundo.es/opinion/2017/07/30/597cd397268e3eea4e8b4608.html,20170902155631
https://web.archive.org/web/20170902155631/https://www.elmundo.es/sociedad/2017/07/24/5976160322601d9d1d8b465a.html,20170902155631
https://web.archive.org/web/20170902155631/https://www.elmundo.es/sociedad/2017/07/17/5968d979e2704ef53e8b45a1.html,20170902155631
https://web.archive.org/web/20170903170354/https://www.elmundo.es/cataluna/2017/08/25/599ff6b146163f30178b45fe.html,20170903170354
https://web.archive.org/web/20170903170354/https://www.elmundo.es/baleares/2017/08/19/599817dfe5fdeae5418b45c5.html,20170903170354
https://web.archive.org/web/20170903170354/https://www.elmundo.es/baleares/2017/08/04/5984848a22601d7e2d8b467a.html,20170903170354
https://web.archive.org/web/20170903170354/https://www.elmundo.es/sociedad/2017/08/01/5980a1c4468aeb87398b4610.html,20170903170354
https://web.archive.org/web/20170903170354/https://www.elmundo.es/opinion/2017/07/30/597cd397268e3eea4e8b4608.html,20170903170354
https://web.archive.org/web/20170903170354/https://www.elmundo.es/sociedad/2017/07/24/5976160322601d9d1d8b465a.html,20170903170354
https://web.archive.org/web/20170903170354/https://www.elmundo.es/sociedad/2017/07/17/5968d979e2704ef53e8b45a1.html,20170903170354
https://web.archive.org/web/20170904175055/https://www.elmundo.es/cataluna/2017/08/25/599ff6b146163f30178b45fe.html,20170904175055
https://web.archive.org/web/20170904175055/https://www.elmundo.es/baleares/2017/08/19/599817dfe5fdeae5418b45c5.html,20170904175055
https://web.archive.org/web/20170904175055/https://www.elmundo.es/baleares/2017/08/04/5984848a22601d7e2d8b467a.html,20170904175055
https://web.archive.org/web/20170904175055/https://www.elmundo.es/sociedad/2017/08/01/5980a1c4468aeb87398b4610.html,20170904175055
https://web.archive.org/web/20170904175055/https://www.elmundo.es/opinion/2017/07/30/597cd397268e3eea4e8b4608.html,20170904175055
https://web.archive.org/web/20170904175055/https://www.elmundo.es/sociedad/2017/07/24/5976160322601d9d1d8b465a.html,20170904175055
https://web.archive.org/web/20170904175055/https://www.elmundo.es/sociedad/2017/07/17/5968d979e2704ef53e8b45a1.html,20170904175055
https://web.archive.org/web/20170905194853/https://www.elmundo.es/sociedad/2017/09/05/59aec40022601d052f8b4574.html,20170905194853
https://web.archive.org/web/20170905194853/https://www.elmundo.es/cataluna/2017/08/25/599ff6b146163f30178b45fe.html,20170905194853
https://web.archive.org/web/20170905194853/https://www.elmundo.es/baleares/2017/08/19/599817dfe5fdeae5418b45c5.html,20170905194853
https://web.archive.org/web/20170905194853/https://www.elmundo.es/baleares/2017/08/04/5984848a22601d7e2d8b467a.html,20170905194853
https://web.archive.org/web/20170905194853/https://www.elmundo.es/sociedad/2017/08/01/5980a1c4468aeb87398b4610.html,20170905194853
https://web.archive.org/web/20170905194853/https://www.elmundo.es/opinion/2017/07/30/597cd397268e3eea4e8b4608.html,20170905194853
https://web.archive.org/web/20170905194853/https://www.elmundo.es/sociedad/2017/07/24/5976160322601d9d1d8b465a.html,20170905194853
https://web.archive.org/web/20170905194853/https://www.elmundo.es/sociedad/2017/07/17/5968d979e2704ef53e8b45a1.html,20170905194853
https://web.archive.org/web/20171019160241/https://www.elmundo.es/pais-vasco/2017/09/29/59ce5d8c268e3ed5048b465b.html,20171019160241
https://web.archive.org/web/20171019160241/https://www.elmundo.es/comunidad-valenciana/2017/09/18/59bfa7b1ca47417b5e8b4600.html,20171019160241
https://web.archive.org/web/20171019160241/https://www.elmundo.es/sociedad/2017/09/12/59b7b0bc468aebf0428b45a9.html,20171019160241
https://web.archive.org/web/20171019160241/https://www.elmundo.es/sociedad/2017/09/08/59b28ff6e5fdeafa628b45e6.html,20171019160241
https://web.archive.org/web/20171019160241/https://www.elmundo.es/sociedad/2017/09/05/59aec40022601d052f8b4574.html,20171019160241
https://web.archive.org/web/20171019160241/https://www.elmundo.es/cataluna/2017/08/25/599ff6b146163f30178b45fe.html,20171019160241
https://web.archive.org/web/20171020153206/https://www.elmundo.es/pais-vasco/2017/09/29/59ce5d8c268e3ed5048b465b.html,20171020153206
https://web.archive.org/web/20171020153206/https://www.elmundo.es/comunidad-valenciana/2017/09/18/59bfa7b1ca47417b5e8b4600.html,20171020153206
https://web.archive.org/web/20171020153206/https://www.elmundo.es/sociedad/2017/09/12/59b7b0bc468aebf0428b45a9.html,20171020153206
https://web.archive.org/web/20171020153206/https://www.elmundo.es/sociedad/2017/09/08/59b28ff6e5fdeafa628b45e6.html,20171020153206
https://web.archive.org/web/20171020153206/https://www.elmundo.es/sociedad/2017/09/05/59aec40022601d052f8b4574.html,20171020153206
https://web.archive.org/web/20171020153206/https://www.elmundo.es/cataluna/2017/08/25/599ff6b146163f30178b45fe.html,20171020153206
https://web.archive.org/web/20171021160145/https://www.elmundo.es/pais-vasco/2017/09/29/59ce5d8c268e3ed5048b465b.html,20171021160145
https://web.archive.org/web/20171021160145/https://www.elmundo.es/comunidad-valenciana/2017/09/18/59bfa7b1ca47417b5e8b4600.html,20171021160145
https://web.archive.org/web/20171021160145/https://www.elmundo.es/sociedad/2017/09/12/59b7b0bc468aebf0428b45a9.html,20171021160145
https://web.archive.org/web/20171021160145/https://www.elmundo.es/sociedad/2017/09/08/59b28ff6e5fdeafa628b45e6.html,20171021160145
https://web.archive.org/web/20171021160145/https://www.elmundo.es/sociedad/2017/09/05/59aec40022601d052f8b4574.html,20171021160145
https://web.archive.org/web/20171021160145/https://www.elmundo.es/cataluna/2017/08/25/599ff6b146163f30178b45fe.html,20171021160145
https://web.archive.org/web/20171023173716/https://www.elmundo.es/comunidad-valenciana/2017/10/23/59edb87446163f47378b457a.html,20171023173716
https://web.archive.org/web/20171023173716/https://www.elmundo.es/pais-vasco/2017/09/29/59ce5d8c268e3ed5048b465b.html,20171023173716
https://web.archive.org/web/20171023173716/https://www.elmundo.es/comunidad-valenciana/2017/09/18/59bfa7b1ca47417b5e8b4600.html,20171023173716
https://web.archive.org/web/20171023173716/https://www.elmundo.es/sociedad/2017/09/12/59b7b0bc468aebf0428b45a9.html,20171023173716
https://web.archive.org/web/20171023173716/https://www.elmundo.es/sociedad/2017/09/08/59b28ff6e5fdeafa628b45e6.html,20171023173716
https://web.archive.org/web/20171023173716/https://www.elmundo.es/sociedad/2017/09/05/59aec40022601d052f8b4574.html,20171023173716
https://web.archive.org/web/20171024182435/https://www.elmundo.es/comunidad-valenciana/2017/10/23/59edb87446163f47378b457a.html,20171024182435
https://web.archive.org/web/20171024182435/https://www.elmundo.es/pais-vasco/2017/09/29/59ce5d8c268e3ed5048b465b.html,20171024182435
https://web.archive.org/web/20171024182435/https://www.elmundo.es/comunidad-valenciana/2017/09/18/59bfa7b1ca47417b5e8b4600.html,20171024182435
https://web.archive.org/web/20171024182435/https://www.elmundo.es/sociedad/2017/09/12/59b7b0bc468aebf0428b45a9.html,20171024182435
https://web.archive.org/web/20171024182435/https://www.elmundo.es/sociedad/2017/09/08/59b28ff6e5fdeafa628b45e6.html,20171024182435
https://web.archive.org/web/20171024182435/https://www.elmundo.es/sociedad/2017/09/05/59aec40022601d052f8b4574.html,20171024182435
https://web.archive.org/web/20171025185708/https://www.elmundo.es/comunidad-valenciana/2017/10/23/59edb87446163f47378b457a.html,20171025185708
https://web.archive.org/web/20171025185708/https://www.elmundo.es/pais-vasco/2017/09/29/59ce5d8c268e3ed5048b465b.html,20171025185708
https://web.archive.org/web/20171025185708/https://www.elmundo.es/comunidad-valenciana/2017/09/18/59bfa7b1ca47417b5e8b4600.html,20171025185708
https://web.archive.org/web/20171025185708/https://www.elmundo.es/sociedad/2017/09/12/59b7b0bc468aebf0428b45a9.html,20171025185708
https://web.archive.org/web/20171025185708/https://www.elmundo.es/sociedad/2017/09/08/59b28ff6e5fdeafa628b45e6.html,20171025185708
https://web.archive.org/web/20171025185708/https://www.elmundo.es/sociedad/2017/09/05/59aec40022601d052f8b4574.html,20171025185708
https://web.archive.org/web/20171026195138/https://www.elmundo.es/madrid/2017/10/26/59f1c925ca4741ac748b45ec.html,20171026195138
https://web.archive.org/web/20171026195138/https://www.elmundo.es/comunidad-valenciana/2017/10/23/59edb87446163f47378b457a.html,20171026195138
https://web.archive.org/web/20171026195138/https://www.elmundo.es/pais-vasco/2017/09/29/59ce5d8c268e3ed5048b465b.html,20171026195138
https://web.archive.org/web/20171026195138/https://www.elmundo.es/comunidad-valenciana/2017/09/18/59bfa7b1ca47417b5e8b4600.html,20171026195138
https://web.archive.org/web/20171026195138/https://www.elmundo.es/sociedad/2017/09/12/59b7b0bc468aebf0428b45a9.html,20171026195138
https://web.archive.org/web/20171026195138/https://www.elmundo.es/sociedad/2017/09/08/59b28ff6e5fdeafa628b45e6.html,20171026195138
https://web.archive.org/web/20171026195138/https://www.elmundo.es/sociedad/2017/09/05/59aec40022601d052f8b4574.html,20171026195138
https://web.archive.org/web/20171104025405/https://www.elmundo.es/yodona/lifestyle/2017/10/31/59f84b34e2704e03318b45a8.html,20171104025405
https://web.archive.org/web/20171104025405/https://www.elmundo.es/comunidad-valenciana/2017/10/29/59f5c30722601d314b8b45a6.html,20171104025405
https://web.archive.org/web/20171104025405/https://www.elmundo.es/madrid/2017/10/26/59f1c925ca4741ac748b45ec.html,20171104025405
https://web.archive.org/web/20171104025405/https://www.elmundo.es/comunidad-valenciana/2017/10/23/59edb87446163f47378b457a.html,20171104025405
https://web.archive.org/web/20171104025405/https://www.elmundo.es/pais-vasco/2017/09/29/59ce5d8c268e3ed5048b465b.html,20171104025405
https://web.archive.org/web/20171104025405/https://www.elmundo.es/comunidad-valenciana/2017/09/18/59bfa7b1ca47417b5e8b4600.html,20171104025405
https://web.archive.org/web/20171105035238/https://www.elmundo.es/yodona/lifestyle/2017/10/31/59f84b34e2704e03318b45a8.html,20171105035238
https://web.archive.org/web/20171105035238/https://www.elmundo.es/comunidad-valenciana/2017/10/29/59f5c30722601d314b8b45a6.html,20171105035238
https://web.archive.org/web/20171105035238/https://www.elmundo.es/madrid/2017/10/26/59f1c925ca4741ac748b45ec.html,20171105035238
https://web.archive.org/web/20171105035238/https://www.elmundo.es/comunidad-valenciana/2017/10/23/59edb87446163f47378b457a.html,20171105035238
https://web.archive.org/web/20171105035238/https://www.elmundo.es/pais-vasco/2017/09/29/59ce5d8c268e3ed5048b465b.html,20171105035238
https://web.archive.org/web/20171105035238/https://www.elmundo.es/comunidad-valenciana/2017/09/18/59bfa7b1ca47417b5e8b4600.html,20171105035238
https://web.archive.org/web/20171106045150/https://www.elmundo.es/yodona/lifestyle/2017/10/31/59f84b34e2704e03318b45a8.html,20171106045150
https://web.archive.org/web/20171106045150/https://www.elmundo.es/comunidad-valenciana/2017/10/29/59f5c30722601d314b8b45a6.html,20171106045150
https://web.archive.org/web/20171106045150/https://www.elmundo.es/madrid/2017/10/26/59f1c925ca4741ac748b45ec.html,20171106045150
https://web.archive.org/web/20171106045150/https://www.elmundo.es/comunidad-valenciana/2017/10/23/59edb87446163f47378b457a.html,20171106045150
https://web.archive.org/web/20171106045150/https://www.elmundo.es/pais-vasco/2017/09/29/59ce5d8c268e3ed5048b465b.html,20171106045150
https://web.archive.org/web/20171106045150/https://www.elmundo.es/comunidad-valenciana/2017/09/18/59bfa7b1ca47417b5e8b4600.html,20171106045150
https://web.archive.org/web/20171108054840/https://www.elmundo.es/yodona/lifestyle/2017/10/31/59f84b34e2704e03318b45a8.html,20171108054840
https://web.archive.org/web/20171108054840/https://www.elmundo.es/comunidad-valenciana/2017/10/29/59f5c30722601d314b8b45a6.html,20171108054840
https://web.archive.org/web/20171108054840/https://www.elmundo.es/madrid/2017/10/26/59f1c925ca4741ac748b45ec.html,20171108054840
https://web.archive.org/web/20171108054840/https://www.elmundo.es/comunidad-valenciana/2017/10/23/59edb87446163f47378b457a.html,20171108054840
https://web.archive.org/web/20171108054840/https://www.elmundo.es/pais-vasco/2017/09/29/59ce5d8c268e3ed5048b465b.html,20171108054840
https://web.archive.org/web/20171108054840/https://www.elmundo.es/comunidad-valenciana/2017/09/18/59bfa7b1ca47417b5e8b4600.html,20171108054840
https://web.archive.org/web/20171109064336/https://www.elmundo.es/yodona/lifestyle/2017/10/31/59f84b34e2704e03318b45a8.html,20171109064336
https://web.archive.org/web/20171109064336/https://www.elmundo.es/comunidad-valenciana/2017/10/29/59f5c30722601d314b8b45a6.html,20171109064336
https://web.archive.org/web/20171109064336/https://www.elmundo.es/madrid/2017/10/26/59f1c925ca4741ac748b45ec.html,20171109064336
https://web.archive.org/web/20171109064336/https://www.elmundo.es/comunidad-valenciana/2017/10/23/59edb87446163f47378b457a.html,20171109064336
https://web.archive.org/web/20171109064336/https://www.elmundo.es/pais-vasco/2017/09/29/59ce5d8c268e3ed5048b465b.html,20171109064336
https://web.archive.org/web/20171110070703/https://www.elmundo.es/yodona/lifestyle/2017/10/31/59f84b34e2704e03318b45a8.html,20171110070703
https://web.archive.org/web/20171110070703/https://www.elmundo.es/comunidad-valenciana/2017/10/29/59f5c30722601d314b8b45a6.html,20171110070703
https://web.archive.org/web/20171110070703/https://www.elmundo.es/madrid/2017/10/26/59f1c925ca4741ac748b45ec.html,20171110070703
https://web.archive.org/web/20171110070703/https://www.elmundo.es/comunidad-valenciana/2017/10/23/59edb87446163f47378b457a.html,20171110070703
https://web.archive.org/web/20171110070703/https://www.elmundo.es/pais-vasco/2017/09/29/59ce5d8c268e3ed5048b465b.html,20171110070703
https://web.archive.org/web/20171120142200/https://www.elmundo.es/comunidad-valenciana/alicante/2017/11/18/5a0f4061ca4741466f8b45b3.html,20171120142200
https://web.archive.org/web/20171120142200/https://www.elmundo.es/comunidad-valenciana/2017/11/15/5a0c53cb46163f38218b462f.html,20171120142200
https://web.archive.org/web/20171120142200/https://www.elmundo.es/comunidad-valenciana/castellon/2017/11/15/5a0c0b6aca4741654d8b4659.html,20171120142200
https://web.archive.org/web/20171120142200/https://www.elmundo.es/pais-vasco/2017/11/13/5a09dfd946163f10628b4617.html,20171120142200
https://web.archive.org/web/20171120142200/https://www.elmundo.es/opinion/2017/11/11/5a060e11e2704ed27c8b4645.html,20171120142200
https://web.archive.org/web/20171120142200/https://www.elmundo.es/comunidad-valenciana/2017/11/10/5a059d7222601d701f8b46fd.html,20171120142200
https://web.archive.org/web/20171120142200/https://www.elmundo.es/yodona/lifestyle/2017/10/31/59f84b34e2704e03318b45a8.html,20171120142200
https://web.archive.org/web/20171120142200/https://www.elmundo.es/comunidad-valenciana/2017/10/29/59f5c30722601d314b8b45a6.html,20171120142200
https://web.archive.org/web/20171120142200/https://www.elmundo.es/madrid/2017/10/26/59f1c925ca4741ac748b45ec.html,20171120142200
https://web.archive.org/web/20171120142200/https://www.elmundo.es/comunidad-valenciana/2017/10/23/59edb87446163f47378b457a.html,20171120142200
https://web.archive.org/web/20171121150206/https://www.elmundo.es/comunidad-valenciana/alicante/2017/11/18/5a0f4061ca4741466f8b45b3.html,20171121150206
https://web.archive.org/web/20171121150206/https://www.elmundo.es/comunidad-valenciana/2017/11/15/5a0c53cb46163f38218b462f.html,20171121150206
https://web.archive.org/web/20171121150206/https://www.elmundo.es/comunidad-valenciana/castellon/2017/11/15/5a0c0b6aca4741654d8b4659.html,20171121150206
https://web.archive.org/web/20171121150206/https://www.elmundo.es/pais-vasco/2017/11/13/5a09dfd946163f10628b4617.html,20171121150206
https://web.archive.org/web/20171121150206/https://www.elmundo.es/opinion/2017/11/11/5a060e11e2704ed27c8b4645.html,20171121150206
https://web.archive.org/web/20171121150206/https://www.elmundo.es/comunidad-valenciana/2017/11/10/5a059d7222601d701f8b46fd.html,20171121150206
https://web.archive.org/web/20171121150206/https://www.elmundo.es/yodona/lifestyle/2017/10/31/59f84b34e2704e03318b45a8.html,20171121150206
https://web.archive.org/web/20171121150206/https://www.elmundo.es/comunidad-valenciana/2017/10/29/59f5c30722601d314b8b45a6.html,20171121150206
https://web.archive.org/web/20171121150206/https://www.elmundo.es/madrid/2017/10/26/59f1c925ca4741ac748b45ec.html,20171121150206
https://web.archive.org/web/20171121150206/https://www.elmundo.es/comunidad-valenciana/2017/10/23/59edb87446163f47378b457a.html,20171121150206
https://web.archive.org/web/20171122150130/https://www.elmundo.es/madrid/2017/11/21/5a146a75e2704eca058b46be.html,20171122150130
https://web.archive.org/web/20171122150130/https://www.elmundo.es/comunidad-valenciana/alicante/2017/11/18/5a0f4061ca4741466f8b45b3.html,20171122150130
https://web.archive.org/web/20171122150130/https://www.elmundo.es/comunidad-valenciana/2017/11/15/5a0c53cb46163f38218b462f.html,20171122150130
https://web.archive.org/web/20171122150130/https://www.elmundo.es/comunidad-valenciana/castellon/2017/11/15/5a0c0b6aca4741654d8b4659.html,20171122150130
https://web.archive.org/web/20171122150130/https://www.elmundo.es/pais-vasco/2017/11/13/5a09dfd946163f10628b4617.html,20171122150130
https://web.archive.org/web/20171122150130/https://www.elmundo.es/opinion/2017/11/11/5a060e11e2704ed27c8b4645.html,20171122150130
https://web.archive.org/web/20171122150130/https://www.elmundo.es/comunidad-valenciana/2017/11/10/5a059d7222601d701f8b46fd.html,20171122150130
https://web.archive.org/web/20171122150130/https://www.elmundo.es/yodona/lifestyle/2017/10/31/59f84b34e2704e03318b45a8.html,20171122150130
https://web.archive.org/web/20171122150130/https://www.elmundo.es/comunidad-valenciana/2017/10/29/59f5c30722601d314b8b45a6.html,20171122150130
https://web.archive.org/web/20171122150130/https://www.elmundo.es/madrid/2017/10/26/59f1c925ca4741ac748b45ec.html,20171122150130
https://web.archive.org/web/20171123155434/https://www.elmundo.es/madrid/2017/11/21/5a146a75e2704eca058b46be.html,20171123155434
https://web.archive.org/web/20171123155434/https://www.elmundo.es/comunidad-valenciana/alicante/2017/11/18/5a0f4061ca4741466f8b45b3.html,20171123155434
https://web.archive.org/web/20171123155434/https://www.elmundo.es/comunidad-valenciana/2017/11/15/5a0c53cb46163f38218b462f.html,20171123155434
https://web.archive.org/web/20171123155434/https://www.elmundo.es/comunidad-valenciana/castellon/2017/11/15/5a0c0b6aca4741654d8b4659.html,20171123155434
https://web.archive.org/web/20171123155434/https://www.elmundo.es/pais-vasco/2017/11/13/5a09dfd946163f10628b4617.html,20171123155434
https://web.archive.org/web/20171123155434/https://www.elmundo.es/opinion/2017/11/11/5a060e11e2704ed27c8b4645.html,20171123155434
https://web.archive.org/web/20171123155434/https://www.elmundo.es/comunidad-valenciana/2017/11/10/5a059d7222601d701f8b46fd.html,20171123155434
https://web.archive.org/web/20171123155434/https://www.elmundo.es/yodona/lifestyle/2017/10/31/59f84b34e2704e03318b45a8.html,20171123155434
https://web.archive.org/web/20171123155434/https://www.elmundo.es/comunidad-valenciana/2017/10/29/59f5c30722601d314b8b45a6.html,20171123155434
https://web.archive.org/web/20171124161048/https://www.elmundo.es/madrid/2017/11/21/5a146a75e2704eca058b46be.html,20171124161048
https://web.archive.org/web/20171124161048/https://www.elmundo.es/comunidad-valenciana/alicante/2017/11/18/5a0f4061ca4741466f8b45b3.html,20171124161048
https://web.archive.org/web/20171124161048/https://www.elmundo.es/comunidad-valenciana/2017/11/15/5a0c53cb46163f38218b462f.html,20171124161048
https://web.archive.org/web/20171124161048/https://www.elmundo.es/comunidad-valenciana/castellon/2017/11/15/5a0c0b6aca4741654d8b4659.html,20171124161048
https://web.archive.org/web/20171124161048/https://www.elmundo.es/pais-vasco/2017/11/13/5a09dfd946163f10628b4617.html,20171124161048
https://web.archive.org/web/20171124161048/https://www.elmundo.es/opinion/2017/11/11/5a060e11e2704ed27c8b4645.html,20171124161048
https://web.archive.org/web/20171124161048/https://www.elmundo.es/comunidad-valenciana/2017/11/10/5a059d7222601d701f8b46fd.html,20171124161048
https://web.archive.org/web/20171124161048/https://www.elmundo.es/yodona/lifestyle/2017/10/31/59f84b34e2704e03318b45a8.html,20171124161048
https://web.archive.org/web/20171126163849/https://www.elmundo.es/comunidad-valenciana/2017/11/26/5a19f1f1468aeb35028b4635.html,20171126163849
https://web.archive.org/web/20171126163849/https://www.elmundo.es/f5/comparte/2017/11/25/5a19d52be5fdead16e8b457d.html,20171126163849
https://web.archive.org/web/20171126163849/https://www.elmundo.es/internacional/2017/11/25/5a19a945268e3e8d7b8b45e1.html,20171126163849
https://web.archive.org/web/20171126163849/https://www.elmundo.es/espana/2017/11/25/5a171c4822601d32298b459b.html,20171126163849
https://web.archive.org/web/20171126163849/https://www.elmundo.es/espana/2017/11/25/5a19462f46163fc5288b4574.html,20171126163849
https://web.archive.org/web/20171126163849/https://www.elmundo.es/baleares/2017/11/25/5a1937b7e2704e411e8b45ca.html,20171126163849
https://web.archive.org/web/20171126163849/https://www.elmundo.es/madrid/2017/11/21/5a146a75e2704eca058b46be.html,20171126163849
https://web.archive.org/web/20171126163849/https://www.elmundo.es/comunidad-valenciana/alicante/2017/11/18/5a0f4061ca4741466f8b45b3.html,20171126163849
https://web.archive.org/web/20171126163849/https://www.elmundo.es/comunidad-valenciana/2017/11/15/5a0c53cb46163f38218b462f.html,20171126163849
https://web.archive.org/web/20171126163849/https://www.elmundo.es/comunidad-valenciana/castellon/2017/11/15/5a0c0b6aca4741654d8b4659.html,20171126163849
https://web.archive.org/web/20171126163849/https://www.elmundo.es/pais-vasco/2017/11/13/5a09dfd946163f10628b4617.html,20171126163849
https://web.archive.org/web/20171128180418/https://www.elmundo.es/comunidad-valenciana/2017/11/26/5a19f1f1468aeb35028b4635.html,20171128180418
https://web.archive.org/web/20171128180418/https://www.elmundo.es/f5/comparte/2017/11/25/5a19d52be5fdead16e8b457d.html,20171128180418
https://web.archive.org/web/20171128180418/https://www.elmundo.es/internacional/2017/11/25/5a19a945268e3e8d7b8b45e1.html,20171128180418
https://web.archive.org/web/20171128180418/https://www.elmundo.es/espana/2017/11/25/5a171c4822601d32298b459b.html,20171128180418
https://web.archive.org/web/20171128180418/https://www.elmundo.es/espana/2017/11/25/5a19462f46163fc5288b4574.html,20171128180418
https://web.archive.org/web/20171128180418/https://www.elmundo.es/baleares/2017/11/25/5a1937b7e2704e411e8b45ca.html,20171128180418
https://web.archive.org/web/20171128180418/https://www.elmundo.es/madrid/2017/11/21/5a146a75e2704eca058b46be.html,20171128180418
https://web.archive.org/web/20171128180418/https://www.elmundo.es/comunidad-valenciana/alicante/2017/11/18/5a0f4061ca4741466f8b45b3.html,20171128180418
https://web.archive.org/web/20171128180418/https://www.elmundo.es/comunidad-valenciana/2017/11/15/5a0c53cb46163f38218b462f.html,20171128180418
https://web.archive.org/web/20171223190236/https://www.elmundo.es/espana/2017/12/20/5a3a3c78e5fdeabe6c8b4610.html,20171223190236
https://web.archive.org/web/20171223190236/https://www.elmundo.es/pais-vasco/2017/11/30/5a20513dca4741b3618b4677.html,20171223190236
https://web.archive.org/web/20171223190236/https://www.elmundo.es/pais-vasco/2017/11/29/5a1ef4de22601dea138b464d.html,20171223190236
https://web.archive.org/web/20171223190236/https://www.elmundo.es/comunidad-valenciana/2017/11/26/5a19f1f1468aeb35028b4635.html,20171223190236
https://web.archive.org/web/20171223190236/https://www.elmundo.es/f5/comparte/2017/11/25/5a19d52be5fdead16e8b457d.html,20171223190236
https://web.archive.org/web/20171223190236/https://www.elmundo.es/internacional/2017/11/25/5a19a945268e3e8d7b8b45e1.html,20171223190236
https://web.archive.org/web/20171223190236/https://www.elmundo.es/espana/2017/11/25/5a171c4822601d32298b459b.html,20171223190236
https://web.archive.org/web/20171223190236/https://www.elmundo.es/espana/2017/11/25/5a19462f46163fc5288b4574.html,20171223190236
https://web.archive.org/web/20171223190236/https://www.elmundo.es/baleares/2017/11/25/5a1937b7e2704e411e8b45ca.html,20171223190236
https://web.archive.org/web/20171227055846/https://www.elmundo.es/espana/2017/12/20/5a3a3c78e5fdeabe6c8b4610.html,20171227055846
https://web.archive.org/web/20171227055846/https://www.elmundo.es/pais-vasco/2017/11/30/5a20513dca4741b3618b4677.html,20171227055846
https://web.archive.org/web/20171227055846/https://www.elmundo.es/pais-vasco/2017/11/29/5a1ef4de22601dea138b464d.html,20171227055846
https://web.archive.org/web/20171227055846/https://www.elmundo.es/comunidad-valenciana/2017/11/26/5a19f1f1468aeb35028b4635.html,20171227055846
https://web.archive.org/web/20171227055846/https://www.elmundo.es/f5/comparte/2017/11/25/5a19d52be5fdead16e8b457d.html,20171227055846
https://web.archive.org/web/20171227055846/https://www.elmundo.es/internacional/2017/11/25/5a19a945268e3e8d7b8b45e1.html,20171227055846
https://web.archive.org/web/20171227055846/https://www.elmundo.es/espana/2017/11/25/5a171c4822601d32298b459b.html,20171227055846
https://web.archive.org/web/20171227055846/https://www.elmundo.es/espana/2017/11/25/5a19462f46163fc5288b4574.html,20171227055846
https://web.archive.org/web/20171227055846/https://www.elmundo.es/baleares/2017/11/25/5a1937b7e2704e411e8b45ca.html,20171227055846
https://web.archive.org/web/20171228211238/https://www.elmundo.es/comunidad-valenciana/castellon/2017/12/28/5a4510fc268e3ee92d8b458d.html,20171228211238
https://web.archive.org/web/20171228211238/https://www.elmundo.es/espana/2017/12/20/5a3a3c78e5fdeabe6c8b4610.html,20171228211238
https://web.archive.org/web/20171228211238/https://www.elmundo.es/pais-vasco/2017/11/30/5a20513dca4741b3618b4677.html,20171228211238
https://web.archive.org/web/20171228211238/https://www.elmundo.es/pais-vasco/2017/11/29/5a1ef4de22601dea138b464d.html,20171228211238
https://web.archive.org/web/20171228211238/https://www.elmundo.es/comunidad-valenciana/2017/11/26/5a19f1f1468aeb35028b4635.html,20171228211238
https://web.archive.org/web/20171228211238/https://www.elmundo.es/f5/comparte/2017/11/25/5a19d52be5fdead16e8b457d.html,20171228211238
https://web.archive.org/web/20171228211238/https://www.elmundo.es/internacional/2017/11/25/5a19a945268e3e8d7b8b45e1.html,20171228211238
https://web.archive.org/web/20171228211238/https://www.elmundo.es/espana/2017/11/25/5a171c4822601d32298b459b.html,20171228211238
https://web.archive.org/web/20171231061659/https://www.elmundo.es/comunidad-valenciana/castellon/2017/12/29/5a46686f268e3e012e8b463d.html,20171231061659
https://web.archive.org/web/20171231061659/https://www.elmundo.es/comunidad-valenciana/castellon/2017/12/28/5a4510fc268e3ee92d8b458d.html,20171231061659
https://web.archive.org/web/20171231061659/https://www.elmundo.es/espana/2017/12/20/5a3a3c78e5fdeabe6c8b4610.html,20171231061659
https://web.archive.org/web/20171231061659/https://www.elmundo.es/pais-vasco/2017/11/30/5a20513dca4741b3618b4677.html,20171231061659
https://web.archive.org/web/20171231061659/https://www.elmundo.es/pais-vasco/2017/11/29/5a1ef4de22601dea138b464d.html,20171231061659
https://web.archive.org/web/20171231061659/https://www.elmundo.es/comunidad-valenciana/2017/11/26/5a19f1f1468aeb35028b4635.html,20171231061659
https://web.archive.org/web/20180106103906/https://www.elmundo.es/deportes/mas-deporte/2018/01/05/5a4f93b6468aeb736f8b45a7.html,20180106103906
https://web.archive.org/web/20180106103906/https://www.elmundo.es/comunidad-valenciana/castellon/2017/12/29/5a46686f268e3e012e8b463d.html,20180106103906
https://web.archive.org/web/20180106103906/https://www.elmundo.es/comunidad-valenciana/castellon/2017/12/28/5a4510fc268e3ee92d8b458d.html,20180106103906
https://web.archive.org/web/20180106103906/https://www.elmundo.es/espana/2017/12/20/5a3a3c78e5fdeabe6c8b4610.html,20180106103906
https://web.archive.org/web/20180106103906/https://www.elmundo.es/pais-vasco/2017/11/30/5a20513dca4741b3618b4677.html,20180106103906
https://web.archive.org/web/20180106103906/https://www.elmundo.es/pais-vasco/2017/11/29/5a1ef4de22601dea138b464d.html,20180106103906
https://web.archive.org/web/20180107135100/https://www.elmundo.es/deportes/mas-deporte/2018/01/05/5a4f93b6468aeb736f8b45a7.html,20180107135100
https://web.archive.org/web/20180107135100/https://www.elmundo.es/comunidad-valenciana/castellon/2017/12/29/5a46686f268e3e012e8b463d.html,20180107135100
https://web.archive.org/web/20180107135100/https://www.elmundo.es/comunidad-valenciana/castellon/2017/12/28/5a4510fc268e3ee92d8b458d.html,20180107135100
https://web.archive.org/web/20180107135100/https://www.elmundo.es/espana/2017/12/20/5a3a3c78e5fdeabe6c8b4610.html,20180107135100
https://web.archive.org/web/20180107135100/https://www.elmundo.es/pais-vasco/2017/11/30/5a20513dca4741b3618b4677.html,20180107135100
https://web.archive.org/web/20180107135100/https://www.elmundo.es/pais-vasco/2017/11/29/5a1ef4de22601dea138b464d.html,20180107135100
https://web.archive.org/web/20180111090723/https://www.elmundo.es/f5/comparte/2018/01/10/5a562ab0268e3e02458b45a2.html,20180111090723
https://web.archive.org/web/20180111090723/https://www.elmundo.es/deportes/mas-deporte/2018/01/05/5a4f93b6468aeb736f8b45a7.html,20180111090723
https://web.archive.org/web/20180111090723/https://www.elmundo.es/comunidad-valenciana/castellon/2017/12/29/5a46686f268e3e012e8b463d.html,20180111090723
https://web.archive.org/web/20180111090723/https://www.elmundo.es/comunidad-valenciana/castellon/2017/12/28/5a4510fc268e3ee92d8b458d.html,20180111090723
https://web.archive.org/web/20180111090723/https://www.elmundo.es/espana/2017/12/20/5a3a3c78e5fdeabe6c8b4610.html,20180111090723
https://web.archive.org/web/20180116103723/https://www.elmundo.es/andalucia/2018/01/13/5a59d466e5fdea2c608b4666.html,20180116103723
https://web.archive.org/web/20180116103723/https://www.elmundo.es/f5/comparte/2018/01/10/5a562ab0268e3e02458b45a2.html,20180116103723
https://web.archive.org/web/20180116103723/https://www.elmundo.es/deportes/mas-deporte/2018/01/05/5a4f93b6468aeb736f8b45a7.html,20180116103723
https://web.archive.org/web/20180116103723/https://www.elmundo.es/comunidad-valenciana/castellon/2017/12/29/5a46686f268e3e012e8b463d.html,20180116103723
https://web.archive.org/web/20180116103723/https://www.elmundo.es/comunidad-valenciana/castellon/2017/12/28/5a4510fc268e3ee92d8b458d.html,20180116103723
https://web.archive.org/web/20180116103723/https://www.elmundo.es/espana/2017/12/20/5a3a3c78e5fdeabe6c8b4610.html,20180116103723
https://web.archive.org/web/20180117112514/https://www.elmundo.es/andalucia/2018/01/13/5a59d466e5fdea2c608b4666.html,20180117112514
https://web.archive.org/web/20180117112514/https://www.elmundo.es/f5/comparte/2018/01/10/5a562ab0268e3e02458b45a2.html,20180117112514
https://web.archive.org/web/20180117112514/https://www.elmundo.es/deportes/mas-deporte/2018/01/05/5a4f93b6468aeb736f8b45a7.html,20180117112514
https://web.archive.org/web/20180117112514/https://www.elmundo.es/comunidad-valenciana/castellon/2017/12/29/5a46686f268e3e012e8b463d.html,20180117112514
https://web.archive.org/web/20180117112514/https://www.elmundo.es/comunidad-valenciana/castellon/2017/12/28/5a4510fc268e3ee92d8b458d.html,20180117112514
https://web.archive.org/web/20180117112514/https://www.elmundo.es/espana/2017/12/20/5a3a3c78e5fdeabe6c8b4610.html,20180117112514
https://web.archive.org/web/20180119213623/https://www.elmundo.es/andalucia/2018/01/13/5a59d466e5fdea2c608b4666.html,20180119213623
https://web.archive.org/web/20180119213623/https://www.elmundo.es/f5/comparte/2018/01/10/5a562ab0268e3e02458b45a2.html,20180119213623
https://web.archive.org/web/20180119213623/https://www.elmundo.es/deportes/mas-deporte/2018/01/05/5a4f93b6468aeb736f8b45a7.html,20180119213623
https://web.archive.org/web/20180119213623/https://www.elmundo.es/comunidad-valenciana/castellon/2017/12/29/5a46686f268e3e012e8b463d.html,20180119213623
https://web.archive.org/web/20180119213623/https://www.elmundo.es/comunidad-valenciana/castellon/2017/12/28/5a4510fc268e3ee92d8b458d.html,20180119213623
https://web.archive.org/web/20180119213623/https://www.elmundo.es/espana/2017/12/20/5a3a3c78e5fdeabe6c8b4610.html,20180119213623
https://web.archive.org/web/20180120140727/https://www.elmundo.es/yodona/lifestyle/2018/01/20/5a5de658268e3ee31f8b472e.html,20180120140727
https://web.archive.org/web/20180120140727/https://www.elmundo.es/andalucia/2018/01/13/5a59d466e5fdea2c608b4666.html,20180120140727
https://web.archive.org/web/20180120140727/https://www.elmundo.es/f5/comparte/2018/01/10/5a562ab0268e3e02458b45a2.html,20180120140727
https://web.archive.org/web/20180120140727/https://www.elmundo.es/deportes/mas-deporte/2018/01/05/5a4f93b6468aeb736f8b45a7.html,20180120140727
https://web.archive.org/web/20180120140727/https://www.elmundo.es/comunidad-valenciana/castellon/2017/12/29/5a46686f268e3e012e8b463d.html,20180120140727
https://web.archive.org/web/20180120140727/https://www.elmundo.es/comunidad-valenciana/castellon/2017/12/28/5a4510fc268e3ee92d8b458d.html,20180120140727
https://web.archive.org/web/20180120140727/https://www.elmundo.es/espana/2017/12/20/5a3a3c78e5fdeabe6c8b4610.html,20180120140727
https://web.archive.org/web/20180121144216/https://www.elmundo.es/yodona/lifestyle/2018/01/20/5a5de658268e3ee31f8b472e.html,20180121144216
https://web.archive.org/web/20180121144216/https://www.elmundo.es/andalucia/2018/01/13/5a59d466e5fdea2c608b4666.html,20180121144216
https://web.archive.org/web/20180121144216/https://www.elmundo.es/f5/comparte/2018/01/10/5a562ab0268e3e02458b45a2.html,20180121144216
https://web.archive.org/web/20180121144216/https://www.elmundo.es/deportes/mas-deporte/2018/01/05/5a4f93b6468aeb736f8b45a7.html,20180121144216
https://web.archive.org/web/20180121144216/https://www.elmundo.es/comunidad-valenciana/castellon/2017/12/29/5a46686f268e3e012e8b463d.html,20180121144216
https://web.archive.org/web/20180121144216/https://www.elmundo.es/comunidad-valenciana/castellon/2017/12/28/5a4510fc268e3ee92d8b458d.html,20180121144216
https://web.archive.org/web/20180121144216/https://www.elmundo.es/espana/2017/12/20/5a3a3c78e5fdeabe6c8b4610.html,20180121144216
https://web.archive.org/web/20180204030143/https://www.elmundo.es/comunidad-valenciana/2018/01/29/5a6eb5e146163f5f4e8b45ac.html,20180204030143
https://web.archive.org/web/20180204030143/https://www.elmundo.es/yodona/lifestyle/2018/01/20/5a5de658268e3ee31f8b472e.html,20180204030143
https://web.archive.org/web/20180204030143/https://www.elmundo.es/andalucia/2018/01/13/5a59d466e5fdea2c608b4666.html,20180204030143
https://web.archive.org/web/20180204030143/https://www.elmundo.es/f5/comparte/2018/01/10/5a562ab0268e3e02458b45a2.html,20180204030143
https://web.archive.org/web/20180204030143/https://www.elmundo.es/deportes/mas-deporte/2018/01/05/5a4f93b6468aeb736f8b45a7.html,20180204030143
https://web.archive.org/web/20180207024836/https://www.elmundo.es/comunidad-valenciana/2018/01/29/5a6eb5e146163f5f4e8b45ac.html,20180207024836
https://web.archive.org/web/20180207024836/https://www.elmundo.es/yodona/lifestyle/2018/01/20/5a5de658268e3ee31f8b472e.html,20180207024836
https://web.archive.org/web/20180207024836/https://www.elmundo.es/andalucia/2018/01/13/5a59d466e5fdea2c608b4666.html,20180207024836
https://web.archive.org/web/20180207024836/https://www.elmundo.es/f5/comparte/2018/01/10/5a562ab0268e3e02458b45a2.html,20180207024836
https://web.archive.org/web/20180208041808/https://www.elmundo.es/comunidad-valenciana/2018/01/29/5a6eb5e146163f5f4e8b45ac.html,20180208041808
https://web.archive.org/web/20180208041808/https://www.elmundo.es/yodona/lifestyle/2018/01/20/5a5de658268e3ee31f8b472e.html,20180208041808
https://web.archive.org/web/20180208041808/https://www.elmundo.es/andalucia/2018/01/13/5a59d466e5fdea2c608b4666.html,20180208041808
https://web.archive.org/web/20180208041808/https://www.elmundo.es/f5/comparte/2018/01/10/5a562ab0268e3e02458b45a2.html,20180208041808
https://web.archive.org/web/20180209045948/https://www.elmundo.es/comunidad-valenciana/2018/01/29/5a6eb5e146163f5f4e8b45ac.html,20180209045948
https://web.archive.org/web/20180209045948/https://www.elmundo.es/yodona/lifestyle/2018/01/20/5a5de658268e3ee31f8b472e.html,20180209045948
https://web.archive.org/web/20180209045948/https://www.elmundo.es/andalucia/2018/01/13/5a59d466e5fdea2c608b4666.html,20180209045948
https://web.archive.org/web/20180209045948/https://www.elmundo.es/f5/comparte/2018/01/10/5a562ab0268e3e02458b45a2.html,20180209045948
https://web.archive.org/web/20180210053539/https://www.elmundo.es/comunidad-valenciana/2018/01/29/5a6eb5e146163f5f4e8b45ac.html,20180210053539
https://web.archive.org/web/20180210053539/https://www.elmundo.es/yodona/lifestyle/2018/01/20/5a5de658268e3ee31f8b472e.html,20180210053539
https://web.archive.org/web/20180210053539/https://www.elmundo.es/andalucia/2018/01/13/5a59d466e5fdea2c608b4666.html,20180210053539
https://web.archive.org/web/20180210053539/https://www.elmundo.es/f5/comparte/2018/01/10/5a562ab0268e3e02458b45a2.html,20180210053539
https://web.archive.org/web/20180211062702/https://www.elmundo.es/espana/2018/02/11/5a7f1713e5fdead17a8b4672.html,20180211062702
https://web.archive.org/web/20180211062702/https://www.elmundo.es/comunidad-valenciana/2018/01/29/5a6eb5e146163f5f4e8b45ac.html,20180211062702
https://web.archive.org/web/20180211062702/https://www.elmundo.es/yodona/lifestyle/2018/01/20/5a5de658268e3ee31f8b472e.html,20180211062702
https://web.archive.org/web/20180211062702/https://www.elmundo.es/andalucia/2018/01/13/5a59d466e5fdea2c608b4666.html,20180211062702
https://web.archive.org/web/20180211062702/https://www.elmundo.es/f5/comparte/2018/01/10/5a562ab0268e3e02458b45a2.html,20180211062702
https://web.archive.org/web/20180212073242/https://www.elmundo.es/espana/2018/02/11/5a7f1713e5fdead17a8b4672.html,20180212073242
https://web.archive.org/web/20180212073242/https://www.elmundo.es/comunidad-valenciana/2018/01/29/5a6eb5e146163f5f4e8b45ac.html,20180212073242
https://web.archive.org/web/20180212073242/https://www.elmundo.es/yodona/lifestyle/2018/01/20/5a5de658268e3ee31f8b472e.html,20180212073242
https://web.archive.org/web/20180212073242/https://www.elmundo.es/andalucia/2018/01/13/5a59d466e5fdea2c608b4666.html,20180212073242
https://web.archive.org/web/20180212073242/https://www.elmundo.es/f5/comparte/2018/01/10/5a562ab0268e3e02458b45a2.html,20180212073242
https://web.archive.org/web/20180308052507/https://www.elmundo.es/madrid/2018/03/02/5a985946268e3ee44a8b45eb.html,20180308052507
https://web.archive.org/web/20180308052507/https://www.elmundo.es/espana/2018/02/26/5a93fe73468aebcc468b458d.html,20180308052507
https://web.archive.org/web/20180308052507/https://www.elmundo.es/baleares/2018/02/16/5a86fb3e468aeb336e8b45f0.html,20180308052507
https://web.archive.org/web/20180308052507/https://www.elmundo.es/espana/2018/02/11/5a7f1713e5fdead17a8b4672.html,20180308052507
https://web.archive.org/web/20180308052507/https://www.elmundo.es/comunidad-valenciana/2018/01/29/5a6eb5e146163f5f4e8b45ac.html,20180308052507
https://web.archive.org/web/20180310110546/https://www.elmundo.es/madrid/2018/03/02/5a985946268e3ee44a8b45eb.html,20180310110546
https://web.archive.org/web/20180310110546/https://www.elmundo.es/espana/2018/02/26/5a93fe73468aebcc468b458d.html,20180310110546
https://web.archive.org/web/20180310110546/https://www.elmundo.es/baleares/2018/02/16/5a86fb3e468aeb336e8b45f0.html,20180310110546
https://web.archive.org/web/20180310110546/https://www.elmundo.es/espana/2018/02/11/5a7f1713e5fdead17a8b4672.html,20180310110546
https://web.archive.org/web/20180310110546/https://www.elmundo.es/comunidad-valenciana/2018/01/29/5a6eb5e146163f5f4e8b45ac.html,20180310110546
https://web.archive.org/web/20180312230821/https://www.elmundo.es/baleares/2018/03/12/5aa6a19a22601d636f8b460d.html,20180312230821
https://web.archive.org/web/20180312230821/https://www.elmundo.es/grafico/espana/2018/03/10/5aa008a3268e3e0c1c8b45d3.html,20180312230821
https://web.archive.org/web/20180312230821/https://www.elmundo.es/madrid/2018/03/02/5a985946268e3ee44a8b45eb.html,20180312230821
https://web.archive.org/web/20180312230821/https://www.elmundo.es/espana/2018/02/26/5a93fe73468aebcc468b458d.html,20180312230821
https://web.archive.org/web/20180312230821/https://www.elmundo.es/baleares/2018/02/16/5a86fb3e468aeb336e8b45f0.html,20180312230821
https://web.archive.org/web/20180312230821/https://www.elmundo.es/espana/2018/02/11/5a7f1713e5fdead17a8b4672.html,20180312230821
https://web.archive.org/web/20180313124319/https://www.elmundo.es/baleares/2018/03/12/5aa6a19a22601d636f8b460d.html,20180313124319
https://web.archive.org/web/20180313124319/https://www.elmundo.es/grafico/espana/2018/03/10/5aa008a3268e3e0c1c8b45d3.html,20180313124319
https://web.archive.org/web/20180313124319/https://www.elmundo.es/madrid/2018/03/02/5a985946268e3ee44a8b45eb.html,20180313124319
https://web.archive.org/web/20180313124319/https://www.elmundo.es/espana/2018/02/26/5a93fe73468aebcc468b458d.html,20180313124319
https://web.archive.org/web/20180313124319/https://www.elmundo.es/baleares/2018/02/16/5a86fb3e468aeb336e8b45f0.html,20180313124319
https://web.archive.org/web/20180313124319/https://www.elmundo.es/espana/2018/02/11/5a7f1713e5fdead17a8b4672.html,20180313124319
https://web.archive.org/web/20180316144536/https://www.elmundo.es/baleares/2018/03/12/5aa6a19a22601d636f8b460d.html,20180316144536
https://web.archive.org/web/20180316144536/https://www.elmundo.es/grafico/espana/2018/03/10/5aa008a3268e3e0c1c8b45d3.html,20180316144536
https://web.archive.org/web/20180316144536/https://www.elmundo.es/madrid/2018/03/02/5a985946268e3ee44a8b45eb.html,20180316144536
https://web.archive.org/web/20180316144536/https://www.elmundo.es/espana/2018/02/26/5a93fe73468aebcc468b458d.html,20180316144536
https://web.archive.org/web/20180316144536/https://www.elmundo.es/baleares/2018/02/16/5a86fb3e468aeb336e8b45f0.html,20180316144536
https://web.archive.org/web/20180316144536/https://www.elmundo.es/espana/2018/02/11/5a7f1713e5fdead17a8b4672.html,20180316144536
https://web.archive.org/web/20180319160047/https://www.elmundo.es/baleares/2018/03/12/5aa6a19a22601d636f8b460d.html,20180319160047
https://web.archive.org/web/20180319160047/https://www.elmundo.es/grafico/espana/2018/03/10/5aa008a3268e3e0c1c8b45d3.html,20180319160047
https://web.archive.org/web/20180319160047/https://www.elmundo.es/madrid/2018/03/02/5a985946268e3ee44a8b45eb.html,20180319160047
https://web.archive.org/web/20180319160047/https://www.elmundo.es/espana/2018/02/26/5a93fe73468aebcc468b458d.html,20180319160047
https://web.archive.org/web/20180319160047/https://www.elmundo.es/baleares/2018/02/16/5a86fb3e468aeb336e8b45f0.html,20180319160047
https://web.archive.org/web/20180319160047/https://www.elmundo.es/espana/2018/02/11/5a7f1713e5fdead17a8b4672.html,20180319160047
https://web.archive.org/web/20180320170916/https://www.elmundo.es/baleares/2018/03/12/5aa6a19a22601d636f8b460d.html,20180320170916
https://web.archive.org/web/20180320170916/https://www.elmundo.es/grafico/espana/2018/03/10/5aa008a3268e3e0c1c8b45d3.html,20180320170916
https://web.archive.org/web/20180320170916/https://www.elmundo.es/madrid/2018/03/02/5a985946268e3ee44a8b45eb.html,20180320170916
https://web.archive.org/web/20180320170916/https://www.elmundo.es/espana/2018/02/26/5a93fe73468aebcc468b458d.html,20180320170916
https://web.archive.org/web/20180320170916/https://www.elmundo.es/baleares/2018/02/16/5a86fb3e468aeb336e8b45f0.html,20180320170916
https://web.archive.org/web/20180320170916/https://www.elmundo.es/espana/2018/02/11/5a7f1713e5fdead17a8b4672.html,20180320170916
https://web.archive.org/web/20180323180904/https://www.elmundo.es/baleares/2018/03/12/5aa6a19a22601d636f8b460d.html,20180323180904
https://web.archive.org/web/20180323180904/https://www.elmundo.es/grafico/espana/2018/03/10/5aa008a3268e3e0c1c8b45d3.html,20180323180904
https://web.archive.org/web/20180323180904/https://www.elmundo.es/madrid/2018/03/02/5a985946268e3ee44a8b45eb.html,20180323180904
https://web.archive.org/web/20180323180904/https://www.elmundo.es/espana/2018/02/26/5a93fe73468aebcc468b458d.html,20180323180904
https://web.archive.org/web/20180323180904/https://www.elmundo.es/baleares/2018/02/16/5a86fb3e468aeb336e8b45f0.html,20180323180904
https://web.archive.org/web/20180323180904/https://www.elmundo.es/espana/2018/02/11/5a7f1713e5fdead17a8b4672.html,20180323180904
https://web.archive.org/web/20180325030429/https://www.elmundo.es/baleares/2018/03/12/5aa6a19a22601d636f8b460d.html,20180325030429
https://web.archive.org/web/20180325030429/https://www.elmundo.es/grafico/espana/2018/03/10/5aa008a3268e3e0c1c8b45d3.html,20180325030429
https://web.archive.org/web/20180325030429/https://www.elmundo.es/madrid/2018/03/02/5a985946268e3ee44a8b45eb.html,20180325030429
https://web.archive.org/web/20180325030429/https://www.elmundo.es/espana/2018/02/26/5a93fe73468aebcc468b458d.html,20180325030429
https://web.archive.org/web/20180325030429/https://www.elmundo.es/baleares/2018/02/16/5a86fb3e468aeb336e8b45f0.html,20180325030429
https://web.archive.org/web/20180325030429/https://www.elmundo.es/espana/2018/02/11/5a7f1713e5fdead17a8b4672.html,20180325030429
https://web.archive.org/web/20180326060014/https://www.elmundo.es/baleares/2018/03/12/5aa6a19a22601d636f8b460d.html,20180326060014
https://web.archive.org/web/20180326060014/https://www.elmundo.es/grafico/espana/2018/03/10/5aa008a3268e3e0c1c8b45d3.html,20180326060014
https://web.archive.org/web/20180326060014/https://www.elmundo.es/madrid/2018/03/02/5a985946268e3ee44a8b45eb.html,20180326060014
https://web.archive.org/web/20180326060014/https://www.elmundo.es/espana/2018/02/26/5a93fe73468aebcc468b458d.html,20180326060014
https://web.archive.org/web/20180326060014/https://www.elmundo.es/baleares/2018/02/16/5a86fb3e468aeb336e8b45f0.html,20180326060014
https://web.archive.org/web/20180326060014/https://www.elmundo.es/espana/2018/02/11/5a7f1713e5fdead17a8b4672.html,20180326060014
https://web.archive.org/web/20180327182535/https://www.elmundo.es/baleares/2018/03/12/5aa6a19a22601d636f8b460d.html,20180327182535
https://web.archive.org/web/20180327182535/https://www.elmundo.es/grafico/espana/2018/03/10/5aa008a3268e3e0c1c8b45d3.html,20180327182535
https://web.archive.org/web/20180327182535/https://www.elmundo.es/madrid/2018/03/02/5a985946268e3ee44a8b45eb.html,20180327182535
https://web.archive.org/web/20180327182535/https://www.elmundo.es/espana/2018/02/26/5a93fe73468aebcc468b458d.html,20180327182535
https://web.archive.org/web/20180327182535/https://www.elmundo.es/baleares/2018/02/16/5a86fb3e468aeb336e8b45f0.html,20180327182535
https://web.archive.org/web/20180327182535/https://www.elmundo.es/espana/2018/02/11/5a7f1713e5fdead17a8b4672.html,20180327182535
https://web.archive.org/web/20180330125043/https://www.elmundo.es/baleares/2018/03/12/5aa6a19a22601d636f8b460d.html,20180330125043
https://web.archive.org/web/20180330125043/https://www.elmundo.es/grafico/espana/2018/03/10/5aa008a3268e3e0c1c8b45d3.html,20180330125043
https://web.archive.org/web/20180330125043/https://www.elmundo.es/madrid/2018/03/02/5a985946268e3ee44a8b45eb.html,20180330125043
https://web.archive.org/web/20180330125043/https://www.elmundo.es/espana/2018/02/26/5a93fe73468aebcc468b458d.html,20180330125043
https://web.archive.org/web/20180330125043/https://www.elmundo.es/baleares/2018/02/16/5a86fb3e468aeb336e8b45f0.html,20180330125043
https://web.archive.org/web/20180330125043/https://www.elmundo.es/espana/2018/02/11/5a7f1713e5fdead17a8b4672.html,20180330125043
https://web.archive.org/web/20180402150438/https://www.elmundo.es/baleares/2018/03/12/5aa6a19a22601d636f8b460d.html,20180402150438
https://web.archive.org/web/20180402150438/https://www.elmundo.es/grafico/espana/2018/03/10/5aa008a3268e3e0c1c8b45d3.html,20180402150438
https://web.archive.org/web/20180402150438/https://www.elmundo.es/madrid/2018/03/02/5a985946268e3ee44a8b45eb.html,20180402150438
https://web.archive.org/web/20180402150438/https://www.elmundo.es/espana/2018/02/26/5a93fe73468aebcc468b458d.html,20180402150438
https://web.archive.org/web/20180402150438/https://www.elmundo.es/baleares/2018/02/16/5a86fb3e468aeb336e8b45f0.html,20180402150438
https://web.archive.org/web/20180419020542/https://www.elmundo.es/baleares/2018/03/12/5aa6a19a22601d636f8b460d.html,20180419020542
https://web.archive.org/web/20180419020542/https://www.elmundo.es/grafico/espana/2018/03/10/5aa008a3268e3e0c1c8b45d3.html,20180419020542
https://web.archive.org/web/20180419020542/https://www.elmundo.es/madrid/2018/03/02/5a985946268e3ee44a8b45eb.html,20180419020542
https://web.archive.org/web/20180421010201/https://www.elmundo.es/baleares/2018/03/12/5aa6a19a22601d636f8b460d.html,20180421010201
https://web.archive.org/web/20180421010201/https://www.elmundo.es/grafico/espana/2018/03/10/5aa008a3268e3e0c1c8b45d3.html,20180421010201
https://web.archive.org/web/20180422050213/https://www.elmundo.es/baleares/2018/03/12/5aa6a19a22601d636f8b460d.html,20180422050213
https://web.archive.org/web/20180422050213/https://www.elmundo.es/grafico/espana/2018/03/10/5aa008a3268e3e0c1c8b45d3.html,20180422050213
https://web.archive.org/web/20180423052035/https://www.elmundo.es/baleares/2018/03/12/5aa6a19a22601d636f8b460d.html,20180423052035
https://web.archive.org/web/20180423052035/https://www.elmundo.es/grafico/espana/2018/03/10/5aa008a3268e3e0c1c8b45d3.html,20180423052035
https://web.archive.org/web/20180424070317/https://www.elmundo.es/yodona/lifestyle/2018/01/20/5a5de658268e3ee31f8b472e.html,20180424070317
https://web.archive.org/web/20180424070317/https://www.elmundo.es/baleares/2018/03/12/5aa6a19a22601d636f8b460d.html,20180424070317
https://web.archive.org/web/20180424070317/https://www.elmundo.es/grafico/espana/2018/03/10/5aa008a3268e3e0c1c8b45d3.html,20180424070317
https://web.archive.org/web/20180425053845/https://www.elmundo.es/yodona/lifestyle/2018/01/20/5a5de658268e3ee31f8b472e.html,20180425053845
https://web.archive.org/web/20180425053845/https://www.elmundo.es/baleares/2018/03/12/5aa6a19a22601d636f8b460d.html,20180425053845
https://web.archive.org/web/20180425053845/https://www.elmundo.es/grafico/espana/2018/03/10/5aa008a3268e3e0c1c8b45d3.html,20180425053845
https://web.archive.org/web/20180426062535/https://www.elmundo.es/papel/historias/2018/04/26/5ae0a5a622601daf6d8b4652.html,20180426062535
https://web.archive.org/web/20180426062535/https://www.elmundo.es/yodona/lifestyle/2018/01/20/5a5de658268e3ee31f8b472e.html,20180426062535
https://web.archive.org/web/20180520212216/https://www.elmundo.es/comunidad-valenciana/castellon/2018/05/08/5af1c3c3ca47411f628b45d4.html,20180520212216
https://web.archive.org/web/20180520212216/https://www.elmundo.es/comunidad-valenciana/alicante/2018/05/07/5ae9853a46163f4f108b45f5.html,20180520212216
https://web.archive.org/web/20180520212216/https://www.elmundo.es/espana/2018/05/07/5aef3878468aebd9378b4638.html,20180520212216
https://web.archive.org/web/20180520212216/https://www.elmundo.es/espana/2018/04/26/5ae242ce268e3e8f6d8b46b2.html,20180520212216
https://web.archive.org/web/20180520212216/https://www.elmundo.es/espana/2018/04/26/5ae1bfdcca4741e63d8b456e.html,20180520212216
https://web.archive.org/web/20180521213027/https://www.elmundo.es/comunidad-valenciana/castellon/2018/05/08/5af1c3c3ca47411f628b45d4.html,20180521213027
https://web.archive.org/web/20180521213027/https://www.elmundo.es/comunidad-valenciana/alicante/2018/05/07/5ae9853a46163f4f108b45f5.html,20180521213027
https://web.archive.org/web/20180521213027/https://www.elmundo.es/espana/2018/05/07/5aef3878468aebd9378b4638.html,20180521213027
https://web.archive.org/web/20180521213027/https://www.elmundo.es/espana/2018/04/26/5ae242ce268e3e8f6d8b46b2.html,20180521213027
https://web.archive.org/web/20180521213027/https://www.elmundo.es/espana/2018/04/26/5ae1bfdcca4741e63d8b456e.html,20180521213027
https://web.archive.org/web/20180522213842/https://www.elmundo.es/comunidad-valenciana/castellon/2018/05/08/5af1c3c3ca47411f628b45d4.html,20180522213842
https://web.archive.org/web/20180522213842/https://www.elmundo.es/comunidad-valenciana/alicante/2018/05/07/5ae9853a46163f4f108b45f5.html,20180522213842
https://web.archive.org/web/20180522213842/https://www.elmundo.es/espana/2018/05/07/5aef3878468aebd9378b4638.html,20180522213842
https://web.archive.org/web/20180522213842/https://www.elmundo.es/espana/2018/04/26/5ae242ce268e3e8f6d8b46b2.html,20180522213842
https://web.archive.org/web/20180522213842/https://www.elmundo.es/espana/2018/04/26/5ae1bfdcca4741e63d8b456e.html,20180522213842
https://web.archive.org/web/20180523195912/https://www.elmundo.es/comunidad-valenciana/castellon/2018/05/08/5af1c3c3ca47411f628b45d4.html,20180523195912
https://web.archive.org/web/20180523195912/https://www.elmundo.es/comunidad-valenciana/alicante/2018/05/07/5ae9853a46163f4f108b45f5.html,20180523195912
https://web.archive.org/web/20180523195912/https://www.elmundo.es/espana/2018/05/07/5aef3878468aebd9378b4638.html,20180523195912
https://web.archive.org/web/20180523195912/https://www.elmundo.es/espana/2018/04/26/5ae242ce268e3e8f6d8b46b2.html,20180523195912
https://web.archive.org/web/20180523195912/https://www.elmundo.es/espana/2018/04/26/5ae1bfdcca4741e63d8b456e.html,20180523195912
https://web.archive.org/web/20180528100441/https://www.elmundo.es/comunidad-valenciana/castellon/2018/05/08/5af1c3c3ca47411f628b45d4.html,20180528100441
https://web.archive.org/web/20180528100441/https://www.elmundo.es/comunidad-valenciana/alicante/2018/05/07/5ae9853a46163f4f108b45f5.html,20180528100441
https://web.archive.org/web/20180528100441/https://www.elmundo.es/espana/2018/05/07/5aef3878468aebd9378b4638.html,20180528100441
https://web.archive.org/web/20180528100441/https://www.elmundo.es/espana/2018/04/26/5ae242ce268e3e8f6d8b46b2.html,20180528100441
https://web.archive.org/web/20180528100441/https://www.elmundo.es/espana/2018/04/26/5ae1bfdcca4741e63d8b456e.html,20180528100441
https://web.archive.org/web/20180603024507/https://www.elmundo.es/comunidad-valenciana/castellon/2018/05/08/5af1c3c3ca47411f628b45d4.html,20180603024507
https://web.archive.org/web/20180603024507/https://www.elmundo.es/comunidad-valenciana/alicante/2018/05/07/5ae9853a46163f4f108b45f5.html,20180603024507
https://web.archive.org/web/20180603024507/https://www.elmundo.es/espana/2018/05/07/5aef3878468aebd9378b4638.html,20180603024507
https://web.archive.org/web/20180604075921/https://www.elmundo.es/comunidad-valenciana/castellon/2018/05/08/5af1c3c3ca47411f628b45d4.html,20180604075921
https://web.archive.org/web/20180604075921/https://www.elmundo.es/comunidad-valenciana/alicante/2018/05/07/5ae9853a46163f4f108b45f5.html,20180604075921
https://web.archive.org/web/20180604075921/https://www.elmundo.es/espana/2018/05/07/5aef3878468aebd9378b4638.html,20180604075921
https://web.archive.org/web/20180605155236/https://www.elmundo.es/comunidad-valenciana/castellon/2018/05/08/5af1c3c3ca47411f628b45d4.html,20180605155236
https://web.archive.org/web/20180605155236/https://www.elmundo.es/comunidad-valenciana/alicante/2018/05/07/5ae9853a46163f4f108b45f5.html,20180605155236
https://web.archive.org/web/20180605155236/https://www.elmundo.es/espana/2018/05/07/5aef3878468aebd9378b4638.html,20180605155236
https://web.archive.org/web/20180606045003/https://www.elmundo.es/comunidad-valenciana/castellon/2018/05/08/5af1c3c3ca47411f628b45d4.html,20180606045003
https://web.archive.org/web/20180606045003/https://www.elmundo.es/comunidad-valenciana/alicante/2018/05/07/5ae9853a46163f4f108b45f5.html,20180606045003
https://web.archive.org/web/20180606045003/https://www.elmundo.es/espana/2018/05/07/5aef3878468aebd9378b4638.html,20180606045003
https://web.archive.org/web/20180609052505/https://www.elmundo.es/comunidad-valenciana/castellon/2018/05/08/5af1c3c3ca47411f628b45d4.html,20180609052505
https://web.archive.org/web/20180609052505/https://www.elmundo.es/comunidad-valenciana/alicante/2018/05/07/5ae9853a46163f4f108b45f5.html,20180609052505
https://web.archive.org/web/20180609052505/https://www.elmundo.es/espana/2018/05/07/5aef3878468aebd9378b4638.html,20180609052505
https://web.archive.org/web/20180611121756/https://www.elmundo.es/comunidad-valenciana/castellon/2018/05/08/5af1c3c3ca47411f628b45d4.html,20180611121756
https://web.archive.org/web/20180611121756/https://www.elmundo.es/comunidad-valenciana/alicante/2018/05/07/5ae9853a46163f4f108b45f5.html,20180611121756
https://web.archive.org/web/20180611121756/https://www.elmundo.es/espana/2018/05/07/5aef3878468aebd9378b4638.html,20180611121756
https://web.archive.org/web/20180726195527/https://www.elmundo.es/cataluna/2018/07/23/5b5602e3e5fdea6b758b45c7.html,20180726195527
https://web.archive.org/web/20180726195527/https://www.elmundo.es/espana/2018/07/10/5b4499dcca474163438b45bd.html,20180726195527
https://web.archive.org/web/20180726195527/https://www.elmundo.es/espana/2018/06/18/5b27ff77468aeb101b8b465a.html,20180726195527
https://web.archive.org/web/20180726195527/https://www.elmundo.es/madrid/2018/06/18/5b268a83468aeb33098b4687.html,20180726195527
https://web.archive.org/web/20180726195527/https://www.elmundo.es/baleares/2018/06/15/5b23e64222601dad128b45aa.html,20180726195527
https://web.archive.org/web/20180726195527/https://www.elmundo.es/espana/2018/06/15/5b237eb5e2704e022b8b47e4.html,20180726195527
https://web.archive.org/web/20180729134839/https://www.elmundo.es/cataluna/2018/07/23/5b5602e3e5fdea6b758b45c7.html,20180729134839
https://web.archive.org/web/20180729134839/https://www.elmundo.es/espana/2018/07/10/5b4499dcca474163438b45bd.html,20180729134839
https://web.archive.org/web/20180729134839/https://www.elmundo.es/espana/2018/06/18/5b27ff77468aeb101b8b465a.html,20180729134839
https://web.archive.org/web/20180729134839/https://www.elmundo.es/madrid/2018/06/18/5b268a83468aeb33098b4687.html,20180729134839
https://web.archive.org/web/20180729134839/https://www.elmundo.es/baleares/2018/06/15/5b23e64222601dad128b45aa.html,20180729134839
https://web.archive.org/web/20180729134839/https://www.elmundo.es/espana/2018/06/15/5b237eb5e2704e022b8b47e4.html,20180729134839
https://web.archive.org/web/20180731164420/https://www.elmundo.es/cataluna/2018/07/23/5b5602e3e5fdea6b758b45c7.html,20180731164420
https://web.archive.org/web/20180731164420/https://www.elmundo.es/espana/2018/07/10/5b4499dcca474163438b45bd.html,20180731164420
https://web.archive.org/web/20180731164420/https://www.elmundo.es/espana/2018/06/18/5b27ff77468aeb101b8b465a.html,20180731164420
https://web.archive.org/web/20180731164420/https://www.elmundo.es/madrid/2018/06/18/5b268a83468aeb33098b4687.html,20180731164420
https://web.archive.org/web/20180731164420/https://www.elmundo.es/baleares/2018/06/15/5b23e64222601dad128b45aa.html,20180731164420
https://web.archive.org/web/20180731164420/https://www.elmundo.es/espana/2018/06/15/5b237eb5e2704e022b8b47e4.html,20180731164420
https://web.archive.org/web/20180801172206/https://www.elmundo.es/cataluna/2018/07/23/5b5602e3e5fdea6b758b45c7.html,20180801172206
https://web.archive.org/web/20180801172206/https://www.elmundo.es/espana/2018/07/10/5b4499dcca474163438b45bd.html,20180801172206
https://web.archive.org/web/20180801172206/https://www.elmundo.es/espana/2018/06/18/5b27ff77468aeb101b8b465a.html,20180801172206
https://web.archive.org/web/20180801172206/https://www.elmundo.es/madrid/2018/06/18/5b268a83468aeb33098b4687.html,20180801172206
https://web.archive.org/web/20180801172206/https://www.elmundo.es/baleares/2018/06/15/5b23e64222601dad128b45aa.html,20180801172206
https://web.archive.org/web/20180801172206/https://www.elmundo.es/espana/2018/06/15/5b237eb5e2704e022b8b47e4.html,20180801172206
https://web.archive.org/web/20180802181139/https://www.elmundo.es/cataluna/2018/07/23/5b5602e3e5fdea6b758b45c7.html,20180802181139
https://web.archive.org/web/20180802181139/https://www.elmundo.es/espana/2018/07/10/5b4499dcca474163438b45bd.html,20180802181139
https://web.archive.org/web/20180802181139/https://www.elmundo.es/espana/2018/06/18/5b27ff77468aeb101b8b465a.html,20180802181139
https://web.archive.org/web/20180802181139/https://www.elmundo.es/madrid/2018/06/18/5b268a83468aeb33098b4687.html,20180802181139
https://web.archive.org/web/20180802181139/https://www.elmundo.es/baleares/2018/06/15/5b23e64222601dad128b45aa.html,20180802181139
https://web.archive.org/web/20180803191107/https://www.elmundo.es/cataluna/2018/07/23/5b5602e3e5fdea6b758b45c7.html,20180803191107
https://web.archive.org/web/20180803191107/https://www.elmundo.es/espana/2018/07/10/5b4499dcca474163438b45bd.html,20180803191107
https://web.archive.org/web/20180803191107/https://www.elmundo.es/espana/2018/06/18/5b27ff77468aeb101b8b465a.html,20180803191107
https://web.archive.org/web/20180803191107/https://www.elmundo.es/madrid/2018/06/18/5b268a83468aeb33098b4687.html,20180803191107
https://web.archive.org/web/20180803191107/https://www.elmundo.es/baleares/2018/06/15/5b23e64222601dad128b45aa.html,20180803191107
https://web.archive.org/web/20180804204115/https://www.elmundo.es/cataluna/2018/07/23/5b5602e3e5fdea6b758b45c7.html,20180804204115
https://web.archive.org/web/20180804204115/https://www.elmundo.es/espana/2018/07/10/5b4499dcca474163438b45bd.html,20180804204115
https://web.archive.org/web/20180804204115/https://www.elmundo.es/espana/2018/06/18/5b27ff77468aeb101b8b465a.html,20180804204115
https://web.archive.org/web/20180804204115/https://www.elmundo.es/madrid/2018/06/18/5b268a83468aeb33098b4687.html,20180804204115
https://web.archive.org/web/20180804204115/https://www.elmundo.es/baleares/2018/06/15/5b23e64222601dad128b45aa.html,20180804204115
https://web.archive.org/web/20180805201800/https://www.elmundo.es/cataluna/2018/07/23/5b5602e3e5fdea6b758b45c7.html,20180805201800
https://web.archive.org/web/20180805201800/https://www.elmundo.es/espana/2018/07/10/5b4499dcca474163438b45bd.html,20180805201800
https://web.archive.org/web/20180805201800/https://www.elmundo.es/espana/2018/06/18/5b27ff77468aeb101b8b465a.html,20180805201800
https://web.archive.org/web/20180805201800/https://www.elmundo.es/madrid/2018/06/18/5b268a83468aeb33098b4687.html,20180805201800
https://web.archive.org/web/20180805201800/https://www.elmundo.es/baleares/2018/06/15/5b23e64222601dad128b45aa.html,20180805201800
https://web.archive.org/web/20180829111815/https://www.elmundo.es/pais-vasco/2018/08/29/5b867925268e3e2d3c8b4583.html,20180829111815
https://web.archive.org/web/20180829111815/https://www.elmundo.es/cataluna/2018/07/23/5b5602e3e5fdea6b758b45c7.html,20180829111815
https://web.archive.org/web/20180829111815/https://www.elmundo.es/espana/2018/07/10/5b4499dcca474163438b45bd.html,20180829111815
https://web.archive.org/web/20180830125225/https://www.elmundo.es/pais-vasco/2018/08/29/5b867925268e3e2d3c8b4583.html,20180830125225
https://web.archive.org/web/20180830125225/https://www.elmundo.es/cataluna/2018/07/23/5b5602e3e5fdea6b758b45c7.html,20180830125225
https://web.archive.org/web/20180830125225/https://www.elmundo.es/espana/2018/07/10/5b4499dcca474163438b45bd.html,20180830125225
https://web.archive.org/web/20180831141654/https://www.elmundo.es/espana/2018/08/30/5b88412f22601d44398b45a3.html,20180831141654
https://web.archive.org/web/20180831141654/https://www.elmundo.es/pais-vasco/2018/08/29/5b867925268e3e2d3c8b4583.html,20180831141654
https://web.archive.org/web/20180831141654/https://www.elmundo.es/cataluna/2018/07/23/5b5602e3e5fdea6b758b45c7.html,20180831141654
https://web.archive.org/web/20180831141654/https://www.elmundo.es/espana/2018/07/10/5b4499dcca474163438b45bd.html,20180831141654
https://web.archive.org/web/20180901145342/https://www.elmundo.es/espana/2018/08/30/5b88412f22601d44398b45a3.html,20180901145342
https://web.archive.org/web/20180901145342/https://www.elmundo.es/pais-vasco/2018/08/29/5b867925268e3e2d3c8b4583.html,20180901145342
https://web.archive.org/web/20180901145342/https://www.elmundo.es/cataluna/2018/07/23/5b5602e3e5fdea6b758b45c7.html,20180901145342
https://web.archive.org/web/20180901145342/https://www.elmundo.es/espana/2018/07/10/5b4499dcca474163438b45bd.html,20180901145342
https://web.archive.org/web/20180907190851/https://www.elmundo.es/espana/2018/08/30/5b88412f22601d44398b45a3.html,20180907190851
https://web.archive.org/web/20180907190851/https://www.elmundo.es/pais-vasco/2018/08/29/5b867925268e3e2d3c8b4583.html,20180907190851
https://web.archive.org/web/20180907190851/https://www.elmundo.es/cataluna/2018/07/23/5b5602e3e5fdea6b758b45c7.html,20180907190851
https://web.archive.org/web/20180908205328/https://www.elmundo.es/espana/2018/08/30/5b88412f22601d44398b45a3.html,20180908205328
https://web.archive.org/web/20180908205328/https://www.elmundo.es/pais-vasco/2018/08/29/5b867925268e3e2d3c8b4583.html,20180908205328
https://web.archive.org/web/20180908205328/https://www.elmundo.es/cataluna/2018/07/23/5b5602e3e5fdea6b758b45c7.html,20180908205328
https://web.archive.org/web/20180910230832/https://www.elmundo.es/espana/2018/08/30/5b88412f22601d44398b45a3.html,20180910230832
https://web.archive.org/web/20180910230832/https://www.elmundo.es/pais-vasco/2018/08/29/5b867925268e3e2d3c8b4583.html,20180910230832
https://web.archive.org/web/20180910230832/https://www.elmundo.es/cataluna/2018/07/23/5b5602e3e5fdea6b758b45c7.html,20180910230832
https://web.archive.org/web/20180912010910/https://www.elmundo.es/album/comunidad-valenciana/castellon/2018/09/11/5b9811a322601d541c8b45cd.html,20180912010910
https://web.archive.org/web/20180912010910/https://www.elmundo.es/espana/2018/08/30/5b88412f22601d44398b45a3.html,20180912010910
https://web.archive.org/web/20180912010910/https://www.elmundo.es/pais-vasco/2018/08/29/5b867925268e3e2d3c8b4583.html,20180912010910
https://web.archive.org/web/20180915042435/https://www.elmundo.es/album/comunidad-valenciana/castellon/2018/09/11/5b9811a322601d541c8b45cd.html,20180915042435
https://web.archive.org/web/20180915042435/https://www.elmundo.es/espana/2018/08/30/5b88412f22601d44398b45a3.html,20180915042435
https://web.archive.org/web/20180915042435/https://www.elmundo.es/pais-vasco/2018/08/29/5b867925268e3e2d3c8b4583.html,20180915042435
https://web.archive.org/web/20180916030221/https://www.elmundo.es/album/comunidad-valenciana/castellon/2018/09/11/5b9811a322601d541c8b45cd.html,20180916030221
https://web.archive.org/web/20180916030221/https://www.elmundo.es/espana/2018/08/30/5b88412f22601d44398b45a3.html,20180916030221
https://web.archive.org/web/20180916030221/https://www.elmundo.es/pais-vasco/2018/08/29/5b867925268e3e2d3c8b4583.html,20180916030221
https://web.archive.org/web/20180927105421/https://www.elmundo.es/pais-vasco/2018/09/25/5baa634f22601da7678b4644.html,20180927105421
https://web.archive.org/web/20180927105421/https://www.elmundo.es/andalucia/2018/09/22/5ba5cddfe5fdea115c8b4625.html,20180927105421
https://web.archive.org/web/20180927105421/https://www.elmundo.es/album/comunidad-valenciana/castellon/2018/09/11/5b9811a322601d541c8b45cd.html,20180927105421
https://web.archive.org/web/20181001124953/https://www.elmundo.es/opinion/2018/09/29/5bae600a268e3ebb188b45c9.html,20181001124953
https://web.archive.org/web/20181001124953/https://www.elmundo.es/comunidad-valenciana/castellon/2018/09/27/5bacaf1b468aeb23588b463b.html,20181001124953
https://web.archive.org/web/20181001124953/https://www.elmundo.es/pais-vasco/2018/09/25/5baa634f22601da7678b4644.html,20181001124953
https://web.archive.org/web/20181001124953/https://www.elmundo.es/andalucia/2018/09/22/5ba5cddfe5fdea115c8b4625.html,20181001124953
https://web.archive.org/web/20181001124953/https://www.elmundo.es/album/comunidad-valenciana/castellon/2018/09/11/5b9811a322601d541c8b45cd.html,20181001124953
https://web.archive.org/web/20181009183708/https://www.elmundo.es/espana/2018/10/04/5bb5c1c3e5fdea07078b468b.html,20181009183708
https://web.archive.org/web/20181009183708/https://www.elmundo.es/comunidad-valenciana/castellon/2018/10/03/5bb1fef322601d6d4b8b463d.html,20181009183708
https://web.archive.org/web/20181009183708/https://www.elmundo.es/opinion/2018/09/29/5bae600a268e3ebb188b45c9.html,20181009183708
https://web.archive.org/web/20181009183708/https://www.elmundo.es/comunidad-valenciana/castellon/2018/09/27/5bacaf1b468aeb23588b463b.html,20181009183708
https://web.archive.org/web/20181009183708/https://www.elmundo.es/pais-vasco/2018/09/25/5baa634f22601da7678b4644.html,20181009183708
https://web.archive.org/web/20181009183708/https://www.elmundo.es/andalucia/2018/09/22/5ba5cddfe5fdea115c8b4625.html,20181009183708
https://web.archive.org/web/20181010194842/https://www.elmundo.es/espana/2018/10/04/5bb5c1c3e5fdea07078b468b.html,20181010194842
https://web.archive.org/web/20181010194842/https://www.elmundo.es/comunidad-valenciana/castellon/2018/10/03/5bb1fef322601d6d4b8b463d.html,20181010194842
https://web.archive.org/web/20181010194842/https://www.elmundo.es/opinion/2018/09/29/5bae600a268e3ebb188b45c9.html,20181010194842
https://web.archive.org/web/20181010194842/https://www.elmundo.es/comunidad-valenciana/castellon/2018/09/27/5bacaf1b468aeb23588b463b.html,20181010194842
https://web.archive.org/web/20181010194842/https://www.elmundo.es/pais-vasco/2018/09/25/5baa634f22601da7678b4644.html,20181010194842
https://web.archive.org/web/20181010194842/https://www.elmundo.es/andalucia/2018/09/22/5ba5cddfe5fdea115c8b4625.html,20181010194842
https://web.archive.org/web/20181011194501/https://www.elmundo.es/espana/2018/10/04/5bb5c1c3e5fdea07078b468b.html,20181011194501
https://web.archive.org/web/20181011194501/https://www.elmundo.es/comunidad-valenciana/castellon/2018/10/03/5bb1fef322601d6d4b8b463d.html,20181011194501
https://web.archive.org/web/20181011194501/https://www.elmundo.es/opinion/2018/09/29/5bae600a268e3ebb188b45c9.html,20181011194501
https://web.archive.org/web/20181011194501/https://www.elmundo.es/comunidad-valenciana/castellon/2018/09/27/5bacaf1b468aeb23588b463b.html,20181011194501
https://web.archive.org/web/20181011194501/https://www.elmundo.es/pais-vasco/2018/09/25/5baa634f22601da7678b4644.html,20181011194501
https://web.archive.org/web/20181011194501/https://www.elmundo.es/andalucia/2018/09/22/5ba5cddfe5fdea115c8b4625.html,20181011194501
https://web.archive.org/web/20181012191601/https://www.elmundo.es/espana/2018/10/04/5bb5c1c3e5fdea07078b468b.html,20181012191601
https://web.archive.org/web/20181012191601/https://www.elmundo.es/comunidad-valenciana/castellon/2018/10/03/5bb1fef322601d6d4b8b463d.html,20181012191601
https://web.archive.org/web/20181012191601/https://www.elmundo.es/opinion/2018/09/29/5bae600a268e3ebb188b45c9.html,20181012191601
https://web.archive.org/web/20181012191601/https://www.elmundo.es/comunidad-valenciana/castellon/2018/09/27/5bacaf1b468aeb23588b463b.html,20181012191601
https://web.archive.org/web/20181012191601/https://www.elmundo.es/pais-vasco/2018/09/25/5baa634f22601da7678b4644.html,20181012191601
https://web.archive.org/web/20181012191601/https://www.elmundo.es/andalucia/2018/09/22/5ba5cddfe5fdea115c8b4625.html,20181012191601
https://web.archive.org/web/20181013205050/https://www.elmundo.es/espana/2018/10/04/5bb5c1c3e5fdea07078b468b.html,20181013205050
https://web.archive.org/web/20181013205050/https://www.elmundo.es/comunidad-valenciana/castellon/2018/10/03/5bb1fef322601d6d4b8b463d.html,20181013205050
https://web.archive.org/web/20181013205050/https://www.elmundo.es/opinion/2018/09/29/5bae600a268e3ebb188b45c9.html,20181013205050
https://web.archive.org/web/20181013205050/https://www.elmundo.es/comunidad-valenciana/castellon/2018/09/27/5bacaf1b468aeb23588b463b.html,20181013205050
https://web.archive.org/web/20181013205050/https://www.elmundo.es/pais-vasco/2018/09/25/5baa634f22601da7678b4644.html,20181013205050
https://web.archive.org/web/20181013205050/https://www.elmundo.es/andalucia/2018/09/22/5ba5cddfe5fdea115c8b4625.html,20181013205050
https://web.archive.org/web/20181014195604/https://www.elmundo.es/espana/2018/10/04/5bb5c1c3e5fdea07078b468b.html,20181014195604
https://web.archive.org/web/20181014195604/https://www.elmundo.es/comunidad-valenciana/castellon/2018/10/03/5bb1fef322601d6d4b8b463d.html,20181014195604
https://web.archive.org/web/20181014195604/https://www.elmundo.es/opinion/2018/09/29/5bae600a268e3ebb188b45c9.html,20181014195604
https://web.archive.org/web/20181014195604/https://www.elmundo.es/comunidad-valenciana/castellon/2018/09/27/5bacaf1b468aeb23588b463b.html,20181014195604
https://web.archive.org/web/20181014195604/https://www.elmundo.es/pais-vasco/2018/09/25/5baa634f22601da7678b4644.html,20181014195604
https://web.archive.org/web/20181014195604/https://www.elmundo.es/andalucia/2018/09/22/5ba5cddfe5fdea115c8b4625.html,20181014195604
https://web.archive.org/web/20181015233228/https://www.elmundo.es/espana/2018/10/04/5bb5c1c3e5fdea07078b468b.html,20181015233228
https://web.archive.org/web/20181015233228/https://www.elmundo.es/comunidad-valenciana/castellon/2018/10/03/5bb1fef322601d6d4b8b463d.html,20181015233228
https://web.archive.org/web/20181015233228/https://www.elmundo.es/opinion/2018/09/29/5bae600a268e3ebb188b45c9.html,20181015233228
https://web.archive.org/web/20181015233228/https://www.elmundo.es/comunidad-valenciana/castellon/2018/09/27/5bacaf1b468aeb23588b463b.html,20181015233228
https://web.archive.org/web/20181015233228/https://www.elmundo.es/pais-vasco/2018/09/25/5baa634f22601da7678b4644.html,20181015233228
https://web.archive.org/web/20181015233228/https://www.elmundo.es/andalucia/2018/09/22/5ba5cddfe5fdea115c8b4625.html,20181015233228
https://web.archive.org/web/20181105095310/https://www.elmundo.es/comunidad-valenciana/castellon/2018/10/25/5bd03b91468aebaa288b4610.html,20181105095310
https://web.archive.org/web/20181105095310/https://www.elmundo.es/andalucia/2018/10/24/5bd089d4ca47418c758b459c.html,20181105095310
https://web.archive.org/web/20181105095310/https://www.elmundo.es/comunidad-valenciana/alicante/2018/10/24/5bd01310e5fdeae2518b4588.html,20181105095310
https://web.archive.org/web/20181105095310/https://www.elmundo.es/andalucia/2018/10/21/5bccbaf1268e3ea84a8b45f0.html,20181105095310
https://web.archive.org/web/20181105095310/https://www.elmundo.es/espana/2018/10/04/5bb5c1c3e5fdea07078b468b.html,20181105095310
https://web.archive.org/web/20181105095310/https://www.elmundo.es/comunidad-valenciana/castellon/2018/10/03/5bb1fef322601d6d4b8b463d.html,20181105095310
https://web.archive.org/web/20181105095310/https://www.elmundo.es/opinion/2018/09/29/5bae600a268e3ebb188b45c9.html,20181105095310
https://web.archive.org/web/20181105095310/https://www.elmundo.es/comunidad-valenciana/castellon/2018/09/27/5bacaf1b468aeb23588b463b.html,20181105095310
https://web.archive.org/web/20181117082849/https://www.elmundo.es/comunidad-valenciana/castellon/2018/10/25/5bd03b91468aebaa288b4610.html,20181117082849
https://web.archive.org/web/20181117082849/https://www.elmundo.es/andalucia/2018/10/24/5bd089d4ca47418c758b459c.html,20181117082849
https://web.archive.org/web/20181117082849/https://www.elmundo.es/comunidad-valenciana/alicante/2018/10/24/5bd01310e5fdeae2518b4588.html,20181117082849
https://web.archive.org/web/20181117082849/https://www.elmundo.es/andalucia/2018/10/21/5bccbaf1268e3ea84a8b45f0.html,20181117082849
https://web.archive.org/web/20181117082849/https://www.elmundo.es/espana/2018/10/04/5bb5c1c3e5fdea07078b468b.html,20181117082849
https://web.archive.org/web/20181117082849/https://www.elmundo.es/comunidad-valenciana/castellon/2018/10/03/5bb1fef322601d6d4b8b463d.html,20181117082849
https://web.archive.org/web/20181117082849/https://www.elmundo.es/opinion/2018/09/29/5bae600a268e3ebb188b45c9.html,20181117082849
https://web.archive.org/web/20181117082849/https://www.elmundo.es/comunidad-valenciana/castellon/2018/09/27/5bacaf1b468aeb23588b463b.html,20181117082849
https://web.archive.org/web/20181118102215/https://www.elmundo.es/comunidad-valenciana/castellon/2018/10/25/5bd03b91468aebaa288b4610.html,20181118102215
https://web.archive.org/web/20181118102215/https://www.elmundo.es/andalucia/2018/10/24/5bd089d4ca47418c758b459c.html,20181118102215
https://web.archive.org/web/20181118102215/https://www.elmundo.es/comunidad-valenciana/alicante/2018/10/24/5bd01310e5fdeae2518b4588.html,20181118102215
https://web.archive.org/web/20181118102215/https://www.elmundo.es/andalucia/2018/10/21/5bccbaf1268e3ea84a8b45f0.html,20181118102215
https://web.archive.org/web/20181118102215/https://www.elmundo.es/espana/2018/10/04/5bb5c1c3e5fdea07078b468b.html,20181118102215
https://web.archive.org/web/20181118102215/https://www.elmundo.es/comunidad-valenciana/castellon/2018/10/03/5bb1fef322601d6d4b8b463d.html,20181118102215
https://web.archive.org/web/20181118102215/https://www.elmundo.es/opinion/2018/09/29/5bae600a268e3ebb188b45c9.html,20181118102215
https://web.archive.org/web/20181119110815/https://www.elmundo.es/baleares/2018/11/18/5bf1a11922601d544c8b4589.html,20181119110815
https://web.archive.org/web/20181119110815/https://www.elmundo.es/comunidad-valenciana/castellon/2018/10/25/5bd03b91468aebaa288b4610.html,20181119110815
https://web.archive.org/web/20181119110815/https://www.elmundo.es/andalucia/2018/10/24/5bd089d4ca47418c758b459c.html,20181119110815
https://web.archive.org/web/20181119110815/https://www.elmundo.es/comunidad-valenciana/alicante/2018/10/24/5bd01310e5fdeae2518b4588.html,20181119110815
https://web.archive.org/web/20181119110815/https://www.elmundo.es/andalucia/2018/10/21/5bccbaf1268e3ea84a8b45f0.html,20181119110815
https://web.archive.org/web/20181119110815/https://www.elmundo.es/espana/2018/10/04/5bb5c1c3e5fdea07078b468b.html,20181119110815
https://web.archive.org/web/20181119110815/https://www.elmundo.es/comunidad-valenciana/castellon/2018/10/03/5bb1fef322601d6d4b8b463d.html,20181119110815
https://web.archive.org/web/20181119110815/https://www.elmundo.es/opinion/2018/09/29/5bae600a268e3ebb188b45c9.html,20181119110815
https://web.archive.org/web/20181121123322/https://www.elmundo.es/espana/2018/11/20/5bf409ac22601d3f168b45c7.html,20181121123322
https://web.archive.org/web/20181121123322/https://www.elmundo.es/cultura/laesferadepapel/2018/11/20/5beef43622601dd61f8b4625.html,20181121123322
https://web.archive.org/web/20181121123322/https://www.elmundo.es/baleares/2018/11/18/5bf1a11922601d544c8b4589.html,20181121123322
https://web.archive.org/web/20181121123322/https://www.elmundo.es/comunidad-valenciana/castellon/2018/10/25/5bd03b91468aebaa288b4610.html,20181121123322
https://web.archive.org/web/20181121123322/https://www.elmundo.es/andalucia/2018/10/24/5bd089d4ca47418c758b459c.html,20181121123322
https://web.archive.org/web/20181121123322/https://www.elmundo.es/comunidad-valenciana/alicante/2018/10/24/5bd01310e5fdeae2518b4588.html,20181121123322
https://web.archive.org/web/20181121123322/https://www.elmundo.es/andalucia/2018/10/21/5bccbaf1268e3ea84a8b45f0.html,20181121123322
https://web.archive.org/web/20181121123322/https://www.elmundo.es/espana/2018/10/04/5bb5c1c3e5fdea07078b468b.html,20181121123322
https://web.archive.org/web/20181121123322/https://www.elmundo.es/comunidad-valenciana/castellon/2018/10/03/5bb1fef322601d6d4b8b463d.html,20181121123322
https://web.archive.org/web/20181122124505/https://www.elmundo.es/pais-vasco/2018/11/22/5bf68797468aebe8458b46b4.html,20181122124505
https://web.archive.org/web/20181122124505/https://www.elmundo.es/espana/2018/11/20/5bf409ac22601d3f168b45c7.html,20181122124505
https://web.archive.org/web/20181122124505/https://www.elmundo.es/cultura/laesferadepapel/2018/11/20/5beef43622601dd61f8b4625.html,20181122124505
https://web.archive.org/web/20181122124505/https://www.elmundo.es/baleares/2018/11/18/5bf1a11922601d544c8b4589.html,20181122124505
https://web.archive.org/web/20181122124505/https://www.elmundo.es/comunidad-valenciana/castellon/2018/10/25/5bd03b91468aebaa288b4610.html,20181122124505
https://web.archive.org/web/20181122124505/https://www.elmundo.es/andalucia/2018/10/24/5bd089d4ca47418c758b459c.html,20181122124505
https://web.archive.org/web/20181122124505/https://www.elmundo.es/comunidad-valenciana/alicante/2018/10/24/5bd01310e5fdeae2518b4588.html,20181122124505
https://web.archive.org/web/20181122124505/https://www.elmundo.es/andalucia/2018/10/21/5bccbaf1268e3ea84a8b45f0.html,20181122124505
https://web.archive.org/web/20181123143118/https://www.elmundo.es/pais-vasco/2018/11/22/5bf68797468aebe8458b46b4.html,20181123143118
https://web.archive.org/web/20181123143118/https://www.elmundo.es/espana/2018/11/20/5bf409ac22601d3f168b45c7.html,20181123143118
https://web.archive.org/web/20181123143118/https://www.elmundo.es/cultura/laesferadepapel/2018/11/20/5beef43622601dd61f8b4625.html,20181123143118
https://web.archive.org/web/20181123143118/https://www.elmundo.es/baleares/2018/11/18/5bf1a11922601d544c8b4589.html,20181123143118
https://web.archive.org/web/20181123143118/https://www.elmundo.es/comunidad-valenciana/castellon/2018/10/25/5bd03b91468aebaa288b4610.html,20181123143118
https://web.archive.org/web/20181123143118/https://www.elmundo.es/andalucia/2018/10/24/5bd089d4ca47418c758b459c.html,20181123143118
https://web.archive.org/web/20181123143118/https://www.elmundo.es/comunidad-valenciana/alicante/2018/10/24/5bd01310e5fdeae2518b4588.html,20181123143118
https://web.archive.org/web/20181123143118/https://www.elmundo.es/andalucia/2018/10/21/5bccbaf1268e3ea84a8b45f0.html,20181123143118
https://web.archive.org/web/20181124130703/https://www.elmundo.es/grafico/espana/2018/03/10/5aa008a3268e3e0c1c8b45d3.html,20181124130703
https://web.archive.org/web/20181124130703/https://www.elmundo.es/pais-vasco/2018/11/22/5bf68797468aebe8458b46b4.html,20181124130703
https://web.archive.org/web/20181124130703/https://www.elmundo.es/espana/2018/11/20/5bf409ac22601d3f168b45c7.html,20181124130703
https://web.archive.org/web/20181124130703/https://www.elmundo.es/cultura/laesferadepapel/2018/11/20/5beef43622601dd61f8b4625.html,20181124130703
https://web.archive.org/web/20181124130703/https://www.elmundo.es/baleares/2018/11/18/5bf1a11922601d544c8b4589.html,20181124130703
https://web.archive.org/web/20181124130703/https://www.elmundo.es/comunidad-valenciana/castellon/2018/10/25/5bd03b91468aebaa288b4610.html,20181124130703
https://web.archive.org/web/20181124130703/https://www.elmundo.es/andalucia/2018/10/24/5bd089d4ca47418c758b459c.html,20181124130703
https://web.archive.org/web/20181124130703/https://www.elmundo.es/comunidad-valenciana/alicante/2018/10/24/5bd01310e5fdeae2518b4588.html,20181124130703
https://web.archive.org/web/20181124130703/https://www.elmundo.es/andalucia/2018/10/21/5bccbaf1268e3ea84a8b45f0.html,20181124130703
https://web.archive.org/web/20181201205816/https://www.elmundo.es/comunidad-valenciana/castellon/2018/11/30/5c003696fc6c83d7478b461e.html,20181201205816
https://web.archive.org/web/20181201205816/https://www.elmundo.es/internacional/2018/11/26/5bfbe392268e3eea428b4681.html,20181201205816
https://web.archive.org/web/20181201205816/https://www.elmundo.es/baleares/2018/11/26/5bfba02ce5fdeae8408b4618.html,20181201205816
https://web.archive.org/web/20181201205816/https://www.elmundo.es/espana/2018/11/25/5bfa8ea322601dfd4b8b4620.html,20181201205816
https://web.archive.org/web/20181201205816/https://www.elmundo.es/grafico/espana/2018/03/10/5aa008a3268e3e0c1c8b45d3.html,20181201205816
https://web.archive.org/web/20181201205816/https://www.elmundo.es/pais-vasco/2018/11/22/5bf68797468aebe8458b46b4.html,20181201205816
https://web.archive.org/web/20181201205816/https://www.elmundo.es/espana/2018/11/20/5bf409ac22601d3f168b45c7.html,20181201205816
https://web.archive.org/web/20181201205816/https://www.elmundo.es/cultura/laesferadepapel/2018/11/20/5beef43622601dd61f8b4625.html,20181201205816
https://web.archive.org/web/20181201205816/https://www.elmundo.es/baleares/2018/11/18/5bf1a11922601d544c8b4589.html,20181201205816
https://web.archive.org/web/20181201205816/https://www.elmundo.es/comunidad-valenciana/castellon/2018/10/25/5bd03b91468aebaa288b4610.html,20181201205816
https://web.archive.org/web/20181203202533/https://www.elmundo.es/comunidad-valenciana/castellon/2018/11/30/5c003696fc6c83d7478b461e.html,20181203202533
https://web.archive.org/web/20181203202533/https://www.elmundo.es/internacional/2018/11/26/5bfbe392268e3eea428b4681.html,20181203202533
https://web.archive.org/web/20181203202533/https://www.elmundo.es/baleares/2018/11/26/5bfba02ce5fdeae8408b4618.html,20181203202533
https://web.archive.org/web/20181203202533/https://www.elmundo.es/espana/2018/11/25/5bfa8ea322601dfd4b8b4620.html,20181203202533
https://web.archive.org/web/20181203202533/https://www.elmundo.es/grafico/espana/2018/03/10/5aa008a3268e3e0c1c8b45d3.html,20181203202533
https://web.archive.org/web/20181203202533/https://www.elmundo.es/pais-vasco/2018/11/22/5bf68797468aebe8458b46b4.html,20181203202533
https://web.archive.org/web/20181203202533/https://www.elmundo.es/espana/2018/11/20/5bf409ac22601d3f168b45c7.html,20181203202533
https://web.archive.org/web/20181203202533/https://www.elmundo.es/cultura/laesferadepapel/2018/11/20/5beef43622601dd61f8b4625.html,20181203202533
https://web.archive.org/web/20181203202533/https://www.elmundo.es/baleares/2018/11/18/5bf1a11922601d544c8b4589.html,20181203202533
https://web.archive.org/web/20181211040931/https://www.elmundo.es/comunidad-valenciana/castellon/2018/11/30/5c003696fc6c83d7478b461e.html,20181211040931
https://web.archive.org/web/20181211040931/https://www.elmundo.es/internacional/2018/11/26/5bfbe392268e3eea428b4681.html,20181211040931
https://web.archive.org/web/20181211040931/https://www.elmundo.es/baleares/2018/11/26/5bfba02ce5fdeae8408b4618.html,20181211040931
https://web.archive.org/web/20181211040931/https://www.elmundo.es/espana/2018/11/25/5bfa8ea322601dfd4b8b4620.html,20181211040931
https://web.archive.org/web/20181211040931/https://www.elmundo.es/grafico/espana/2018/03/10/5aa008a3268e3e0c1c8b45d3.html,20181211040931
https://web.archive.org/web/20181211040931/https://www.elmundo.es/pais-vasco/2018/11/22/5bf68797468aebe8458b46b4.html,20181211040931
https://web.archive.org/web/20181211040931/https://www.elmundo.es/espana/2018/11/20/5bf409ac22601d3f168b45c7.html,20181211040931
https://web.archive.org/web/20181211040931/https://www.elmundo.es/cultura/laesferadepapel/2018/11/20/5beef43622601dd61f8b4625.html,20181211040931
https://web.archive.org/web/20181211040931/https://www.elmundo.es/baleares/2018/11/18/5bf1a11922601d544c8b4589.html,20181211040931
https://web.archive.org/web/20181213073327/https://www.elmundo.es/baleares/2018/12/12/5c101b06fdddff3f5d8b45e4.html,20181213073327
https://web.archive.org/web/20181213073327/https://www.elmundo.es/comunidad-valenciana/castellon/2018/11/30/5c003696fc6c83d7478b461e.html,20181213073327
https://web.archive.org/web/20181213073327/https://www.elmundo.es/internacional/2018/11/26/5bfbe392268e3eea428b4681.html,20181213073327
https://web.archive.org/web/20181213073327/https://www.elmundo.es/baleares/2018/11/26/5bfba02ce5fdeae8408b4618.html,20181213073327
https://web.archive.org/web/20181213073327/https://www.elmundo.es/espana/2018/11/25/5bfa8ea322601dfd4b8b4620.html,20181213073327
https://web.archive.org/web/20181213073327/https://www.elmundo.es/grafico/espana/2018/03/10/5aa008a3268e3e0c1c8b45d3.html,20181213073327
https://web.archive.org/web/20181213073327/https://www.elmundo.es/pais-vasco/2018/11/22/5bf68797468aebe8458b46b4.html,20181213073327
https://web.archive.org/web/20181213073327/https://www.elmundo.es/espana/2018/11/20/5bf409ac22601d3f168b45c7.html,20181213073327
https://web.archive.org/web/20181213073327/https://www.elmundo.es/cultura/laesferadepapel/2018/11/20/5beef43622601dd61f8b4625.html,20181213073327
https://web.archive.org/web/20181213073327/https://www.elmundo.es/baleares/2018/11/18/5bf1a11922601d544c8b4589.html,20181213073327
https://web.archive.org/web/20181216043952/https://www.elmundo.es/baleares/2018/12/12/5c101b06fdddff3f5d8b45e4.html,20181216043952
https://web.archive.org/web/20181216043952/https://www.elmundo.es/comunidad-valenciana/castellon/2018/11/30/5c003696fc6c83d7478b461e.html,20181216043952
https://web.archive.org/web/20181216043952/https://www.elmundo.es/internacional/2018/11/26/5bfbe392268e3eea428b4681.html,20181216043952
https://web.archive.org/web/20181216043952/https://www.elmundo.es/baleares/2018/11/26/5bfba02ce5fdeae8408b4618.html,20181216043952
https://web.archive.org/web/20181216043952/https://www.elmundo.es/espana/2018/11/25/5bfa8ea322601dfd4b8b4620.html,20181216043952
https://web.archive.org/web/20181216043952/https://www.elmundo.es/grafico/espana/2018/03/10/5aa008a3268e3e0c1c8b45d3.html,20181216043952
https://web.archive.org/web/20181216043952/https://www.elmundo.es/pais-vasco/2018/11/22/5bf68797468aebe8458b46b4.html,20181216043952
https://web.archive.org/web/20181216043952/https://www.elmundo.es/espana/2018/11/20/5bf409ac22601d3f168b45c7.html,20181216043952
https://web.archive.org/web/20181216043952/https://www.elmundo.es/cultura/laesferadepapel/2018/11/20/5beef43622601dd61f8b4625.html,20181216043952
https://web.archive.org/web/20181217074017/https://www.elmundo.es/baleares/2018/12/12/5c101b06fdddff3f5d8b45e4.html,20181217074017
https://web.archive.org/web/20181217074017/https://www.elmundo.es/comunidad-valenciana/castellon/2018/11/30/5c003696fc6c83d7478b461e.html,20181217074017
https://web.archive.org/web/20181217074017/https://www.elmundo.es/internacional/2018/11/26/5bfbe392268e3eea428b4681.html,20181217074017
https://web.archive.org/web/20181217074017/https://www.elmundo.es/baleares/2018/11/26/5bfba02ce5fdeae8408b4618.html,20181217074017
https://web.archive.org/web/20181217074017/https://www.elmundo.es/espana/2018/11/25/5bfa8ea322601dfd4b8b4620.html,20181217074017
https://web.archive.org/web/20181217074017/https://www.elmundo.es/grafico/espana/2018/03/10/5aa008a3268e3e0c1c8b45d3.html,20181217074017
https://web.archive.org/web/20181217074017/https://www.elmundo.es/pais-vasco/2018/11/22/5bf68797468aebe8458b46b4.html,20181217074017
https://web.archive.org/web/20181217074017/https://www.elmundo.es/espana/2018/11/20/5bf409ac22601d3f168b45c7.html,20181217074017
https://web.archive.org/web/20181217074017/https://www.elmundo.es/cultura/laesferadepapel/2018/11/20/5beef43622601dd61f8b4625.html,20181217074017
https://web.archive.org/web/20181218062213/https://www.elmundo.es/baleares/2018/12/12/5c101b06fdddff3f5d8b45e4.html,20181218062213
https://web.archive.org/web/20181218062213/https://www.elmundo.es/comunidad-valenciana/castellon/2018/11/30/5c003696fc6c83d7478b461e.html,20181218062213
https://web.archive.org/web/20181218062213/https://www.elmundo.es/internacional/2018/11/26/5bfbe392268e3eea428b4681.html,20181218062213
https://web.archive.org/web/20181218062213/https://www.elmundo.es/baleares/2018/11/26/5bfba02ce5fdeae8408b4618.html,20181218062213
https://web.archive.org/web/20181218062213/https://www.elmundo.es/espana/2018/11/25/5bfa8ea322601dfd4b8b4620.html,20181218062213
https://web.archive.org/web/20181218062213/https://www.elmundo.es/grafico/espana/2018/03/10/5aa008a3268e3e0c1c8b45d3.html,20181218062213
https://web.archive.org/web/20181218062213/https://www.elmundo.es/pais-vasco/2018/11/22/5bf68797468aebe8458b46b4.html,20181218062213
https://web.archive.org/web/20181219055515/https://www.elmundo.es/baleares/2018/12/12/5c101b06fdddff3f5d8b45e4.html,20181219055515
https://web.archive.org/web/20181219055515/https://www.elmundo.es/comunidad-valenciana/castellon/2018/11/30/5c003696fc6c83d7478b461e.html,20181219055515
https://web.archive.org/web/20181219055515/https://www.elmundo.es/internacional/2018/11/26/5bfbe392268e3eea428b4681.html,20181219055515
https://web.archive.org/web/20181219055515/https://www.elmundo.es/baleares/2018/11/26/5bfba02ce5fdeae8408b4618.html,20181219055515
https://web.archive.org/web/20181219055515/https://www.elmundo.es/espana/2018/11/25/5bfa8ea322601dfd4b8b4620.html,20181219055515
https://web.archive.org/web/20181219055515/https://www.elmundo.es/grafico/espana/2018/03/10/5aa008a3268e3e0c1c8b45d3.html,20181219055515
https://web.archive.org/web/20181219055515/https://www.elmundo.es/pais-vasco/2018/11/22/5bf68797468aebe8458b46b4.html,20181219055515
https://web.archive.org/web/20181220061008/https://www.elmundo.es/baleares/2018/12/12/5c101b06fdddff3f5d8b45e4.html,20181220061008
https://web.archive.org/web/20181220061008/https://www.elmundo.es/comunidad-valenciana/castellon/2018/11/30/5c003696fc6c83d7478b461e.html,20181220061008
https://web.archive.org/web/20181220061008/https://www.elmundo.es/internacional/2018/11/26/5bfbe392268e3eea428b4681.html,20181220061008
https://web.archive.org/web/20181220061008/https://www.elmundo.es/baleares/2018/11/26/5bfba02ce5fdeae8408b4618.html,20181220061008
https://web.archive.org/web/20181220061008/https://www.elmundo.es/espana/2018/11/25/5bfa8ea322601dfd4b8b4620.html,20181220061008
https://web.archive.org/web/20181220061008/https://www.elmundo.es/grafico/espana/2018/03/10/5aa008a3268e3e0c1c8b45d3.html,20181220061008
https://web.archive.org/web/20181220061008/https://www.elmundo.es/pais-vasco/2018/11/22/5bf68797468aebe8458b46b4.html,20181220061008
https://web.archive.org/web/20181221074517/https://www.elmundo.es/baleares/2018/12/12/5c101b06fdddff3f5d8b45e4.html,20181221074517
https://web.archive.org/web/20181221074517/https://www.elmundo.es/comunidad-valenciana/castellon/2018/11/30/5c003696fc6c83d7478b461e.html,20181221074517
https://web.archive.org/web/20181221074517/https://www.elmundo.es/internacional/2018/11/26/5bfbe392268e3eea428b4681.html,20181221074517
https://web.archive.org/web/20181221074517/https://www.elmundo.es/baleares/2018/11/26/5bfba02ce5fdeae8408b4618.html,20181221074517
https://web.archive.org/web/20181221074517/https://www.elmundo.es/espana/2018/11/25/5bfa8ea322601dfd4b8b4620.html,20181221074517
https://web.archive.org/web/20181221074517/https://www.elmundo.es/grafico/espana/2018/03/10/5aa008a3268e3e0c1c8b45d3.html,20181221074517
https://web.archive.org/web/20181222093552/https://www.elmundo.es/baleares/2018/12/12/5c101b06fdddff3f5d8b45e4.html,20181222093552
https://web.archive.org/web/20181222093552/https://www.elmundo.es/comunidad-valenciana/castellon/2018/11/30/5c003696fc6c83d7478b461e.html,20181222093552
https://web.archive.org/web/20181222093552/https://www.elmundo.es/internacional/2018/11/26/5bfbe392268e3eea428b4681.html,20181222093552
https://web.archive.org/web/20181222093552/https://www.elmundo.es/baleares/2018/11/26/5bfba02ce5fdeae8408b4618.html,20181222093552
https://web.archive.org/web/20181222093552/https://www.elmundo.es/espana/2018/11/25/5bfa8ea322601dfd4b8b4620.html,20181222093552
https://web.archive.org/web/20181222093552/https://www.elmundo.es/grafico/espana/2018/03/10/5aa008a3268e3e0c1c8b45d3.html,20181222093552
https://web.archive.org/web/20181223100410/https://www.elmundo.es/baleares/2018/12/12/5c101b06fdddff3f5d8b45e4.html,20181223100410
https://web.archive.org/web/20181223100410/https://www.elmundo.es/comunidad-valenciana/castellon/2018/11/30/5c003696fc6c83d7478b461e.html,20181223100410
https://web.archive.org/web/20181223100410/https://www.elmundo.es/internacional/2018/11/26/5bfbe392268e3eea428b4681.html,20181223100410
https://web.archive.org/web/20181223100410/https://www.elmundo.es/baleares/2018/11/26/5bfba02ce5fdeae8408b4618.html,20181223100410
https://web.archive.org/web/20181223100410/https://www.elmundo.es/espana/2018/11/25/5bfa8ea322601dfd4b8b4620.html,20181223100410
https://web.archive.org/web/20181223100410/https://www.elmundo.es/grafico/espana/2018/03/10/5aa008a3268e3e0c1c8b45d3.html,20181223100410
https://web.archive.org/web/20190117132054/https://www.elmundo.es/espana/2019/01/14/5c3c561afdddffd4068b45a7.html,20190117132054
https://web.archive.org/web/20190117132054/https://www.elmundo.es/espana/2019/01/13/5c3a4e54fc6c8370038b4684.html,20190117132054
https://web.archive.org/web/20190117132054/https://www.elmundo.es/grafico/espana/2018/03/10/5aa008a3268e3e0c1c8b45d3.html,20190117132054
https://web.archive.org/web/20190117132054/https://www.elmundo.es/espana/2019/01/04/5c2f33e9fdddff485f8b4616.html,20190117132054
https://web.archive.org/web/20190117132054/https://www.elmundo.es/espana/2019/01/04/5c2e65f321efa0ac4e8b45cc.html,20190117132054
https://web.archive.org/web/20190118133507/https://www.elmundo.es/espana/2019/01/14/5c3c561afdddffd4068b45a7.html,20190118133507
https://web.archive.org/web/20190118133507/https://www.elmundo.es/espana/2019/01/13/5c3a4e54fc6c8370038b4684.html,20190118133507
https://web.archive.org/web/20190118133507/https://www.elmundo.es/grafico/espana/2018/03/10/5aa008a3268e3e0c1c8b45d3.html,20190118133507
https://web.archive.org/web/20190118133507/https://www.elmundo.es/espana/2019/01/04/5c2f33e9fdddff485f8b4616.html,20190118133507
https://web.archive.org/web/20190118133507/https://www.elmundo.es/espana/2019/01/04/5c2e65f321efa0ac4e8b45cc.html,20190118133507
https://web.archive.org/web/20190119143015/https://www.elmundo.es/espana/2019/01/14/5c3c561afdddffd4068b45a7.html,20190119143015
https://web.archive.org/web/20190119143015/https://www.elmundo.es/espana/2019/01/13/5c3a4e54fc6c8370038b4684.html,20190119143015
https://web.archive.org/web/20190119143015/https://www.elmundo.es/grafico/espana/2018/03/10/5aa008a3268e3e0c1c8b45d3.html,20190119143015
https://web.archive.org/web/20190120144153/https://www.elmundo.es/espana/2019/01/14/5c3c561afdddffd4068b45a7.html,20190120144153
https://web.archive.org/web/20190120144153/https://www.elmundo.es/espana/2019/01/13/5c3a4e54fc6c8370038b4684.html,20190120144153
https://web.archive.org/web/20190120144153/https://www.elmundo.es/grafico/espana/2018/03/10/5aa008a3268e3e0c1c8b45d3.html,20190120144153
https://web.archive.org/web/20190121180216/https://www.elmundo.es/espana/2019/01/14/5c3c561afdddffd4068b45a7.html,20190121180216
https://web.archive.org/web/20190121180216/https://www.elmundo.es/espana/2019/01/13/5c3a4e54fc6c8370038b4684.html,20190121180216
https://web.archive.org/web/20190121180216/https://www.elmundo.es/grafico/espana/2018/03/10/5aa008a3268e3e0c1c8b45d3.html,20190121180216
https://web.archive.org/web/20190122190227/https://www.elmundo.es/espana/2019/01/14/5c3c561afdddffd4068b45a7.html,20190122190227
https://web.archive.org/web/20190122190227/https://www.elmundo.es/espana/2019/01/13/5c3a4e54fc6c8370038b4684.html,20190122190227
https://web.archive.org/web/20190122190227/https://www.elmundo.es/grafico/espana/2018/03/10/5aa008a3268e3e0c1c8b45d3.html,20190122190227
https://web.archive.org/web/20190123213001/https://www.elmundo.es/internacional/2019/01/23/5c488cd4fc6c83c6478b4649.html,20190123213001
https://web.archive.org/web/20190123213001/https://www.elmundo.es/espana/2019/01/14/5c3c561afdddffd4068b45a7.html,20190123213001
https://web.archive.org/web/20190123213001/https://www.elmundo.es/espana/2019/01/13/5c3a4e54fc6c8370038b4684.html,20190123213001
https://web.archive.org/web/20190204021641/https://www.elmundo.es/espana/2019/01/28/5c4dfe6221efa0386a8b460a.html,20190204022957
https://web.archive.org/web/20190204021641/https://www.elmundo.es/internacional/2019/01/23/5c488cd4fc6c83c6478b4649.html,20190204022957
https://web.archive.org/web/20190204021641/https://www.elmundo.es/espana/2019/01/14/5c3c561afdddffd4068b45a7.html,20190204022957
https://web.archive.org/web/20190204021641/https://www.elmundo.es/espana/2019/01/13/5c3a4e54fc6c8370038b4684.html,20190204022957
https://web.archive.org/web/20190209022639/https://www.elmundo.es/cataluna/2019/02/07/5c5c4fc921efa026518b458b.html,20190209022639
https://web.archive.org/web/20190209022639/https://www.elmundo.es/espana/2019/01/28/5c4dfe6221efa0386a8b460a.html,20190209022639
https://web.archive.org/web/20190209022639/https://www.elmundo.es/internacional/2019/01/23/5c488cd4fc6c83c6478b4649.html,20190209022639
https://web.archive.org/web/20190209022639/https://www.elmundo.es/espana/2019/01/14/5c3c561afdddffd4068b45a7.html,20190209022639
https://web.archive.org/web/20190209022639/https://www.elmundo.es/espana/2019/01/13/5c3a4e54fc6c8370038b4684.html,20190209022639
https://web.archive.org/web/20190214052901/https://www.elmundo.es/pais-vasco/2019/02/11/5c615728fdddffcc3d8b4628.html,20190214052901
https://web.archive.org/web/20190214052901/https://www.elmundo.es/cataluna/2019/02/07/5c5c4fc921efa026518b458b.html,20190214052901
https://web.archive.org/web/20190214052901/https://www.elmundo.es/espana/2019/01/28/5c4dfe6221efa0386a8b460a.html,20190214052901
https://web.archive.org/web/20190214052901/https://www.elmundo.es/internacional/2019/01/23/5c488cd4fc6c83c6478b4649.html,20190214052901
https://web.archive.org/web/20190214052901/https://www.elmundo.es/espana/2019/01/14/5c3c561afdddffd4068b45a7.html,20190214052901
https://web.archive.org/web/20190215081241/https://www.elmundo.es/pais-vasco/2019/02/11/5c615728fdddffcc3d8b4628.html,20190215081241
https://web.archive.org/web/20190215081241/https://www.elmundo.es/cataluna/2019/02/07/5c5c4fc921efa026518b458b.html,20190215081241
https://web.archive.org/web/20190215081241/https://www.elmundo.es/espana/2019/01/28/5c4dfe6221efa0386a8b460a.html,20190215081241
https://web.archive.org/web/20190215081241/https://www.elmundo.es/internacional/2019/01/23/5c488cd4fc6c83c6478b4649.html,20190215081241
https://web.archive.org/web/20190215081241/https://www.elmundo.es/espana/2019/01/14/5c3c561afdddffd4068b45a7.html,20190215081241
https://web.archive.org/web/20190216091140/https://www.elmundo.es/pais-vasco/2019/02/11/5c615728fdddffcc3d8b4628.html,20190216091140
https://web.archive.org/web/20190216091140/https://www.elmundo.es/cataluna/2019/02/07/5c5c4fc921efa026518b458b.html,20190216091140
https://web.archive.org/web/20190216091140/https://www.elmundo.es/espana/2019/01/28/5c4dfe6221efa0386a8b460a.html,20190216091140
https://web.archive.org/web/20190216091140/https://www.elmundo.es/internacional/2019/01/23/5c488cd4fc6c83c6478b4649.html,20190216091140
https://web.archive.org/web/20190216091140/https://www.elmundo.es/espana/2019/01/14/5c3c561afdddffd4068b45a7.html,20190216091140
https://web.archive.org/web/20190217074401/https://www.elmundo.es/pais-vasco/2019/02/11/5c615728fdddffcc3d8b4628.html,20190217074401
https://web.archive.org/web/20190217074401/https://www.elmundo.es/cataluna/2019/02/07/5c5c4fc921efa026518b458b.html,20190217074401
https://web.archive.org/web/20190217074401/https://www.elmundo.es/espana/2019/01/28/5c4dfe6221efa0386a8b460a.html,20190217074401
https://web.archive.org/web/20190217074401/https://www.elmundo.es/internacional/2019/01/23/5c488cd4fc6c83c6478b4649.html,20190217074401
https://web.archive.org/web/20190217074401/https://www.elmundo.es/espana/2019/01/14/5c3c561afdddffd4068b45a7.html,20190217074401
https://web.archive.org/web/20190218082534/https://www.elmundo.es/pais-vasco/2019/02/11/5c615728fdddffcc3d8b4628.html,20190218082534
https://web.archive.org/web/20190218082534/https://www.elmundo.es/cataluna/2019/02/07/5c5c4fc921efa026518b458b.html,20190218082534
https://web.archive.org/web/20190218082534/https://www.elmundo.es/espana/2019/01/28/5c4dfe6221efa0386a8b460a.html,20190218082534
https://web.archive.org/web/20190218082534/https://www.elmundo.es/internacional/2019/01/23/5c488cd4fc6c83c6478b4649.html,20190218082534
https://web.archive.org/web/20190218082534/https://www.elmundo.es/espana/2019/01/14/5c3c561afdddffd4068b45a7.html,20190218082534
https://web.archive.org/web/20190219090920/https://www.elmundo.es/pais-vasco/2019/02/11/5c615728fdddffcc3d8b4628.html,20190219090920
https://web.archive.org/web/20190219090920/https://www.elmundo.es/cataluna/2019/02/07/5c5c4fc921efa026518b458b.html,20190219090920
https://web.archive.org/web/20190219090920/https://www.elmundo.es/espana/2019/01/28/5c4dfe6221efa0386a8b460a.html,20190219090920
https://web.archive.org/web/20190219090920/https://www.elmundo.es/internacional/2019/01/23/5c488cd4fc6c83c6478b4649.html,20190219090920
https://web.archive.org/web/20190219090920/https://www.elmundo.es/espana/2019/01/14/5c3c561afdddffd4068b45a7.html,20190219090920
https://web.archive.org/web/20190220123319/https://www.elmundo.es/pais-vasco/2019/02/11/5c615728fdddffcc3d8b4628.html,20190220123319
https://web.archive.org/web/20190220123319/https://www.elmundo.es/cataluna/2019/02/07/5c5c4fc921efa026518b458b.html,20190220123319
https://web.archive.org/web/20190220123319/https://www.elmundo.es/espana/2019/01/28/5c4dfe6221efa0386a8b460a.html,20190220123319
https://web.archive.org/web/20190220123319/https://www.elmundo.es/internacional/2019/01/23/5c488cd4fc6c83c6478b4649.html,20190220123319
https://web.archive.org/web/20190220123319/https://www.elmundo.es/espana/2019/01/14/5c3c561afdddffd4068b45a7.html,20190220123319
https://web.archive.org/web/20190221140926/https://www.elmundo.es/pais-vasco/2019/02/11/5c615728fdddffcc3d8b4628.html,20190221140926
https://web.archive.org/web/20190221140926/https://www.elmundo.es/cataluna/2019/02/07/5c5c4fc921efa026518b458b.html,20190221140926
https://web.archive.org/web/20190221140926/https://www.elmundo.es/espana/2019/01/28/5c4dfe6221efa0386a8b460a.html,20190221140926
https://web.archive.org/web/20190221140926/https://www.elmundo.es/internacional/2019/01/23/5c488cd4fc6c83c6478b4649.html,20190221140926
https://web.archive.org/web/20190222120359/https://www.elmundo.es/pais-vasco/2019/02/11/5c615728fdddffcc3d8b4628.html,20190222120359
https://web.archive.org/web/20190222120359/https://www.elmundo.es/cataluna/2019/02/07/5c5c4fc921efa026518b458b.html,20190222120359
https://web.archive.org/web/20190222120359/https://www.elmundo.es/espana/2019/01/28/5c4dfe6221efa0386a8b460a.html,20190222120359
https://web.archive.org/web/20190222120359/https://www.elmundo.es/internacional/2019/01/23/5c488cd4fc6c83c6478b4649.html,20190222120359
https://web.archive.org/web/20190322030248/https://www.elmundo.es/andalucia/2019/03/16/5c8d363221efa00c5a8b46a1.html,20190322030248
https://web.archive.org/web/20190322030248/https://www.elmundo.es/pais-vasco/2019/03/08/5c82663f21efa070338b4684.html,20190322030248
https://web.archive.org/web/20190322030248/https://www.elmundo.es/nosotras/2019/03/08/5c81588dfc6c83ae458b4659.html,20190322030248
https://web.archive.org/web/20190322030248/https://www.elmundo.es/cronica/2019/02/27/5c7592f8fc6c83a91e8b4624.html,20190322030248
https://web.archive.org/web/20190322030248/https://www.elmundo.es/pais-vasco/2019/02/11/5c615728fdddffcc3d8b4628.html,20190322030248
https://web.archive.org/web/20190322030248/https://www.elmundo.es/cataluna/2019/02/07/5c5c4fc921efa026518b458b.html,20190322030248
https://web.archive.org/web/20190322030248/https://www.elmundo.es/espana/2019/01/28/5c4dfe6221efa0386a8b460a.html,20190322030248
https://web.archive.org/web/20190323040609/https://www.elmundo.es/andalucia/2019/03/16/5c8d363221efa00c5a8b46a1.html,20190323040609
https://web.archive.org/web/20190323040609/https://www.elmundo.es/pais-vasco/2019/03/08/5c82663f21efa070338b4684.html,20190323040609
https://web.archive.org/web/20190323040609/https://www.elmundo.es/nosotras/2019/03/08/5c81588dfc6c83ae458b4659.html,20190323040609
https://web.archive.org/web/20190323040609/https://www.elmundo.es/cronica/2019/02/27/5c7592f8fc6c83a91e8b4624.html,20190323040609
https://web.archive.org/web/20190323040609/https://www.elmundo.es/pais-vasco/2019/02/11/5c615728fdddffcc3d8b4628.html,20190323040609
https://web.archive.org/web/20190323040609/https://www.elmundo.es/cataluna/2019/02/07/5c5c4fc921efa026518b458b.html,20190323040609
https://web.archive.org/web/20190323040609/https://www.elmundo.es/espana/2019/01/28/5c4dfe6221efa0386a8b460a.html,20190323040609
https://web.archive.org/web/20190324043915/https://www.elmundo.es/andalucia/2019/03/16/5c8d363221efa00c5a8b46a1.html,20190324043915
https://web.archive.org/web/20190324043915/https://www.elmundo.es/pais-vasco/2019/03/08/5c82663f21efa070338b4684.html,20190324043915
https://web.archive.org/web/20190324043915/https://www.elmundo.es/nosotras/2019/03/08/5c81588dfc6c83ae458b4659.html,20190324043915
https://web.archive.org/web/20190324043915/https://www.elmundo.es/cronica/2019/02/27/5c7592f8fc6c83a91e8b4624.html,20190324043915
https://web.archive.org/web/20190324043915/https://www.elmundo.es/pais-vasco/2019/02/11/5c615728fdddffcc3d8b4628.html,20190324043915
https://web.archive.org/web/20190324043915/https://www.elmundo.es/cataluna/2019/02/07/5c5c4fc921efa026518b458b.html,20190324043915
https://web.archive.org/web/20190324043915/https://www.elmundo.es/espana/2019/01/28/5c4dfe6221efa0386a8b460a.html,20190324043915
https://web.archive.org/web/20190325052030/https://www.elmundo.es/andalucia/2019/03/16/5c8d363221efa00c5a8b46a1.html,20190325052030
https://web.archive.org/web/20190325052030/https://www.elmundo.es/pais-vasco/2019/03/08/5c82663f21efa070338b4684.html,20190325052030
https://web.archive.org/web/20190325052030/https://www.elmundo.es/nosotras/2019/03/08/5c81588dfc6c83ae458b4659.html,20190325052030
https://web.archive.org/web/20190325052030/https://www.elmundo.es/cronica/2019/02/27/5c7592f8fc6c83a91e8b4624.html,20190325052030
https://web.archive.org/web/20190325052030/https://www.elmundo.es/pais-vasco/2019/02/11/5c615728fdddffcc3d8b4628.html,20190325052030
https://web.archive.org/web/20190325052030/https://www.elmundo.es/cataluna/2019/02/07/5c5c4fc921efa026518b458b.html,20190325052030
https://web.archive.org/web/20190325052030/https://www.elmundo.es/espana/2019/01/28/5c4dfe6221efa0386a8b460a.html,20190325052030
https://web.archive.org/web/20190327080711/https://www.elmundo.es/andalucia/2019/03/16/5c8d363221efa00c5a8b46a1.html,20190327080711
https://web.archive.org/web/20190327080711/https://www.elmundo.es/pais-vasco/2019/03/08/5c82663f21efa070338b4684.html,20190327080711
https://web.archive.org/web/20190327080711/https://www.elmundo.es/nosotras/2019/03/08/5c81588dfc6c83ae458b4659.html,20190327080711
https://web.archive.org/web/20190327080711/https://www.elmundo.es/cronica/2019/02/27/5c7592f8fc6c83a91e8b4624.html,20190327080711
https://web.archive.org/web/20190327080711/https://www.elmundo.es/pais-vasco/2019/02/11/5c615728fdddffcc3d8b4628.html,20190327080711
https://web.archive.org/web/20190327080711/https://www.elmundo.es/cataluna/2019/02/07/5c5c4fc921efa026518b458b.html,20190327080711
https://web.archive.org/web/20190328084937/https://www.elmundo.es/andalucia/2019/03/16/5c8d363221efa00c5a8b46a1.html,20190328084937
https://web.archive.org/web/20190328084937/https://www.elmundo.es/pais-vasco/2019/03/08/5c82663f21efa070338b4684.html,20190328084937
https://web.archive.org/web/20190328084937/https://www.elmundo.es/nosotras/2019/03/08/5c81588dfc6c83ae458b4659.html,20190328084937
https://web.archive.org/web/20190328084937/https://www.elmundo.es/cronica/2019/02/27/5c7592f8fc6c83a91e8b4624.html,20190328084937
https://web.archive.org/web/20190328084937/https://www.elmundo.es/pais-vasco/2019/02/11/5c615728fdddffcc3d8b4628.html,20190328084937
https://web.archive.org/web/20190328084937/https://www.elmundo.es/cataluna/2019/02/07/5c5c4fc921efa026518b458b.html,20190328084937
https://web.archive.org/web/20190329100840/https://www.elmundo.es/espana/2019/03/28/5c9d2152fdddff958a8b45af.html,20190329100840
https://web.archive.org/web/20190329100840/https://www.elmundo.es/andalucia/2019/03/16/5c8d363221efa00c5a8b46a1.html,20190329100840
https://web.archive.org/web/20190329100840/https://www.elmundo.es/pais-vasco/2019/03/08/5c82663f21efa070338b4684.html,20190329100840
https://web.archive.org/web/20190329100840/https://www.elmundo.es/nosotras/2019/03/08/5c81588dfc6c83ae458b4659.html,20190329100840
https://web.archive.org/web/20190329100840/https://www.elmundo.es/cronica/2019/02/27/5c7592f8fc6c83a91e8b4624.html,20190329100840
https://web.archive.org/web/20190329100840/https://www.elmundo.es/pais-vasco/2019/02/11/5c615728fdddffcc3d8b4628.html,20190329100840
https://web.archive.org/web/20190329100840/https://www.elmundo.es/cataluna/2019/02/07/5c5c4fc921efa026518b458b.html,20190329100840
https://web.archive.org/web/20190403035052/https://www.elmundo.es/espana/2019/03/28/5c9d2152fdddff958a8b45af.html,20190403035052
https://web.archive.org/web/20190403035052/https://www.elmundo.es/andalucia/2019/03/16/5c8d363221efa00c5a8b46a1.html,20190403035052
https://web.archive.org/web/20190403035052/https://www.elmundo.es/pais-vasco/2019/03/08/5c82663f21efa070338b4684.html,20190403035052
https://web.archive.org/web/20190403035052/https://www.elmundo.es/nosotras/2019/03/08/5c81588dfc6c83ae458b4659.html,20190403035052
https://web.archive.org/web/20190403035052/https://www.elmundo.es/cronica/2019/02/27/5c7592f8fc6c83a91e8b4624.html,20190403035052
https://web.archive.org/web/20190403035052/https://www.elmundo.es/pais-vasco/2019/02/11/5c615728fdddffcc3d8b4628.html,20190403035052
https://web.archive.org/web/20190403035052/https://www.elmundo.es/cataluna/2019/02/07/5c5c4fc921efa026518b458b.html,20190403035052
https://web.archive.org/web/20190407072027/https://www.elmundo.es/espana/2019/04/03/5ca4bb4cfc6c8398408b4671.html,20190407072027
https://web.archive.org/web/20190407072027/https://www.elmundo.es/internacional/2019/04/03/5ca478e021efa0af628b45ea.html,20190407072027
https://web.archive.org/web/20190407072027/https://www.elmundo.es/espana/2019/03/28/5c9d2152fdddff958a8b45af.html,20190407072027
https://web.archive.org/web/20190407072027/https://www.elmundo.es/andalucia/2019/03/16/5c8d363221efa00c5a8b46a1.html,20190407072027
https://web.archive.org/web/20190407072027/https://www.elmundo.es/pais-vasco/2019/03/08/5c82663f21efa070338b4684.html,20190407072027
https://web.archive.org/web/20190407072027/https://www.elmundo.es/nosotras/2019/03/08/5c81588dfc6c83ae458b4659.html,20190407072027
https://web.archive.org/web/20190407072027/https://www.elmundo.es/cronica/2019/02/27/5c7592f8fc6c83a91e8b4624.html,20190407072027
https://web.archive.org/web/20190407072027/https://www.elmundo.es/pais-vasco/2019/02/11/5c615728fdddffcc3d8b4628.html,20190407072027
https://web.archive.org/web/20190407072027/https://www.elmundo.es/cataluna/2019/02/07/5c5c4fc921efa026518b458b.html,20190407072027
https://web.archive.org/web/20190408081540/https://www.elmundo.es/espana/2019/04/03/5ca4bb4cfc6c8398408b4671.html,20190408081540
https://web.archive.org/web/20190408081540/https://www.elmundo.es/internacional/2019/04/03/5ca478e021efa0af628b45ea.html,20190408081540
https://web.archive.org/web/20190408081540/https://www.elmundo.es/espana/2019/03/28/5c9d2152fdddff958a8b45af.html,20190408081540
https://web.archive.org/web/20190408081540/https://www.elmundo.es/andalucia/2019/03/16/5c8d363221efa00c5a8b46a1.html,20190408081540
https://web.archive.org/web/20190408081540/https://www.elmundo.es/pais-vasco/2019/03/08/5c82663f21efa070338b4684.html,20190408081540
https://web.archive.org/web/20190408081540/https://www.elmundo.es/nosotras/2019/03/08/5c81588dfc6c83ae458b4659.html,20190408081540
https://web.archive.org/web/20190408081540/https://www.elmundo.es/cronica/2019/02/27/5c7592f8fc6c83a91e8b4624.html,20190408081540
https://web.archive.org/web/20190408081540/https://www.elmundo.es/pais-vasco/2019/02/11/5c615728fdddffcc3d8b4628.html,20190408081540
https://web.archive.org/web/20190408081540/https://www.elmundo.es/cataluna/2019/02/07/5c5c4fc921efa026518b458b.html,20190408081540
https://web.archive.org/web/20190409084555/https://www.elmundo.es/espana/2019/04/03/5ca4bb4cfc6c8398408b4671.html,20190409084555
https://web.archive.org/web/20190409084555/https://www.elmundo.es/internacional/2019/04/03/5ca478e021efa0af628b45ea.html,20190409084555
https://web.archive.org/web/20190409084555/https://www.elmundo.es/espana/2019/03/28/5c9d2152fdddff958a8b45af.html,20190409084555
https://web.archive.org/web/20190409084555/https://www.elmundo.es/andalucia/2019/03/16/5c8d363221efa00c5a8b46a1.html,20190409084555
https://web.archive.org/web/20190409084555/https://www.elmundo.es/pais-vasco/2019/03/08/5c82663f21efa070338b4684.html,20190409084555
https://web.archive.org/web/20190409084555/https://www.elmundo.es/nosotras/2019/03/08/5c81588dfc6c83ae458b4659.html,20190409084555
https://web.archive.org/web/20190409084555/https://www.elmundo.es/cronica/2019/02/27/5c7592f8fc6c83a91e8b4624.html,20190409084555
https://web.archive.org/web/20190409084555/https://www.elmundo.es/pais-vasco/2019/02/11/5c615728fdddffcc3d8b4628.html,20190409084555
https://web.archive.org/web/20190410090523/https://www.elmundo.es/espana/2019/04/03/5ca4bb4cfc6c8398408b4671.html,20190410090523
https://web.archive.org/web/20190410090523/https://www.elmundo.es/internacional/2019/04/03/5ca478e021efa0af628b45ea.html,20190410090523
https://web.archive.org/web/20190410090523/https://www.elmundo.es/espana/2019/03/28/5c9d2152fdddff958a8b45af.html,20190410090523
https://web.archive.org/web/20190410090523/https://www.elmundo.es/andalucia/2019/03/16/5c8d363221efa00c5a8b46a1.html,20190410090523
https://web.archive.org/web/20190410090523/https://www.elmundo.es/pais-vasco/2019/03/08/5c82663f21efa070338b4684.html,20190410090523
https://web.archive.org/web/20190410090523/https://www.elmundo.es/nosotras/2019/03/08/5c81588dfc6c83ae458b4659.html,20190410090523
https://web.archive.org/web/20190410090523/https://www.elmundo.es/cronica/2019/02/27/5c7592f8fc6c83a91e8b4624.html,20190410090523
https://web.archive.org/web/20190410090523/https://www.elmundo.es/pais-vasco/2019/02/11/5c615728fdddffcc3d8b4628.html,20190410090523
https://web.archive.org/web/20190411100946/https://www.elmundo.es/espana/2019/04/10/5cae31fffc6c83ad508b4608.html,20190411100946
https://web.archive.org/web/20190411100946/https://www.elmundo.es/espana/2019/04/03/5ca4bb4cfc6c8398408b4671.html,20190411100946
https://web.archive.org/web/20190411100946/https://www.elmundo.es/internacional/2019/04/03/5ca478e021efa0af628b45ea.html,20190411100946
https://web.archive.org/web/20190411100946/https://www.elmundo.es/espana/2019/03/28/5c9d2152fdddff958a8b45af.html,20190411100946
https://web.archive.org/web/20190411100946/https://www.elmundo.es/andalucia/2019/03/16/5c8d363221efa00c5a8b46a1.html,20190411100946
https://web.archive.org/web/20190411100946/https://www.elmundo.es/pais-vasco/2019/03/08/5c82663f21efa070338b4684.html,20190411100946
https://web.archive.org/web/20190411100946/https://www.elmundo.es/nosotras/2019/03/08/5c81588dfc6c83ae458b4659.html,20190411100946
https://web.archive.org/web/20190411100946/https://www.elmundo.es/cronica/2019/02/27/5c7592f8fc6c83a91e8b4624.html,20190411100946
https://web.archive.org/web/20190412111327/https://www.elmundo.es/espana/2019/04/10/5cae31fffc6c83ad508b4608.html,20190412111327
https://web.archive.org/web/20190412111327/https://www.elmundo.es/espana/2019/04/03/5ca4bb4cfc6c8398408b4671.html,20190412111327
https://web.archive.org/web/20190412111327/https://www.elmundo.es/internacional/2019/04/03/5ca478e021efa0af628b45ea.html,20190412111327
https://web.archive.org/web/20190412111327/https://www.elmundo.es/espana/2019/03/28/5c9d2152fdddff958a8b45af.html,20190412111327
https://web.archive.org/web/20190412111327/https://www.elmundo.es/andalucia/2019/03/16/5c8d363221efa00c5a8b46a1.html,20190412111327
https://web.archive.org/web/20190412111327/https://www.elmundo.es/pais-vasco/2019/03/08/5c82663f21efa070338b4684.html,20190412111327
https://web.archive.org/web/20190412111327/https://www.elmundo.es/nosotras/2019/03/08/5c81588dfc6c83ae458b4659.html,20190412111327
https://web.archive.org/web/20190412111327/https://www.elmundo.es/cronica/2019/02/27/5c7592f8fc6c83a91e8b4624.html,20190412111327
https://web.archive.org/web/20190428195340/https://www.elmundo.es/andalucia/2019/04/28/5cc5f0e3fdddff4f798b469a.html,20190428195340
https://web.archive.org/web/20190428195340/https://www.elmundo.es/espana/2019/04/10/5cae31fffc6c83ad508b4608.html,20190428195340
https://web.archive.org/web/20190428195340/https://www.elmundo.es/espana/2019/04/03/5ca4bb4cfc6c8398408b4671.html,20190428195340
https://web.archive.org/web/20190428195340/https://www.elmundo.es/internacional/2019/04/03/5ca478e021efa0af628b45ea.html,20190428195340
https://web.archive.org/web/20190428195340/https://www.elmundo.es/espana/2019/03/28/5c9d2152fdddff958a8b45af.html,20190428195340
https://web.archive.org/web/20190428195340/https://www.elmundo.es/andalucia/2019/03/16/5c8d363221efa00c5a8b46a1.html,20190428195340
https://web.archive.org/web/20190429225319/https://www.elmundo.es/andalucia/2019/04/28/5cc5f0e3fdddff4f798b469a.html,20190429225319
https://web.archive.org/web/20190429225319/https://www.elmundo.es/espana/2019/04/10/5cae31fffc6c83ad508b4608.html,20190429225319
https://web.archive.org/web/20190429225319/https://www.elmundo.es/espana/2019/04/03/5ca4bb4cfc6c8398408b4671.html,20190429225319
https://web.archive.org/web/20190429225319/https://www.elmundo.es/internacional/2019/04/03/5ca478e021efa0af628b45ea.html,20190429225319
https://web.archive.org/web/20190429225319/https://www.elmundo.es/espana/2019/03/28/5c9d2152fdddff958a8b45af.html,20190429225319
https://web.archive.org/web/20190429225319/https://www.elmundo.es/andalucia/2019/03/16/5c8d363221efa00c5a8b46a1.html,20190429225319
https://web.archive.org/web/20190502015639/https://www.elmundo.es/andalucia/2019/04/28/5cc5f0e3fdddff4f798b469a.html,20190502015639
https://web.archive.org/web/20190502015639/https://www.elmundo.es/espana/2019/04/10/5cae31fffc6c83ad508b4608.html,20190502015639
https://web.archive.org/web/20190502015639/https://www.elmundo.es/espana/2019/04/03/5ca4bb4cfc6c8398408b4671.html,20190502015639
https://web.archive.org/web/20190502015639/https://www.elmundo.es/internacional/2019/04/03/5ca478e021efa0af628b45ea.html,20190502015639
https://web.archive.org/web/20190502015639/https://www.elmundo.es/espana/2019/03/28/5c9d2152fdddff958a8b45af.html,20190502015639
https://web.archive.org/web/20190502015639/https://www.elmundo.es/andalucia/2019/03/16/5c8d363221efa00c5a8b46a1.html,20190502015639
https://web.archive.org/web/20190503021610/https://www.elmundo.es/andalucia/2019/04/28/5cc5f0e3fdddff4f798b469a.html,20190503021610
https://web.archive.org/web/20190503021610/https://www.elmundo.es/espana/2019/04/10/5cae31fffc6c83ad508b4608.html,20190503021610
https://web.archive.org/web/20190503021610/https://www.elmundo.es/espana/2019/04/03/5ca4bb4cfc6c8398408b4671.html,20190503021610
https://web.archive.org/web/20190503021610/https://www.elmundo.es/internacional/2019/04/03/5ca478e021efa0af628b45ea.html,20190503021610
https://web.archive.org/web/20190503021610/https://www.elmundo.es/espana/2019/03/28/5c9d2152fdddff958a8b45af.html,20190503021610
https://web.archive.org/web/20190503021610/https://www.elmundo.es/andalucia/2019/03/16/5c8d363221efa00c5a8b46a1.html,20190503021610
https://web.archive.org/web/20190504030546/https://www.elmundo.es/andalucia/2019/04/28/5cc5f0e3fdddff4f798b469a.html,20190504030546
https://web.archive.org/web/20190504030546/https://www.elmundo.es/espana/2019/04/10/5cae31fffc6c83ad508b4608.html,20190504030546
https://web.archive.org/web/20190504030546/https://www.elmundo.es/espana/2019/04/03/5ca4bb4cfc6c8398408b4671.html,20190504030546
https://web.archive.org/web/20190504030546/https://www.elmundo.es/internacional/2019/04/03/5ca478e021efa0af628b45ea.html,20190504030546
https://web.archive.org/web/20190504030546/https://www.elmundo.es/espana/2019/03/28/5c9d2152fdddff958a8b45af.html,20190504030546
https://web.archive.org/web/20190504030546/https://www.elmundo.es/andalucia/2019/03/16/5c8d363221efa00c5a8b46a1.html,20190504030546
https://web.archive.org/web/20190526191443/https://www.elmundo.es/opinion/2019/05/24/5ce6e4bb21efa0065c8b45c8.html,20190526191443
https://web.archive.org/web/20190526191443/https://www.elmundo.es/espana/2019/05/07/5cd1df8d21efa09e5f8b4800.html,20190526191443
https://web.archive.org/web/20190526191443/https://www.elmundo.es/andalucia/2019/05/04/5ccd6cd321efa0f3198b45d4.html,20190526191443
https://web.archive.org/web/20190526191443/https://www.elmundo.es/andalucia/2019/04/28/5cc5f0e3fdddff4f798b469a.html,20190526191443
https://web.archive.org/web/20190526191443/https://www.elmundo.es/espana/2019/04/10/5cae31fffc6c83ad508b4608.html,20190526191443
https://web.archive.org/web/20190608042850/https://www.elmundo.es/madrid/2019/05/29/5cee20a1fc6c83d0578b46e5.html,20190608042850
https://web.archive.org/web/20190608042850/https://www.elmundo.es/espana/2019/05/28/5cecfc5b21efa04c488b466d.html,20190608042850
https://web.archive.org/web/20190608042850/https://www.elmundo.es/opinion/2019/05/24/5ce6e4bb21efa0065c8b45c8.html,20190608042850
https://web.archive.org/web/20190608042850/https://www.elmundo.es/espana/2019/05/07/5cd1df8d21efa09e5f8b4800.html,20190608042850
https://web.archive.org/web/20190608042850/https://www.elmundo.es/andalucia/2019/05/04/5ccd6cd321efa0f3198b45d4.html,20190608042850
https://web.archive.org/web/20190608042850/https://www.elmundo.es/andalucia/2019/04/28/5cc5f0e3fdddff4f798b469a.html,20190608042850
https://web.archive.org/web/20190609050312/https://www.elmundo.es/andalucia/2019/06/08/5cfb8e92fc6c8344148b457f.html,20190609050312
https://web.archive.org/web/20190609050312/https://www.elmundo.es/madrid/2019/05/29/5cee20a1fc6c83d0578b46e5.html,20190609050312
https://web.archive.org/web/20190609050312/https://www.elmundo.es/espana/2019/05/28/5cecfc5b21efa04c488b466d.html,20190609050312
https://web.archive.org/web/20190609050312/https://www.elmundo.es/opinion/2019/05/24/5ce6e4bb21efa0065c8b45c8.html,20190609050312
https://web.archive.org/web/20190609050312/https://www.elmundo.es/espana/2019/05/07/5cd1df8d21efa09e5f8b4800.html,20190609050312
https://web.archive.org/web/20190609050312/https://www.elmundo.es/andalucia/2019/05/04/5ccd6cd321efa0f3198b45d4.html,20190609050312
https://web.archive.org/web/20190609050312/https://www.elmundo.es/andalucia/2019/04/28/5cc5f0e3fdddff4f798b469a.html,20190609050312
https://web.archive.org/web/20190610054132/https://www.elmundo.es/espana/2019/06/09/5cfcbc02fdddff46138b456e.html,20190610054132
https://web.archive.org/web/20190610054132/https://www.elmundo.es/andalucia/2019/06/08/5cfb8e92fc6c8344148b457f.html,20190610054132
https://web.archive.org/web/20190610054132/https://www.elmundo.es/madrid/2019/05/29/5cee20a1fc6c83d0578b46e5.html,20190610054132
https://web.archive.org/web/20190610054132/https://www.elmundo.es/espana/2019/05/28/5cecfc5b21efa04c488b466d.html,20190610054132
https://web.archive.org/web/20190610054132/https://www.elmundo.es/opinion/2019/05/24/5ce6e4bb21efa0065c8b45c8.html,20190610054132
https://web.archive.org/web/20190610054132/https://www.elmundo.es/espana/2019/05/07/5cd1df8d21efa09e5f8b4800.html,20190610054132
https://web.archive.org/web/20190610054132/https://www.elmundo.es/andalucia/2019/05/04/5ccd6cd321efa0f3198b45d4.html,20190610054132
https://web.archive.org/web/20190610054132/https://www.elmundo.es/andalucia/2019/04/28/5cc5f0e3fdddff4f798b469a.html,20190610054132
https://web.archive.org/web/20190611045632/https://www.elmundo.es/andalucia/2019/06/08/5cfb8e92fc6c8344148b457f.html,20190611045632
https://web.archive.org/web/20190611045632/https://www.elmundo.es/espana/2019/06/09/5cfcbc02fdddff46138b456e.html,20190611045632
https://web.archive.org/web/20190611045632/https://www.elmundo.es/madrid/2019/05/29/5cee20a1fc6c83d0578b46e5.html,20190611045632
https://web.archive.org/web/20190611045632/https://www.elmundo.es/espana/2019/05/28/5cecfc5b21efa04c488b466d.html,20190611045632
https://web.archive.org/web/20190611045632/https://www.elmundo.es/opinion/2019/05/24/5ce6e4bb21efa0065c8b45c8.html,20190611045632
https://web.archive.org/web/20190611045632/https://www.elmundo.es/espana/2019/05/07/5cd1df8d21efa09e5f8b4800.html,20190611045632
https://web.archive.org/web/20190611045632/https://www.elmundo.es/andalucia/2019/05/04/5ccd6cd321efa0f3198b45d4.html,20190611045632
https://web.archive.org/web/20190611045632/https://www.elmundo.es/andalucia/2019/04/28/5cc5f0e3fdddff4f798b469a.html,20190611045632
https://web.archive.org/web/20190612060827/https://www.elmundo.es/andalucia/2019/06/08/5cfb8e92fc6c8344148b457f.html,20190612060827
https://web.archive.org/web/20190612060827/https://www.elmundo.es/espana/2019/06/09/5cfcbc02fdddff46138b456e.html,20190612060827
https://web.archive.org/web/20190612060827/https://www.elmundo.es/madrid/2019/05/29/5cee20a1fc6c83d0578b46e5.html,20190612060827
https://web.archive.org/web/20190612060827/https://www.elmundo.es/espana/2019/05/28/5cecfc5b21efa04c488b466d.html,20190612060827
https://web.archive.org/web/20190612060827/https://www.elmundo.es/opinion/2019/05/24/5ce6e4bb21efa0065c8b45c8.html,20190612060827
https://web.archive.org/web/20190612060827/https://www.elmundo.es/espana/2019/05/07/5cd1df8d21efa09e5f8b4800.html,20190612060827
https://web.archive.org/web/20190612060827/https://www.elmundo.es/andalucia/2019/05/04/5ccd6cd321efa0f3198b45d4.html,20190612060827
https://web.archive.org/web/20190612060827/https://www.elmundo.es/andalucia/2019/04/28/5cc5f0e3fdddff4f798b469a.html,20190612060827
https://web.archive.org/web/20190613072231/https://www.elmundo.es/andalucia/2019/06/08/5cfb8e92fc6c8344148b457f.html,20190613072231
https://web.archive.org/web/20190613072231/https://www.elmundo.es/espana/2019/06/09/5cfcbc02fdddff46138b456e.html,20190613072231
https://web.archive.org/web/20190613072231/https://www.elmundo.es/madrid/2019/05/29/5cee20a1fc6c83d0578b46e5.html,20190613072231
https://web.archive.org/web/20190613072231/https://www.elmundo.es/espana/2019/05/28/5cecfc5b21efa04c488b466d.html,20190613072231
https://web.archive.org/web/20190613072231/https://www.elmundo.es/opinion/2019/05/24/5ce6e4bb21efa0065c8b45c8.html,20190613072231
https://web.archive.org/web/20190613072231/https://www.elmundo.es/espana/2019/05/07/5cd1df8d21efa09e5f8b4800.html,20190613072231
https://web.archive.org/web/20190613072231/https://www.elmundo.es/andalucia/2019/05/04/5ccd6cd321efa0f3198b45d4.html,20190613072231
https://web.archive.org/web/20190613072231/https://www.elmundo.es/andalucia/2019/04/28/5cc5f0e3fdddff4f798b469a.html,20190613072231
https://web.archive.org/web/20190614075724/https://www.elmundo.es/andalucia/2019/06/08/5cfb8e92fc6c8344148b457f.html,20190614075724
https://web.archive.org/web/20190614075724/https://www.elmundo.es/espana/2019/06/09/5cfcbc02fdddff46138b456e.html,20190614075724
https://web.archive.org/web/20190614075724/https://www.elmundo.es/madrid/2019/05/29/5cee20a1fc6c83d0578b46e5.html,20190614075724
https://web.archive.org/web/20190614075724/https://www.elmundo.es/espana/2019/05/28/5cecfc5b21efa04c488b466d.html,20190614075724
https://web.archive.org/web/20190614075724/https://www.elmundo.es/opinion/2019/05/24/5ce6e4bb21efa0065c8b45c8.html,20190614075724
https://web.archive.org/web/20190614075724/https://www.elmundo.es/espana/2019/05/07/5cd1df8d21efa09e5f8b4800.html,20190614075724
https://web.archive.org/web/20190614075724/https://www.elmundo.es/andalucia/2019/05/04/5ccd6cd321efa0f3198b45d4.html,20190614075724
https://web.archive.org/web/20190614075724/https://www.elmundo.es/andalucia/2019/04/28/5cc5f0e3fdddff4f798b469a.html,20190614075724
https://web.archive.org/web/20190617102313/https://www.elmundo.es/andalucia/2019/06/08/5cfb8e92fc6c8344148b457f.html,20190617102313
https://web.archive.org/web/20190617102313/https://www.elmundo.es/espana/2019/06/09/5cfcbc02fdddff46138b456e.html,20190617102313
https://web.archive.org/web/20190617102313/https://www.elmundo.es/madrid/2019/05/29/5cee20a1fc6c83d0578b46e5.html,20190617102313
https://web.archive.org/web/20190617102313/https://www.elmundo.es/espana/2019/05/28/5cecfc5b21efa04c488b466d.html,20190617102313
https://web.archive.org/web/20190617102313/https://www.elmundo.es/opinion/2019/05/24/5ce6e4bb21efa0065c8b45c8.html,20190617102313
https://web.archive.org/web/20190617102313/https://www.elmundo.es/espana/2019/05/07/5cd1df8d21efa09e5f8b4800.html,20190617102313
https://web.archive.org/web/20190617102313/https://www.elmundo.es/andalucia/2019/05/04/5ccd6cd321efa0f3198b45d4.html,20190617102313
https://web.archive.org/web/20190617102313/https://www.elmundo.es/andalucia/2019/04/28/5cc5f0e3fdddff4f798b469a.html,20190617102313
https://web.archive.org/web/20190618165133/https://www.elmundo.es/comunidad-valenciana/castellon/2019/06/18/5d08e8d7fdddff33048b4628.html,20190618165133
https://web.archive.org/web/20190618165133/https://www.elmundo.es/andalucia/2019/06/08/5cfb8e92fc6c8344148b457f.html,20190618165133
https://web.archive.org/web/20190618165133/https://www.elmundo.es/espana/2019/06/09/5cfcbc02fdddff46138b456e.html,20190618165133
https://web.archive.org/web/20190618165133/https://www.elmundo.es/madrid/2019/05/29/5cee20a1fc6c83d0578b46e5.html,20190618165133
https://web.archive.org/web/20190618165133/https://www.elmundo.es/espana/2019/05/28/5cecfc5b21efa04c488b466d.html,20190618165133
https://web.archive.org/web/20190618165133/https://www.elmundo.es/opinion/2019/05/24/5ce6e4bb21efa0065c8b45c8.html,20190618165133
https://web.archive.org/web/20190618165133/https://www.elmundo.es/espana/2019/05/07/5cd1df8d21efa09e5f8b4800.html,20190618165133
https://web.archive.org/web/20190618165133/https://www.elmundo.es/andalucia/2019/05/04/5ccd6cd321efa0f3198b45d4.html,20190618165133
https://web.archive.org/web/20190618165133/https://www.elmundo.es/andalucia/2019/04/28/5cc5f0e3fdddff4f798b469a.html,20190618165133
https://web.archive.org/web/20190620124725/https://www.elmundo.es/cultura/cine/2019/06/19/5d09f902fdddffafb88b4575.html,20190620124725
https://web.archive.org/web/20190620124725/https://www.elmundo.es/comunidad-valenciana/castellon/2019/06/18/5d08e8d7fdddff33048b4628.html,20190620124725
https://web.archive.org/web/20190620124725/https://www.elmundo.es/andalucia/2019/06/08/5cfb8e92fc6c8344148b457f.html,20190620124725
https://web.archive.org/web/20190620124725/https://www.elmundo.es/espana/2019/06/09/5cfcbc02fdddff46138b456e.html,20190620124725
https://web.archive.org/web/20190620124725/https://www.elmundo.es/madrid/2019/05/29/5cee20a1fc6c83d0578b46e5.html,20190620124725
https://web.archive.org/web/20190620124725/https://www.elmundo.es/espana/2019/05/28/5cecfc5b21efa04c488b466d.html,20190620124725
https://web.archive.org/web/20190620124725/https://www.elmundo.es/opinion/2019/05/24/5ce6e4bb21efa0065c8b45c8.html,20190620124725
https://web.archive.org/web/20190620124725/https://www.elmundo.es/espana/2019/05/07/5cd1df8d21efa09e5f8b4800.html,20190620124725
https://web.archive.org/web/20190620124725/https://www.elmundo.es/andalucia/2019/05/04/5ccd6cd321efa0f3198b45d4.html,20190620124725
https://web.archive.org/web/20190621121852/https://www.elmundo.es/cultura/cine/2019/06/19/5d09f902fdddffafb88b4575.html,20190621121852
https://web.archive.org/web/20190621121852/https://www.elmundo.es/comunidad-valenciana/castellon/2019/06/18/5d08e8d7fdddff33048b4628.html,20190621121852
https://web.archive.org/web/20190621121852/https://www.elmundo.es/andalucia/2019/06/08/5cfb8e92fc6c8344148b457f.html,20190621121852
https://web.archive.org/web/20190621121852/https://www.elmundo.es/espana/2019/06/09/5cfcbc02fdddff46138b456e.html,20190621121852
https://web.archive.org/web/20190621121852/https://www.elmundo.es/madrid/2019/05/29/5cee20a1fc6c83d0578b46e5.html,20190621121852
https://web.archive.org/web/20190621121852/https://www.elmundo.es/espana/2019/05/28/5cecfc5b21efa04c488b466d.html,20190621121852
https://web.archive.org/web/20190621121852/https://www.elmundo.es/opinion/2019/05/24/5ce6e4bb21efa0065c8b45c8.html,20190621121852
https://web.archive.org/web/20190621121852/https://www.elmundo.es/espana/2019/05/07/5cd1df8d21efa09e5f8b4800.html,20190621121852
https://web.archive.org/web/20190621121852/https://www.elmundo.es/andalucia/2019/05/04/5ccd6cd321efa0f3198b45d4.html,20190621121852
https://web.archive.org/web/20190622123053/https://www.elmundo.es/cultura/cine/2019/06/19/5d09f902fdddffafb88b4575.html,20190622123053
https://web.archive.org/web/20190622123053/https://www.elmundo.es/comunidad-valenciana/castellon/2019/06/18/5d08e8d7fdddff33048b4628.html,20190622123053
https://web.archive.org/web/20190622123053/https://www.elmundo.es/andalucia/2019/06/08/5cfb8e92fc6c8344148b457f.html,20190622123053
https://web.archive.org/web/20190622123053/https://www.elmundo.es/espana/2019/06/09/5cfcbc02fdddff46138b456e.html,20190622123053
https://web.archive.org/web/20190622123053/https://www.elmundo.es/madrid/2019/05/29/5cee20a1fc6c83d0578b46e5.html,20190622123053
https://web.archive.org/web/20190622123053/https://www.elmundo.es/espana/2019/05/28/5cecfc5b21efa04c488b466d.html,20190622123053
https://web.archive.org/web/20190622123053/https://www.elmundo.es/opinion/2019/05/24/5ce6e4bb21efa0065c8b45c8.html,20190622123053
https://web.archive.org/web/20190622123053/https://www.elmundo.es/espana/2019/05/07/5cd1df8d21efa09e5f8b4800.html,20190622123053
https://web.archive.org/web/20190622123053/https://www.elmundo.es/andalucia/2019/05/04/5ccd6cd321efa0f3198b45d4.html,20190622123053
https://web.archive.org/web/20190623125604/https://www.elmundo.es/cultura/cine/2019/06/19/5d09f902fdddffafb88b4575.html,20190623125604
https://web.archive.org/web/20190623125604/https://www.elmundo.es/comunidad-valenciana/castellon/2019/06/18/5d08e8d7fdddff33048b4628.html,20190623125604
https://web.archive.org/web/20190623125604/https://www.elmundo.es/andalucia/2019/06/08/5cfb8e92fc6c8344148b457f.html,20190623125604
https://web.archive.org/web/20190623125604/https://www.elmundo.es/espana/2019/06/09/5cfcbc02fdddff46138b456e.html,20190623125604
https://web.archive.org/web/20190623125604/https://www.elmundo.es/madrid/2019/05/29/5cee20a1fc6c83d0578b46e5.html,20190623125604
https://web.archive.org/web/20190623125604/https://www.elmundo.es/espana/2019/05/28/5cecfc5b21efa04c488b466d.html,20190623125604
https://web.archive.org/web/20190623125604/https://www.elmundo.es/opinion/2019/05/24/5ce6e4bb21efa0065c8b45c8.html,20190623125604
https://web.archive.org/web/20190623125604/https://www.elmundo.es/espana/2019/05/07/5cd1df8d21efa09e5f8b4800.html,20190623125604
https://web.archive.org/web/20190623125604/https://www.elmundo.es/andalucia/2019/05/04/5ccd6cd321efa0f3198b45d4.html,20190623125604
https://web.archive.org/web/20190624132502/https://www.elmundo.es/cultura/cine/2019/06/19/5d09f902fdddffafb88b4575.html,20190624132502
https://web.archive.org/web/20190624132502/https://www.elmundo.es/comunidad-valenciana/castellon/2019/06/18/5d08e8d7fdddff33048b4628.html,20190624132502
https://web.archive.org/web/20190624132502/https://www.elmundo.es/andalucia/2019/06/08/5cfb8e92fc6c8344148b457f.html,20190624132502
https://web.archive.org/web/20190624132502/https://www.elmundo.es/espana/2019/06/09/5cfcbc02fdddff46138b456e.html,20190624132502
https://web.archive.org/web/20190624132502/https://www.elmundo.es/madrid/2019/05/29/5cee20a1fc6c83d0578b46e5.html,20190624132502
https://web.archive.org/web/20190624132502/https://www.elmundo.es/espana/2019/05/28/5cecfc5b21efa04c488b466d.html,20190624132502
https://web.archive.org/web/20190624132502/https://www.elmundo.es/opinion/2019/05/24/5ce6e4bb21efa0065c8b45c8.html,20190624132502
https://web.archive.org/web/20190624132502/https://www.elmundo.es/espana/2019/05/07/5cd1df8d21efa09e5f8b4800.html,20190624132502
https://web.archive.org/web/20190624132502/https://www.elmundo.es/andalucia/2019/05/04/5ccd6cd321efa0f3198b45d4.html,20190624132502
https://web.archive.org/web/20190626235837/https://www.elmundo.es/cultura/cine/2019/06/19/5d09f902fdddffafb88b4575.html,20190626235837
https://web.archive.org/web/20190626235837/https://www.elmundo.es/comunidad-valenciana/castellon/2019/06/18/5d08e8d7fdddff33048b4628.html,20190626235837
https://web.archive.org/web/20190626235837/https://www.elmundo.es/andalucia/2019/06/08/5cfb8e92fc6c8344148b457f.html,20190626235837
https://web.archive.org/web/20190626235837/https://www.elmundo.es/espana/2019/06/09/5cfcbc02fdddff46138b456e.html,20190626235837
https://web.archive.org/web/20190626235837/https://www.elmundo.es/madrid/2019/05/29/5cee20a1fc6c83d0578b46e5.html,20190626235837
https://web.archive.org/web/20190626235837/https://www.elmundo.es/espana/2019/05/28/5cecfc5b21efa04c488b466d.html,20190626235837
https://web.archive.org/web/20190626235837/https://www.elmundo.es/opinion/2019/05/24/5ce6e4bb21efa0065c8b45c8.html,20190626235837
https://web.archive.org/web/20190626235837/https://www.elmundo.es/espana/2019/05/07/5cd1df8d21efa09e5f8b4800.html,20190626235837
https://web.archive.org/web/20190626235837/https://www.elmundo.es/andalucia/2019/05/04/5ccd6cd321efa0f3198b45d4.html,20190626235837
https://web.archive.org/web/20190628081418/https://www.elmundo.es/cultura/cine/2019/06/19/5d09f902fdddffafb88b4575.html,20190628081418
https://web.archive.org/web/20190628081418/https://www.elmundo.es/comunidad-valenciana/castellon/2019/06/18/5d08e8d7fdddff33048b4628.html,20190628081418
https://web.archive.org/web/20190628081418/https://www.elmundo.es/andalucia/2019/06/08/5cfb8e92fc6c8344148b457f.html,20190628081418
https://web.archive.org/web/20190628081418/https://www.elmundo.es/espana/2019/06/09/5cfcbc02fdddff46138b456e.html,20190628081418
https://web.archive.org/web/20190628081418/https://www.elmundo.es/madrid/2019/05/29/5cee20a1fc6c83d0578b46e5.html,20190628081418
https://web.archive.org/web/20190628081418/https://www.elmundo.es/espana/2019/05/28/5cecfc5b21efa04c488b466d.html,20190628081418
https://web.archive.org/web/20190628081418/https://www.elmundo.es/opinion/2019/05/24/5ce6e4bb21efa0065c8b45c8.html,20190628081418
https://web.archive.org/web/20190628081418/https://www.elmundo.es/espana/2019/05/07/5cd1df8d21efa09e5f8b4800.html,20190628081418
https://web.archive.org/web/20190629024921/https://www.elmundo.es/cultura/cine/2019/06/19/5d09f902fdddffafb88b4575.html,20190629024921
https://web.archive.org/web/20190629024921/https://www.elmundo.es/comunidad-valenciana/castellon/2019/06/18/5d08e8d7fdddff33048b4628.html,20190629024921
https://web.archive.org/web/20190629024921/https://www.elmundo.es/andalucia/2019/06/08/5cfb8e92fc6c8344148b457f.html,20190629024921
https://web.archive.org/web/20190629024921/https://www.elmundo.es/espana/2019/06/09/5cfcbc02fdddff46138b456e.html,20190629024921
https://web.archive.org/web/20190629024921/https://www.elmundo.es/madrid/2019/05/29/5cee20a1fc6c83d0578b46e5.html,20190629024921
https://web.archive.org/web/20190629024921/https://www.elmundo.es/espana/2019/05/28/5cecfc5b21efa04c488b466d.html,20190629024921
https://web.archive.org/web/20190629024921/https://www.elmundo.es/opinion/2019/05/24/5ce6e4bb21efa0065c8b45c8.html,20190629024921
https://web.archive.org/web/20190629024921/https://www.elmundo.es/espana/2019/05/07/5cd1df8d21efa09e5f8b4800.html,20190629024921
https://web.archive.org/web/20190630023049/https://www.elmundo.es/cultura/cine/2019/06/19/5d09f902fdddffafb88b4575.html,20190630023049
https://web.archive.org/web/20190630023049/https://www.elmundo.es/comunidad-valenciana/castellon/2019/06/18/5d08e8d7fdddff33048b4628.html,20190630023049
https://web.archive.org/web/20190630023049/https://www.elmundo.es/andalucia/2019/06/08/5cfb8e92fc6c8344148b457f.html,20190630023049
https://web.archive.org/web/20190630023049/https://www.elmundo.es/espana/2019/06/09/5cfcbc02fdddff46138b456e.html,20190630023049
https://web.archive.org/web/20190630023049/https://www.elmundo.es/madrid/2019/05/29/5cee20a1fc6c83d0578b46e5.html,20190630023049
https://web.archive.org/web/20190630023049/https://www.elmundo.es/espana/2019/05/28/5cecfc5b21efa04c488b466d.html,20190630023049
https://web.archive.org/web/20190630023049/https://www.elmundo.es/opinion/2019/05/24/5ce6e4bb21efa0065c8b45c8.html,20190630023049
https://web.archive.org/web/20190630023049/https://www.elmundo.es/espana/2019/05/07/5cd1df8d21efa09e5f8b4800.html,20190630023049
https://web.archive.org/web/20190712110502/https://www.elmundo.es/cultura/cine/2019/06/19/5d09f902fdddffafb88b4575.html,20190712110502
https://web.archive.org/web/20190712110502/https://www.elmundo.es/comunidad-valenciana/castellon/2019/06/18/5d08e8d7fdddff33048b4628.html,20190712110502
https://web.archive.org/web/20190712110502/https://www.elmundo.es/andalucia/2019/06/08/5cfb8e92fc6c8344148b457f.html,20190712110502
https://web.archive.org/web/20190712110502/https://www.elmundo.es/espana/2019/06/09/5cfcbc02fdddff46138b456e.html,20190712110502
https://web.archive.org/web/20190712110502/https://www.elmundo.es/madrid/2019/05/29/5cee20a1fc6c83d0578b46e5.html,20190712110502
https://web.archive.org/web/20190712110502/https://www.elmundo.es/espana/2019/05/28/5cecfc5b21efa04c488b466d.html,20190712110502
https://web.archive.org/web/20190712110502/https://www.elmundo.es/opinion/2019/05/24/5ce6e4bb21efa0065c8b45c8.html,20190712110502
https://web.archive.org/web/20190801005948/https://www.elmundo.es/espana/2019/07/30/5d3fec1ffc6c8323528b4665.html,20190801005948
https://web.archive.org/web/20190801005948/https://www.elmundo.es/comunidad-valenciana/castellon/2019/07/14/5d2b6975fc6c83a34e8b461c.html,20190801005948
https://web.archive.org/web/20190801005948/https://www.elmundo.es/cultura/cine/2019/06/19/5d09f902fdddffafb88b4575.html,20190801005948
https://web.archive.org/web/20190801005948/https://www.elmundo.es/comunidad-valenciana/castellon/2019/06/18/5d08e8d7fdddff33048b4628.html,20190801005948
https://web.archive.org/web/20190817162317/https://www.elmundo.es/espana/2019/08/11/5d5003f1fdddff1e958b45e6.html,20190817162317
https://web.archive.org/web/20190817162317/https://www.elmundo.es/espana/2019/08/09/5d4c751efc6c83e1308b460b.html,20190817162317
https://web.archive.org/web/20190817162317/https://www.elmundo.es/opinion/2019/08/09/5d4c4b64fc6c83856c8b4576.html,20190817162317
https://web.archive.org/web/20190817162317/https://www.elmundo.es/pais-vasco/2019/08/08/5d4bef79fdddff4d058b468b.html,20190817162317
https://web.archive.org/web/20190817162317/https://www.elmundo.es/andalucia/2019/08/05/5d48467d21efa07d448b4834.html,20190817162317
https://web.archive.org/web/20190817162317/https://www.elmundo.es/espana/2019/07/30/5d3fec1ffc6c8323528b4665.html,20190817162317
https://web.archive.org/web/20190817162317/https://www.elmundo.es/comunidad-valenciana/castellon/2019/07/14/5d2b6975fc6c83a34e8b461c.html,20190817162317
https://web.archive.org/web/20190818164929/https://www.elmundo.es/espana/2019/08/11/5d5003f1fdddff1e958b45e6.html,20190818164929
https://web.archive.org/web/20190818164929/https://www.elmundo.es/espana/2019/08/09/5d4c751efc6c83e1308b460b.html,20190818164929
https://web.archive.org/web/20190818164929/https://www.elmundo.es/opinion/2019/08/09/5d4c4b64fc6c83856c8b4576.html,20190818164929
https://web.archive.org/web/20190818164929/https://www.elmundo.es/pais-vasco/2019/08/08/5d4bef79fdddff4d058b468b.html,20190818164929
https://web.archive.org/web/20190818164929/https://www.elmundo.es/andalucia/2019/08/05/5d48467d21efa07d448b4834.html,20190818164929
https://web.archive.org/web/20190818164929/https://www.elmundo.es/espana/2019/07/30/5d3fec1ffc6c8323528b4665.html,20190818164929
https://web.archive.org/web/20190818164929/https://www.elmundo.es/comunidad-valenciana/castellon/2019/07/14/5d2b6975fc6c83a34e8b461c.html,20190818164929
https://web.archive.org/web/20190818164929/https://www.elmundo.es/espana/2019/08/17/5d584b69fc6c83c9348b457f.html,20190818164929
https://web.archive.org/web/20190819173557/https://www.elmundo.es/espana/2019/08/11/5d5003f1fdddff1e958b45e6.html,20190819173557
https://web.archive.org/web/20190819173557/https://www.elmundo.es/espana/2019/08/09/5d4c751efc6c83e1308b460b.html,20190819173557
https://web.archive.org/web/20190819173557/https://www.elmundo.es/opinion/2019/08/09/5d4c4b64fc6c83856c8b4576.html,20190819173557
https://web.archive.org/web/20190819173557/https://www.elmundo.es/pais-vasco/2019/08/08/5d4bef79fdddff4d058b468b.html,20190819173557
https://web.archive.org/web/20190819173557/https://www.elmundo.es/andalucia/2019/08/05/5d48467d21efa07d448b4834.html,20190819173557
https://web.archive.org/web/20190819173557/https://www.elmundo.es/espana/2019/07/30/5d3fec1ffc6c8323528b4665.html,20190819173557
https://web.archive.org/web/20190819173557/https://www.elmundo.es/comunidad-valenciana/castellon/2019/07/14/5d2b6975fc6c83a34e8b461c.html,20190819173557
https://web.archive.org/web/20190820183151/https://www.elmundo.es/espana/2019/08/11/5d5003f1fdddff1e958b45e6.html,20190820183151
https://web.archive.org/web/20190820183151/https://www.elmundo.es/espana/2019/08/09/5d4c751efc6c83e1308b460b.html,20190820183151
https://web.archive.org/web/20190820183151/https://www.elmundo.es/opinion/2019/08/09/5d4c4b64fc6c83856c8b4576.html,20190820183151
https://web.archive.org/web/20190820183151/https://www.elmundo.es/pais-vasco/2019/08/08/5d4bef79fdddff4d058b468b.html,20190820183151
https://web.archive.org/web/20190820183151/https://www.elmundo.es/andalucia/2019/08/05/5d48467d21efa07d448b4834.html,20190820183151
https://web.archive.org/web/20190820183151/https://www.elmundo.es/espana/2019/07/30/5d3fec1ffc6c8323528b4665.html,20190820183151
https://web.archive.org/web/20190820183151/https://www.elmundo.es/comunidad-valenciana/castellon/2019/07/14/5d2b6975fc6c83a34e8b461c.html,20190820183151
https://web.archive.org/web/20190821192923/https://www.elmundo.es/espana/2019/08/11/5d5003f1fdddff1e958b45e6.html,20190821192923
https://web.archive.org/web/20190821192923/https://www.elmundo.es/espana/2019/08/09/5d4c751efc6c83e1308b460b.html,20190821192923
https://web.archive.org/web/20190821192923/https://www.elmundo.es/opinion/2019/08/09/5d4c4b64fc6c83856c8b4576.html,20190821192923
https://web.archive.org/web/20190821192923/https://www.elmundo.es/pais-vasco/2019/08/08/5d4bef79fdddff4d058b468b.html,20190821192923
https://web.archive.org/web/20190821192923/https://www.elmundo.es/andalucia/2019/08/05/5d48467d21efa07d448b4834.html,20190821192923
https://web.archive.org/web/20190821192923/https://www.elmundo.es/espana/2019/07/30/5d3fec1ffc6c8323528b4665.html,20190821192923
https://web.archive.org/web/20190821192923/https://www.elmundo.es/comunidad-valenciana/castellon/2019/07/14/5d2b6975fc6c83a34e8b461c.html,20190821192923
https://web.archive.org/web/20190822201018/https://www.elmundo.es/espana/2019/08/11/5d5003f1fdddff1e958b45e6.html,20190822201018
https://web.archive.org/web/20190822201018/https://www.elmundo.es/espana/2019/08/09/5d4c751efc6c83e1308b460b.html,20190822201018
https://web.archive.org/web/20190822201018/https://www.elmundo.es/opinion/2019/08/09/5d4c4b64fc6c83856c8b4576.html,20190822201018
https://web.archive.org/web/20190822201018/https://www.elmundo.es/pais-vasco/2019/08/08/5d4bef79fdddff4d058b468b.html,20190822201018
https://web.archive.org/web/20190822201018/https://www.elmundo.es/andalucia/2019/08/05/5d48467d21efa07d448b4834.html,20190822201018
https://web.archive.org/web/20190822201018/https://www.elmundo.es/espana/2019/07/30/5d3fec1ffc6c8323528b4665.html,20190822201018
https://web.archive.org/web/20190822201018/https://www.elmundo.es/comunidad-valenciana/castellon/2019/07/14/5d2b6975fc6c83a34e8b461c.html,20190822201018
https://web.archive.org/web/20190825222656/https://www.elmundo.es/espana/2019/08/11/5d5003f1fdddff1e958b45e6.html,20190825222656
https://web.archive.org/web/20190825222656/https://www.elmundo.es/espana/2019/08/09/5d4c751efc6c83e1308b460b.html,20190825222656
https://web.archive.org/web/20190825222656/https://www.elmundo.es/opinion/2019/08/09/5d4c4b64fc6c83856c8b4576.html,20190825222656
https://web.archive.org/web/20190825222656/https://www.elmundo.es/pais-vasco/2019/08/08/5d4bef79fdddff4d058b468b.html,20190825222656
https://web.archive.org/web/20190825222656/https://www.elmundo.es/andalucia/2019/08/05/5d48467d21efa07d448b4834.html,20190825222656
https://web.archive.org/web/20190825222656/https://www.elmundo.es/espana/2019/07/30/5d3fec1ffc6c8323528b4665.html,20190825222656
https://web.archive.org/web/20190825222656/https://www.elmundo.es/comunidad-valenciana/castellon/2019/07/14/5d2b6975fc6c83a34e8b461c.html,20190825222656
https://web.archive.org/web/20190829002203/https://www.elmundo.es/comunidad-valenciana/castellon/2019/08/26/5d63ed3afc6c83f32f8b4645.html,20190829002203
https://web.archive.org/web/20190829002203/https://www.elmundo.es/espana/2019/08/11/5d5003f1fdddff1e958b45e6.html,20190829002203
https://web.archive.org/web/20190829002203/https://www.elmundo.es/espana/2019/08/09/5d4c751efc6c83e1308b460b.html,20190829002203
https://web.archive.org/web/20190829002203/https://www.elmundo.es/opinion/2019/08/09/5d4c4b64fc6c83856c8b4576.html,20190829002203
https://web.archive.org/web/20190829002203/https://www.elmundo.es/pais-vasco/2019/08/08/5d4bef79fdddff4d058b468b.html,20190829002203
https://web.archive.org/web/20190829002203/https://www.elmundo.es/andalucia/2019/08/05/5d48467d21efa07d448b4834.html,20190829002203
https://web.archive.org/web/20190829002203/https://www.elmundo.es/espana/2019/07/30/5d3fec1ffc6c8323528b4665.html,20190829002203
https://web.archive.org/web/20190829002203/https://www.elmundo.es/comunidad-valenciana/castellon/2019/07/14/5d2b6975fc6c83a34e8b461c.html,20190829002203
https://web.archive.org/web/20190902033519/https://www.elmundo.es/comunidad-valenciana/castellon/2019/08/26/5d63ed3afc6c83f32f8b4645.html,20190902033519
https://web.archive.org/web/20190902033519/https://www.elmundo.es/espana/2019/08/11/5d5003f1fdddff1e958b45e6.html,20190902033519
https://web.archive.org/web/20190902033519/https://www.elmundo.es/espana/2019/08/09/5d4c751efc6c83e1308b460b.html,20190902033519
https://web.archive.org/web/20190902033519/https://www.elmundo.es/opinion/2019/08/09/5d4c4b64fc6c83856c8b4576.html,20190902033519
https://web.archive.org/web/20190902033519/https://www.elmundo.es/pais-vasco/2019/08/08/5d4bef79fdddff4d058b468b.html,20190902033519
https://web.archive.org/web/20190902033519/https://www.elmundo.es/andalucia/2019/08/05/5d48467d21efa07d448b4834.html,20190902033519
https://web.archive.org/web/20190902033519/https://www.elmundo.es/espana/2019/07/30/5d3fec1ffc6c8323528b4665.html,20190902033519
https://web.archive.org/web/20190902033519/https://www.elmundo.es/comunidad-valenciana/castellon/2019/07/14/5d2b6975fc6c83a34e8b461c.html,20190902033519
https://web.archive.org/web/20190905053626/https://www.elmundo.es/comunidad-valenciana/castellon/2019/08/26/5d63ed3afc6c83f32f8b4645.html,20190905053626
https://web.archive.org/web/20190905053626/https://www.elmundo.es/espana/2019/08/11/5d5003f1fdddff1e958b45e6.html,20190905053626
https://web.archive.org/web/20190905053626/https://www.elmundo.es/espana/2019/08/09/5d4c751efc6c83e1308b460b.html,20190905053626
https://web.archive.org/web/20190905053626/https://www.elmundo.es/opinion/2019/08/09/5d4c4b64fc6c83856c8b4576.html,20190905053626
https://web.archive.org/web/20190905053626/https://www.elmundo.es/pais-vasco/2019/08/08/5d4bef79fdddff4d058b468b.html,20190905053626
https://web.archive.org/web/20190905053626/https://www.elmundo.es/andalucia/2019/08/05/5d48467d21efa07d448b4834.html,20190905053626
https://web.archive.org/web/20190905053626/https://www.elmundo.es/espana/2019/07/30/5d3fec1ffc6c8323528b4665.html,20190905053626
https://web.archive.org/web/20190905053626/https://www.elmundo.es/comunidad-valenciana/castellon/2019/07/14/5d2b6975fc6c83a34e8b461c.html,20190905053626
https://web.archive.org/web/20190906064932/https://www.elmundo.es/comunidad-valenciana/castellon/2019/08/26/5d63ed3afc6c83f32f8b4645.html,20190906064932
https://web.archive.org/web/20190906064932/https://www.elmundo.es/espana/2019/08/11/5d5003f1fdddff1e958b45e6.html,20190906064932
https://web.archive.org/web/20190906064932/https://www.elmundo.es/espana/2019/08/09/5d4c751efc6c83e1308b460b.html,20190906064932
https://web.archive.org/web/20190906064932/https://www.elmundo.es/opinion/2019/08/09/5d4c4b64fc6c83856c8b4576.html,20190906064932
https://web.archive.org/web/20190906064932/https://www.elmundo.es/pais-vasco/2019/08/08/5d4bef79fdddff4d058b468b.html,20190906064932
https://web.archive.org/web/20190906064932/https://www.elmundo.es/andalucia/2019/08/05/5d48467d21efa07d448b4834.html,20190906064932
https://web.archive.org/web/20190906064932/https://www.elmundo.es/espana/2019/07/30/5d3fec1ffc6c8323528b4665.html,20190906064932
https://web.archive.org/web/20190906064932/https://www.elmundo.es/comunidad-valenciana/castellon/2019/07/14/5d2b6975fc6c83a34e8b461c.html,20190906064932
https://web.archive.org/web/20190907072909/https://www.elmundo.es/comunidad-valenciana/castellon/2019/08/26/5d63ed3afc6c83f32f8b4645.html,20190907072909
https://web.archive.org/web/20190907072909/https://www.elmundo.es/espana/2019/08/11/5d5003f1fdddff1e958b45e6.html,20190907072909
https://web.archive.org/web/20190907072909/https://www.elmundo.es/espana/2019/08/09/5d4c751efc6c83e1308b460b.html,20190907072909
https://web.archive.org/web/20190907072909/https://www.elmundo.es/opinion/2019/08/09/5d4c4b64fc6c83856c8b4576.html,20190907072909
https://web.archive.org/web/20190907072909/https://www.elmundo.es/pais-vasco/2019/08/08/5d4bef79fdddff4d058b468b.html,20190907072909
https://web.archive.org/web/20190907072909/https://www.elmundo.es/andalucia/2019/08/05/5d48467d21efa07d448b4834.html,20190907072909
https://web.archive.org/web/20190907072909/https://www.elmundo.es/espana/2019/07/30/5d3fec1ffc6c8323528b4665.html,20190907072909
https://web.archive.org/web/20190907072909/https://www.elmundo.es/comunidad-valenciana/castellon/2019/07/14/5d2b6975fc6c83a34e8b461c.html,20190907072909
https://web.archive.org/web/20190908084754/https://www.elmundo.es/comunidad-valenciana/castellon/2019/08/26/5d63ed3afc6c83f32f8b4645.html,20190908084754
https://web.archive.org/web/20190908084754/https://www.elmundo.es/espana/2019/08/11/5d5003f1fdddff1e958b45e6.html,20190908084754
https://web.archive.org/web/20190908084754/https://www.elmundo.es/espana/2019/08/09/5d4c751efc6c83e1308b460b.html,20190908084754
https://web.archive.org/web/20190908084754/https://www.elmundo.es/opinion/2019/08/09/5d4c4b64fc6c83856c8b4576.html,20190908084754
https://web.archive.org/web/20190908084754/https://www.elmundo.es/pais-vasco/2019/08/08/5d4bef79fdddff4d058b468b.html,20190908084754
https://web.archive.org/web/20190908084754/https://www.elmundo.es/andalucia/2019/08/05/5d48467d21efa07d448b4834.html,20190908084754
https://web.archive.org/web/20190908084754/https://www.elmundo.es/espana/2019/07/30/5d3fec1ffc6c8323528b4665.html,20190908084754
https://web.archive.org/web/20190908084754/https://www.elmundo.es/comunidad-valenciana/castellon/2019/07/14/5d2b6975fc6c83a34e8b461c.html,20190908084754
https://web.archive.org/web/20190909094435/https://www.elmundo.es/comunidad-valenciana/castellon/2019/08/26/5d63ed3afc6c83f32f8b4645.html,20190909094435
https://web.archive.org/web/20190909094435/https://www.elmundo.es/espana/2019/08/11/5d5003f1fdddff1e958b45e6.html,20190909094435
https://web.archive.org/web/20190909094435/https://www.elmundo.es/espana/2019/08/09/5d4c751efc6c83e1308b460b.html,20190909094435
https://web.archive.org/web/20190909094435/https://www.elmundo.es/opinion/2019/08/09/5d4c4b64fc6c83856c8b4576.html,20190909094435
https://web.archive.org/web/20190909094435/https://www.elmundo.es/pais-vasco/2019/08/08/5d4bef79fdddff4d058b468b.html,20190909094435
https://web.archive.org/web/20190909094435/https://www.elmundo.es/andalucia/2019/08/05/5d48467d21efa07d448b4834.html,20190909094435
https://web.archive.org/web/20190909094435/https://www.elmundo.es/espana/2019/07/30/5d3fec1ffc6c8323528b4665.html,20190909094435
https://web.archive.org/web/20190909094435/https://www.elmundo.es/comunidad-valenciana/castellon/2019/07/14/5d2b6975fc6c83a34e8b461c.html,20190909094435
https://web.archive.org/web/20190910094544/https://www.elmundo.es/comunidad-valenciana/castellon/2019/08/26/5d63ed3afc6c83f32f8b4645.html,20190910094544
https://web.archive.org/web/20190910094544/https://www.elmundo.es/espana/2019/08/11/5d5003f1fdddff1e958b45e6.html,20190910094544
https://web.archive.org/web/20190910094544/https://www.elmundo.es/espana/2019/08/09/5d4c751efc6c83e1308b460b.html,20190910094544
https://web.archive.org/web/20190910094544/https://www.elmundo.es/opinion/2019/08/09/5d4c4b64fc6c83856c8b4576.html,20190910094544
https://web.archive.org/web/20190910094544/https://www.elmundo.es/pais-vasco/2019/08/08/5d4bef79fdddff4d058b468b.html,20190910094544
https://web.archive.org/web/20190910094544/https://www.elmundo.es/andalucia/2019/08/05/5d48467d21efa07d448b4834.html,20190910094544
https://web.archive.org/web/20190910094544/https://www.elmundo.es/espana/2019/07/30/5d3fec1ffc6c8323528b4665.html,20190910094544
https://web.archive.org/web/20190910094544/https://www.elmundo.es/comunidad-valenciana/castellon/2019/07/14/5d2b6975fc6c83a34e8b461c.html,20190910094544
https://web.archive.org/web/20190911105415/https://www.elmundo.es/comunidad-valenciana/castellon/2019/08/26/5d63ed3afc6c83f32f8b4645.html,20190911105415
https://web.archive.org/web/20190911105415/https://www.elmundo.es/espana/2019/08/11/5d5003f1fdddff1e958b45e6.html,20190911105415
https://web.archive.org/web/20190911105415/https://www.elmundo.es/espana/2019/08/09/5d4c751efc6c83e1308b460b.html,20190911105415
https://web.archive.org/web/20190911105415/https://www.elmundo.es/opinion/2019/08/09/5d4c4b64fc6c83856c8b4576.html,20190911105415
https://web.archive.org/web/20190911105415/https://www.elmundo.es/pais-vasco/2019/08/08/5d4bef79fdddff4d058b468b.html,20190911105415
https://web.archive.org/web/20190911105415/https://www.elmundo.es/andalucia/2019/08/05/5d48467d21efa07d448b4834.html,20190911105415
https://web.archive.org/web/20190911105415/https://www.elmundo.es/espana/2019/07/30/5d3fec1ffc6c8323528b4665.html,20190911105415
https://web.archive.org/web/20190911105415/https://www.elmundo.es/comunidad-valenciana/castellon/2019/07/14/5d2b6975fc6c83a34e8b461c.html,20190911105415
https://web.archive.org/web/20190912120239/https://www.elmundo.es/comunidad-valenciana/castellon/2019/08/26/5d63ed3afc6c83f32f8b4645.html,20190912120239
https://web.archive.org/web/20190912120239/https://www.elmundo.es/espana/2019/08/11/5d5003f1fdddff1e958b45e6.html,20190912120239
https://web.archive.org/web/20190912120239/https://www.elmundo.es/espana/2019/08/09/5d4c751efc6c83e1308b460b.html,20190912120239
https://web.archive.org/web/20190912120239/https://www.elmundo.es/opinion/2019/08/09/5d4c4b64fc6c83856c8b4576.html,20190912120239
https://web.archive.org/web/20190912120239/https://www.elmundo.es/pais-vasco/2019/08/08/5d4bef79fdddff4d058b468b.html,20190912120239
https://web.archive.org/web/20190912120239/https://www.elmundo.es/andalucia/2019/08/05/5d48467d21efa07d448b4834.html,20190912120239
https://web.archive.org/web/20190912120239/https://www.elmundo.es/espana/2019/07/30/5d3fec1ffc6c8323528b4665.html,20190912120239
https://web.archive.org/web/20190913112958/https://www.elmundo.es/comunidad-valenciana/castellon/2019/08/26/5d63ed3afc6c83f32f8b4645.html,20190913112958
https://web.archive.org/web/20190913112958/https://www.elmundo.es/espana/2019/08/11/5d5003f1fdddff1e958b45e6.html,20190913112958
https://web.archive.org/web/20190913112958/https://www.elmundo.es/espana/2019/08/09/5d4c751efc6c83e1308b460b.html,20190913112958
https://web.archive.org/web/20190913112958/https://www.elmundo.es/opinion/2019/08/09/5d4c4b64fc6c83856c8b4576.html,20190913112958
https://web.archive.org/web/20190913112958/https://www.elmundo.es/pais-vasco/2019/08/08/5d4bef79fdddff4d058b468b.html,20190913112958
https://web.archive.org/web/20190913112958/https://www.elmundo.es/andalucia/2019/08/05/5d48467d21efa07d448b4834.html,20190913112958
https://web.archive.org/web/20190913112958/https://www.elmundo.es/espana/2019/07/30/5d3fec1ffc6c8323528b4665.html,20190913112958
https://web.archive.org/web/20190921174205/https://www.elmundo.es/comunidad-valenciana/castellon/2019/08/26/5d63ed3afc6c83f32f8b4645.html,20190921174205
https://web.archive.org/web/20190921174205/https://www.elmundo.es/espana/2019/08/11/5d5003f1fdddff1e958b45e6.html,20190921174205
https://web.archive.org/web/20190921174205/https://www.elmundo.es/espana/2019/08/09/5d4c751efc6c83e1308b460b.html,20190921174205
https://web.archive.org/web/20190921174205/https://www.elmundo.es/opinion/2019/08/09/5d4c4b64fc6c83856c8b4576.html,20190921174205
https://web.archive.org/web/20190921174205/https://www.elmundo.es/pais-vasco/2019/08/08/5d4bef79fdddff4d058b468b.html,20190921174205
https://web.archive.org/web/20190921174205/https://www.elmundo.es/andalucia/2019/08/05/5d48467d21efa07d448b4834.html,20190921174205
https://web.archive.org/web/20190921174205/https://www.elmundo.es/espana/2019/07/30/5d3fec1ffc6c8323528b4665.html,20190921174205
https://web.archive.org/web/20190922180710/https://www.elmundo.es/comunidad-valenciana/castellon/2019/08/26/5d63ed3afc6c83f32f8b4645.html,20190922180710
https://web.archive.org/web/20190922180710/https://www.elmundo.es/espana/2019/08/11/5d5003f1fdddff1e958b45e6.html,20190922180710
https://web.archive.org/web/20190922180710/https://www.elmundo.es/espana/2019/08/09/5d4c751efc6c83e1308b460b.html,20190922180710
https://web.archive.org/web/20190922180710/https://www.elmundo.es/opinion/2019/08/09/5d4c4b64fc6c83856c8b4576.html,20190922180710
https://web.archive.org/web/20190922180710/https://www.elmundo.es/pais-vasco/2019/08/08/5d4bef79fdddff4d058b468b.html,20190922180710
https://web.archive.org/web/20190922180710/https://www.elmundo.es/andalucia/2019/08/05/5d48467d21efa07d448b4834.html,20190922180710
https://web.archive.org/web/20190922180710/https://www.elmundo.es/espana/2019/07/30/5d3fec1ffc6c8323528b4665.html,20190922180710
https://web.archive.org/web/20191016022438/https://www.elmundo.es/madrid/2019/10/09/5d9dbcdefdddff103e8b45a5.html,20191016022438
https://web.archive.org/web/20191016022438/https://www.elmundo.es/pais-vasco/2019/10/02/5d94824121efa063438b4671.html,20191016022438
https://web.archive.org/web/20191016022438/https://www.elmundo.es/comunidad-valenciana/castellon/2019/09/26/5d8cac72fc6c83767b8b4608.html,20191016022438
https://web.archive.org/web/20191016022438/https://www.elmundo.es/pais-vasco/2019/09/25/5d8b45f621efa0c4018b4619.html,20191016022438
https://web.archive.org/web/20191016022438/https://www.elmundo.es/comunidad-valenciana/castellon/2019/08/26/5d63ed3afc6c83f32f8b4645.html,20191016022438
https://web.archive.org/web/20191017024525/https://www.elmundo.es/madrid/2019/10/09/5d9dbcdefdddff103e8b45a5.html,20191017024525
https://web.archive.org/web/20191017024525/https://www.elmundo.es/pais-vasco/2019/10/02/5d94824121efa063438b4671.html,20191017024525
https://web.archive.org/web/20191017024525/https://www.elmundo.es/comunidad-valenciana/castellon/2019/09/26/5d8cac72fc6c83767b8b4608.html,20191017024525
https://web.archive.org/web/20191017024525/https://www.elmundo.es/pais-vasco/2019/09/25/5d8b45f621efa0c4018b4619.html,20191017024525
https://web.archive.org/web/20191017024525/https://www.elmundo.es/comunidad-valenciana/castellon/2019/08/26/5d63ed3afc6c83f32f8b4645.html,20191017024525
https://web.archive.org/web/20191018071829/https://www.elmundo.es/cataluna/2019/10/17/5da7787f21efa093408b45a9.html,20191018071829
https://web.archive.org/web/20191018071829/https://www.elmundo.es/madrid/2019/10/09/5d9dbcdefdddff103e8b45a5.html,20191018071829
https://web.archive.org/web/20191018071829/https://www.elmundo.es/pais-vasco/2019/10/02/5d94824121efa063438b4671.html,20191018071829
https://web.archive.org/web/20191018071829/https://www.elmundo.es/comunidad-valenciana/castellon/2019/09/26/5d8cac72fc6c83767b8b4608.html,20191018071829
https://web.archive.org/web/20191018071829/https://www.elmundo.es/pais-vasco/2019/09/25/5d8b45f621efa0c4018b4619.html,20191018071829
https://web.archive.org/web/20191018071829/https://www.elmundo.es/comunidad-valenciana/castellon/2019/08/26/5d63ed3afc6c83f32f8b4645.html,20191018071829
https://web.archive.org/web/20191019030831/https://www.elmundo.es/cataluna/2019/10/17/5da7787f21efa093408b45a9.html,20191019030831
https://web.archive.org/web/20191019030831/https://www.elmundo.es/madrid/2019/10/09/5d9dbcdefdddff103e8b45a5.html,20191019030831
https://web.archive.org/web/20191019030831/https://www.elmundo.es/pais-vasco/2019/10/02/5d94824121efa063438b4671.html,20191019030831
https://web.archive.org/web/20191019030831/https://www.elmundo.es/comunidad-valenciana/castellon/2019/09/26/5d8cac72fc6c83767b8b4608.html,20191019030831
https://web.archive.org/web/20191019030831/https://www.elmundo.es/pais-vasco/2019/09/25/5d8b45f621efa0c4018b4619.html,20191019030831
https://web.archive.org/web/20191019030831/https://www.elmundo.es/comunidad-valenciana/castellon/2019/08/26/5d63ed3afc6c83f32f8b4645.html,20191019030831
https://web.archive.org/web/20191020015809/https://www.elmundo.es/cataluna/2019/10/17/5da7787f21efa093408b45a9.html,20191020015809
https://web.archive.org/web/20191020015809/https://www.elmundo.es/madrid/2019/10/09/5d9dbcdefdddff103e8b45a5.html,20191020015809
https://web.archive.org/web/20191020015809/https://www.elmundo.es/pais-vasco/2019/10/02/5d94824121efa063438b4671.html,20191020015809
https://web.archive.org/web/20191020015809/https://www.elmundo.es/comunidad-valenciana/castellon/2019/09/26/5d8cac72fc6c83767b8b4608.html,20191020015809
https://web.archive.org/web/20191020015809/https://www.elmundo.es/pais-vasco/2019/09/25/5d8b45f621efa0c4018b4619.html,20191020015809
https://web.archive.org/web/20191020015809/https://www.elmundo.es/comunidad-valenciana/castellon/2019/08/26/5d63ed3afc6c83f32f8b4645.html,20191020015809
https://web.archive.org/web/20191021034805/https://www.elmundo.es/cataluna/2019/10/17/5da7787f21efa093408b45a9.html,20191021034805
https://web.archive.org/web/20191021034805/https://www.elmundo.es/madrid/2019/10/09/5d9dbcdefdddff103e8b45a5.html,20191021034805
https://web.archive.org/web/20191021034805/https://www.elmundo.es/pais-vasco/2019/10/02/5d94824121efa063438b4671.html,20191021034805
https://web.archive.org/web/20191021034805/https://www.elmundo.es/comunidad-valenciana/castellon/2019/09/26/5d8cac72fc6c83767b8b4608.html,20191021034805
https://web.archive.org/web/20191021034805/https://www.elmundo.es/pais-vasco/2019/09/25/5d8b45f621efa0c4018b4619.html,20191021034805
https://web.archive.org/web/20191021034805/https://www.elmundo.es/comunidad-valenciana/castellon/2019/08/26/5d63ed3afc6c83f32f8b4645.html,20191021034805
https://web.archive.org/web/20191022041221/https://www.elmundo.es/cataluna/2019/10/17/5da7787f21efa093408b45a9.html,20191022041221
https://web.archive.org/web/20191022041221/https://www.elmundo.es/madrid/2019/10/09/5d9dbcdefdddff103e8b45a5.html,20191022041221
https://web.archive.org/web/20191022041221/https://www.elmundo.es/pais-vasco/2019/10/02/5d94824121efa063438b4671.html,20191022041221
https://web.archive.org/web/20191022041221/https://www.elmundo.es/comunidad-valenciana/castellon/2019/09/26/5d8cac72fc6c83767b8b4608.html,20191022041221
https://web.archive.org/web/20191022041221/https://www.elmundo.es/pais-vasco/2019/09/25/5d8b45f621efa0c4018b4619.html,20191022041221
https://web.archive.org/web/20191022041221/https://www.elmundo.es/comunidad-valenciana/castellon/2019/08/26/5d63ed3afc6c83f32f8b4645.html,20191022041221
https://web.archive.org/web/20191026100856/https://www.elmundo.es/madrid/2019/10/23/5db04ae021efa019718b45f0.html,20191026100856
https://web.archive.org/web/20191026100856/https://www.elmundo.es/cataluna/2019/10/17/5da7787f21efa093408b45a9.html,20191026100856
https://web.archive.org/web/20191026100856/https://www.elmundo.es/madrid/2019/10/09/5d9dbcdefdddff103e8b45a5.html,20191026100856
https://web.archive.org/web/20191026100856/https://www.elmundo.es/pais-vasco/2019/10/02/5d94824121efa063438b4671.html,20191026100856
https://web.archive.org/web/20191026100856/https://www.elmundo.es/comunidad-valenciana/castellon/2019/09/26/5d8cac72fc6c83767b8b4608.html,20191026100856
https://web.archive.org/web/20191026100856/https://www.elmundo.es/pais-vasco/2019/09/25/5d8b45f621efa0c4018b4619.html,20191026100856
https://web.archive.org/web/20191026100856/https://www.elmundo.es/comunidad-valenciana/castellon/2019/08/26/5d63ed3afc6c83f32f8b4645.html,20191026100856
https://web.archive.org/web/20191105223442/https://www.elmundo.es/internacional/2019/10/26/5db490b8fdddffe2908b4647.html,20191105223442
https://web.archive.org/web/20191105223442/https://www.elmundo.es/madrid/2019/10/23/5db04ae021efa019718b45f0.html,20191105223442
https://web.archive.org/web/20191105223442/https://www.elmundo.es/cataluna/2019/10/17/5da7787f21efa093408b45a9.html,20191105223442
https://web.archive.org/web/20191105223442/https://www.elmundo.es/madrid/2019/10/09/5d9dbcdefdddff103e8b45a5.html,20191105223442
https://web.archive.org/web/20191105223442/https://www.elmundo.es/pais-vasco/2019/10/02/5d94824121efa063438b4671.html,20191105223442
https://web.archive.org/web/20191105223442/https://www.elmundo.es/comunidad-valenciana/castellon/2019/09/26/5d8cac72fc6c83767b8b4608.html,20191105223442
https://web.archive.org/web/20191105223442/https://www.elmundo.es/pais-vasco/2019/09/25/5d8b45f621efa0c4018b4619.html,20191105223442
https://web.archive.org/web/20191106230010/https://www.elmundo.es/internacional/2019/10/26/5db490b8fdddffe2908b4647.html,20191106230010
https://web.archive.org/web/20191106230010/https://www.elmundo.es/madrid/2019/10/23/5db04ae021efa019718b45f0.html,20191106230010
https://web.archive.org/web/20191106230010/https://www.elmundo.es/cataluna/2019/10/17/5da7787f21efa093408b45a9.html,20191106230010
https://web.archive.org/web/20191106230010/https://www.elmundo.es/madrid/2019/10/09/5d9dbcdefdddff103e8b45a5.html,20191106230010
https://web.archive.org/web/20191106230010/https://www.elmundo.es/pais-vasco/2019/10/02/5d94824121efa063438b4671.html,20191106230010
https://web.archive.org/web/20191106230010/https://www.elmundo.es/comunidad-valenciana/castellon/2019/09/26/5d8cac72fc6c83767b8b4608.html,20191106230010
https://web.archive.org/web/20191106230010/https://www.elmundo.es/pais-vasco/2019/09/25/5d8b45f621efa0c4018b4619.html,20191106230010
https://web.archive.org/web/20191109022247/https://www.elmundo.es/espana/2019/11/08/5dc563fe21efa0b07a8b45a3.html,20191109022247
https://web.archive.org/web/20191109022247/https://www.elmundo.es/internacional/2019/10/26/5db490b8fdddffe2908b4647.html,20191109022247
https://web.archive.org/web/20191109022247/https://www.elmundo.es/madrid/2019/10/23/5db04ae021efa019718b45f0.html,20191109022247
https://web.archive.org/web/20191109022247/https://www.elmundo.es/cataluna/2019/10/17/5da7787f21efa093408b45a9.html,20191109022247
https://web.archive.org/web/20191109022247/https://www.elmundo.es/madrid/2019/10/09/5d9dbcdefdddff103e8b45a5.html,20191109022247
https://web.archive.org/web/20191109022247/https://www.elmundo.es/pais-vasco/2019/10/02/5d94824121efa063438b4671.html,20191109022247
https://web.archive.org/web/20191109022247/https://www.elmundo.es/comunidad-valenciana/castellon/2019/09/26/5d8cac72fc6c83767b8b4608.html,20191109022247
https://web.archive.org/web/20191109022247/https://www.elmundo.es/pais-vasco/2019/09/25/5d8b45f621efa0c4018b4619.html,20191109022247
https://web.archive.org/web/20191110034914/https://www.elmundo.es/espana/2019/11/08/5dc563fe21efa0b07a8b45a3.html,20191110034914
https://web.archive.org/web/20191110034914/https://www.elmundo.es/internacional/2019/10/26/5db490b8fdddffe2908b4647.html,20191110034914
https://web.archive.org/web/20191110034914/https://www.elmundo.es/madrid/2019/10/23/5db04ae021efa019718b45f0.html,20191110034914
https://web.archive.org/web/20191110034914/https://www.elmundo.es/cataluna/2019/10/17/5da7787f21efa093408b45a9.html,20191110034914
https://web.archive.org/web/20191110034914/https://www.elmundo.es/madrid/2019/10/09/5d9dbcdefdddff103e8b45a5.html,20191110034914
https://web.archive.org/web/20191110034914/https://www.elmundo.es/pais-vasco/2019/10/02/5d94824121efa063438b4671.html,20191110034914
https://web.archive.org/web/20191110034914/https://www.elmundo.es/comunidad-valenciana/castellon/2019/09/26/5d8cac72fc6c83767b8b4608.html,20191110034914
https://web.archive.org/web/20191110034914/https://www.elmundo.es/pais-vasco/2019/09/25/5d8b45f621efa0c4018b4619.html,20191110034914
https://web.archive.org/web/20191111060449/https://www.elmundo.es/espana/2019/11/08/5dc563fe21efa0b07a8b45a3.html,20191111060449
https://web.archive.org/web/20191111060449/https://www.elmundo.es/internacional/2019/10/26/5db490b8fdddffe2908b4647.html,20191111060449
https://web.archive.org/web/20191111060449/https://www.elmundo.es/madrid/2019/10/23/5db04ae021efa019718b45f0.html,20191111060449
https://web.archive.org/web/20191111060449/https://www.elmundo.es/cataluna/2019/10/17/5da7787f21efa093408b45a9.html,20191111060449
https://web.archive.org/web/20191111060449/https://www.elmundo.es/madrid/2019/10/09/5d9dbcdefdddff103e8b45a5.html,20191111060449
https://web.archive.org/web/20191111060449/https://www.elmundo.es/pais-vasco/2019/10/02/5d94824121efa063438b4671.html,20191111060449
https://web.archive.org/web/20191111060449/https://www.elmundo.es/comunidad-valenciana/castellon/2019/09/26/5d8cac72fc6c83767b8b4608.html,20191111060449
https://web.archive.org/web/20191111060449/https://www.elmundo.es/pais-vasco/2019/09/25/5d8b45f621efa0c4018b4619.html,20191111060449
https://web.archive.org/web/20191112063451/https://www.elmundo.es/espana/2019/11/08/5dc563fe21efa0b07a8b45a3.html,20191112063451
https://web.archive.org/web/20191112063451/https://www.elmundo.es/internacional/2019/10/26/5db490b8fdddffe2908b4647.html,20191112063451
https://web.archive.org/web/20191112063451/https://www.elmundo.es/madrid/2019/10/23/5db04ae021efa019718b45f0.html,20191112063451
https://web.archive.org/web/20191112063451/https://www.elmundo.es/cataluna/2019/10/17/5da7787f21efa093408b45a9.html,20191112063451
https://web.archive.org/web/20191112063451/https://www.elmundo.es/madrid/2019/10/09/5d9dbcdefdddff103e8b45a5.html,20191112063451
https://web.archive.org/web/20191112063451/https://www.elmundo.es/pais-vasco/2019/10/02/5d94824121efa063438b4671.html,20191112063451
https://web.archive.org/web/20191112063451/https://www.elmundo.es/comunidad-valenciana/castellon/2019/09/26/5d8cac72fc6c83767b8b4608.html,20191112063451
https://web.archive.org/web/20191112063451/https://www.elmundo.es/pais-vasco/2019/09/25/5d8b45f621efa0c4018b4619.html,20191112063451
https://web.archive.org/web/20191113084542/https://www.elmundo.es/espana/2019/11/08/5dc563fe21efa0b07a8b45a3.html,20191113084542
https://web.archive.org/web/20191113084542/https://www.elmundo.es/internacional/2019/10/26/5db490b8fdddffe2908b4647.html,20191113084542
https://web.archive.org/web/20191113084542/https://www.elmundo.es/madrid/2019/10/23/5db04ae021efa019718b45f0.html,20191113084542
https://web.archive.org/web/20191113084542/https://www.elmundo.es/cataluna/2019/10/17/5da7787f21efa093408b45a9.html,20191113084542
https://web.archive.org/web/20191113084542/https://www.elmundo.es/madrid/2019/10/09/5d9dbcdefdddff103e8b45a5.html,20191113084542
https://web.archive.org/web/20191113084542/https://www.elmundo.es/pais-vasco/2019/10/02/5d94824121efa063438b4671.html,20191113084542
https://web.archive.org/web/20191113084542/https://www.elmundo.es/comunidad-valenciana/castellon/2019/09/26/5d8cac72fc6c83767b8b4608.html,20191113084542
https://web.archive.org/web/20191113084542/https://www.elmundo.es/pais-vasco/2019/09/25/5d8b45f621efa0c4018b4619.html,20191113084542
https://web.archive.org/web/20191114122912/https://www.elmundo.es/espana/2019/11/08/5dc563fe21efa0b07a8b45a3.html,20191114122912
https://web.archive.org/web/20191114122912/https://www.elmundo.es/internacional/2019/10/26/5db490b8fdddffe2908b4647.html,20191114122912
https://web.archive.org/web/20191114122912/https://www.elmundo.es/madrid/2019/10/23/5db04ae021efa019718b45f0.html,20191114122912
https://web.archive.org/web/20191114122912/https://www.elmundo.es/cataluna/2019/10/17/5da7787f21efa093408b45a9.html,20191114122912
https://web.archive.org/web/20191114122912/https://www.elmundo.es/madrid/2019/10/09/5d9dbcdefdddff103e8b45a5.html,20191114122912
https://web.archive.org/web/20191114122912/https://www.elmundo.es/pais-vasco/2019/10/02/5d94824121efa063438b4671.html,20191114122912
https://web.archive.org/web/20191114122912/https://www.elmundo.es/comunidad-valenciana/castellon/2019/09/26/5d8cac72fc6c83767b8b4608.html,20191114122912
https://web.archive.org/web/20191114122912/https://www.elmundo.es/pais-vasco/2019/09/25/5d8b45f621efa0c4018b4619.html,20191114122912
https://web.archive.org/web/20191115133833/https://www.elmundo.es/espana/2019/11/08/5dc563fe21efa0b07a8b45a3.html,20191115133833
https://web.archive.org/web/20191115133833/https://www.elmundo.es/internacional/2019/10/26/5db490b8fdddffe2908b4647.html,20191115133833
https://web.archive.org/web/20191115133833/https://www.elmundo.es/madrid/2019/10/23/5db04ae021efa019718b45f0.html,20191115133833
https://web.archive.org/web/20191115133833/https://www.elmundo.es/cataluna/2019/10/17/5da7787f21efa093408b45a9.html,20191115133833
https://web.archive.org/web/20191115133833/https://www.elmundo.es/madrid/2019/10/09/5d9dbcdefdddff103e8b45a5.html,20191115133833
https://web.archive.org/web/20191115133833/https://www.elmundo.es/pais-vasco/2019/10/02/5d94824121efa063438b4671.html,20191115133833
https://web.archive.org/web/20191115133833/https://www.elmundo.es/comunidad-valenciana/castellon/2019/09/26/5d8cac72fc6c83767b8b4608.html,20191115133833
https://web.archive.org/web/20191115133833/https://www.elmundo.es/pais-vasco/2019/09/25/5d8b45f621efa0c4018b4619.html,20191115133833
https://web.archive.org/web/20191116154150/https://www.elmundo.es/espana/2019/11/08/5dc563fe21efa0b07a8b45a3.html,20191116154150
https://web.archive.org/web/20191116154150/https://www.elmundo.es/internacional/2019/10/26/5db490b8fdddffe2908b4647.html,20191116154150
https://web.archive.org/web/20191116154150/https://www.elmundo.es/madrid/2019/10/23/5db04ae021efa019718b45f0.html,20191116154150
https://web.archive.org/web/20191116154150/https://www.elmundo.es/cataluna/2019/10/17/5da7787f21efa093408b45a9.html,20191116154150
https://web.archive.org/web/20191116154150/https://www.elmundo.es/madrid/2019/10/09/5d9dbcdefdddff103e8b45a5.html,20191116154150
https://web.archive.org/web/20191116154150/https://www.elmundo.es/pais-vasco/2019/10/02/5d94824121efa063438b4671.html,20191116154150
https://web.archive.org/web/20191116154150/https://www.elmundo.es/comunidad-valenciana/castellon/2019/09/26/5d8cac72fc6c83767b8b4608.html,20191116154150
https://web.archive.org/web/20191116154150/https://www.elmundo.es/pais-vasco/2019/09/25/5d8b45f621efa0c4018b4619.html,20191116154150
https://web.archive.org/web/20191201160426/https://www.elmundo.es/madrid/2019/11/27/5dde75e721efa066128b45f2.html,20191201160426
https://web.archive.org/web/20191201160426/https://www.elmundo.es/espana/2019/11/25/5ddb8cef21efa0d5218b457d.html,20191201160426
https://web.archive.org/web/20191201160426/https://www.elmundo.es/internacional/2019/11/23/5dd98a8bfdddffa9738b461e.html,20191201160426
https://web.archive.org/web/20191201160426/https://www.elmundo.es/pais-vasco/2019/11/22/5dd7c6c2fdddff56a98b466e.html,20191201160426
https://web.archive.org/web/20191201160426/https://www.elmundo.es/madrid/2019/11/21/5dd65a49fc6c83bd238b4692.html,20191201160426
https://web.archive.org/web/20191201160426/https://www.elmundo.es/espana/2019/11/08/5dc563fe21efa0b07a8b45a3.html,20191201160426
https://web.archive.org/web/20191201160426/https://www.elmundo.es/internacional/2019/10/26/5db490b8fdddffe2908b4647.html,20191201160426
https://web.archive.org/web/20191201160426/https://www.elmundo.es/madrid/2019/10/23/5db04ae021efa019718b45f0.html,20191201160426
https://web.archive.org/web/20191201160426/https://www.elmundo.es/cataluna/2019/10/17/5da7787f21efa093408b45a9.html,20191201160426
https://web.archive.org/web/20191202123736/https://www.elmundo.es/madrid/2019/11/27/5dde75e721efa066128b45f2.html,20191202123736
https://web.archive.org/web/20191202123736/https://www.elmundo.es/espana/2019/11/25/5ddb8cef21efa0d5218b457d.html,20191202123736
https://web.archive.org/web/20191202123736/https://www.elmundo.es/internacional/2019/11/23/5dd98a8bfdddffa9738b461e.html,20191202123736
https://web.archive.org/web/20191202123736/https://www.elmundo.es/pais-vasco/2019/11/22/5dd7c6c2fdddff56a98b466e.html,20191202123736
https://web.archive.org/web/20191202123736/https://www.elmundo.es/madrid/2019/11/21/5dd65a49fc6c83bd238b4692.html,20191202123736
https://web.archive.org/web/20191202123736/https://www.elmundo.es/espana/2019/11/08/5dc563fe21efa0b07a8b45a3.html,20191202123736
https://web.archive.org/web/20191202123736/https://www.elmundo.es/internacional/2019/10/26/5db490b8fdddffe2908b4647.html,20191202123736
https://web.archive.org/web/20191202123736/https://www.elmundo.es/madrid/2019/10/23/5db04ae021efa019718b45f0.html,20191202123736
https://web.archive.org/web/20191202123736/https://www.elmundo.es/cataluna/2019/10/17/5da7787f21efa093408b45a9.html,20191202123736
https://web.archive.org/web/20191223072433/https://www.elmundo.es/comunidad-valenciana/castellon/2019/12/19/5dfa7cc6fdddff6c6e8b45e9.html,20191223072433
https://web.archive.org/web/20191223072433/https://www.elmundo.es/madrid/2019/11/27/5dde75e721efa066128b45f2.html,20191223072433
https://web.archive.org/web/20191223072433/https://www.elmundo.es/espana/2019/11/25/5ddb8cef21efa0d5218b457d.html,20191223072433
https://web.archive.org/web/20191223072433/https://www.elmundo.es/internacional/2019/11/23/5dd98a8bfdddffa9738b461e.html,20191223072433
https://web.archive.org/web/20191223072433/https://www.elmundo.es/pais-vasco/2019/11/22/5dd7c6c2fdddff56a98b466e.html,20191223072433
https://web.archive.org/web/20191223072433/https://www.elmundo.es/madrid/2019/11/21/5dd65a49fc6c83bd238b4692.html,20191223072433
https://web.archive.org/web/20191224083220/https://www.elmundo.es/comunidad-valenciana/castellon/2019/12/19/5dfa7cc6fdddff6c6e8b45e9.html,20191224083220
https://web.archive.org/web/20191224083220/https://www.elmundo.es/madrid/2019/11/27/5dde75e721efa066128b45f2.html,20191224083220
https://web.archive.org/web/20191224083220/https://www.elmundo.es/espana/2019/11/25/5ddb8cef21efa0d5218b457d.html,20191224083220
https://web.archive.org/web/20191224083220/https://www.elmundo.es/internacional/2019/11/23/5dd98a8bfdddffa9738b461e.html,20191224083220
https://web.archive.org/web/20191224083220/https://www.elmundo.es/pais-vasco/2019/11/22/5dd7c6c2fdddff56a98b466e.html,20191224083220
https://web.archive.org/web/20191224083220/https://www.elmundo.es/madrid/2019/11/21/5dd65a49fc6c83bd238b4692.html,20191224083220
https://web.archive.org/web/20191226101528/https://www.elmundo.es/comunidad-valenciana/castellon/2019/12/19/5dfa7cc6fdddff6c6e8b45e9.html,20191226101528
https://web.archive.org/web/20191226101528/https://www.elmundo.es/madrid/2019/11/27/5dde75e721efa066128b45f2.html,20191226101528
https://web.archive.org/web/20191226101528/https://www.elmundo.es/espana/2019/11/25/5ddb8cef21efa0d5218b457d.html,20191226101528
https://web.archive.org/web/20191226101528/https://www.elmundo.es/internacional/2019/11/23/5dd98a8bfdddffa9738b461e.html,20191226101528
https://web.archive.org/web/20191226101528/https://www.elmundo.es/pais-vasco/2019/11/22/5dd7c6c2fdddff56a98b466e.html,20191226101528
https://web.archive.org/web/20191226101528/https://www.elmundo.es/madrid/2019/11/21/5dd65a49fc6c83bd238b4692.html,20191226101528
https://web.archive.org/web/20191227093913/https://www.elmundo.es/comunidad-valenciana/castellon/2019/12/19/5dfa7cc6fdddff6c6e8b45e9.html,20191227093913
https://web.archive.org/web/20191227093913/https://www.elmundo.es/madrid/2019/11/27/5dde75e721efa066128b45f2.html,20191227093913
https://web.archive.org/web/20191227093913/https://www.elmundo.es/espana/2019/11/25/5ddb8cef21efa0d5218b457d.html,20191227093913
https://web.archive.org/web/20191227093913/https://www.elmundo.es/internacional/2019/11/23/5dd98a8bfdddffa9738b461e.html,20191227093913
https://web.archive.org/web/20191227093913/https://www.elmundo.es/pais-vasco/2019/11/22/5dd7c6c2fdddff56a98b466e.html,20191227093913
https://web.archive.org/web/20191227093913/https://www.elmundo.es/madrid/2019/11/21/5dd65a49fc6c83bd238b4692.html,20191227093913
https://web.archive.org/web/20191228123810/https://www.elmundo.es/comunidad-valenciana/castellon/2019/12/19/5dfa7cc6fdddff6c6e8b45e9.html,20191228123810
https://web.archive.org/web/20191228123810/https://www.elmundo.es/madrid/2019/11/27/5dde75e721efa066128b45f2.html,20191228123810
https://web.archive.org/web/20191228123810/https://www.elmundo.es/espana/2019/11/25/5ddb8cef21efa0d5218b457d.html,20191228123810
https://web.archive.org/web/20191228123810/https://www.elmundo.es/internacional/2019/11/23/5dd98a8bfdddffa9738b461e.html,20191228123810
https://web.archive.org/web/20191228123810/https://www.elmundo.es/pais-vasco/2019/11/22/5dd7c6c2fdddff56a98b466e.html,20191228123810
https://web.archive.org/web/20191228123810/https://www.elmundo.es/madrid/2019/11/21/5dd65a49fc6c83bd238b4692.html,20191228123810
https://web.archive.org/web/20191229131729/https://www.elmundo.es/comunidad-valenciana/castellon/2019/12/19/5dfa7cc6fdddff6c6e8b45e9.html,20191229131729
https://web.archive.org/web/20191229131729/https://www.elmundo.es/madrid/2019/11/27/5dde75e721efa066128b45f2.html,20191229131729
https://web.archive.org/web/20191229131729/https://www.elmundo.es/espana/2019/11/25/5ddb8cef21efa0d5218b457d.html,20191229131729
https://web.archive.org/web/20191229131729/https://www.elmundo.es/internacional/2019/11/23/5dd98a8bfdddffa9738b461e.html,20191229131729
https://web.archive.org/web/20191229131729/https://www.elmundo.es/pais-vasco/2019/11/22/5dd7c6c2fdddff56a98b466e.html,20191229131729
https://web.archive.org/web/20191229131729/https://www.elmundo.es/madrid/2019/11/21/5dd65a49fc6c83bd238b4692.html,20191229131729
https://web.archive.org/web/20191230130149/https://www.elmundo.es/comunidad-valenciana/castellon/2019/12/19/5dfa7cc6fdddff6c6e8b45e9.html,20191230130149
https://web.archive.org/web/20191230130149/https://www.elmundo.es/madrid/2019/11/27/5dde75e721efa066128b45f2.html,20191230130149
https://web.archive.org/web/20191230130149/https://www.elmundo.es/espana/2019/11/25/5ddb8cef21efa0d5218b457d.html,20191230130149
https://web.archive.org/web/20191230130149/https://www.elmundo.es/internacional/2019/11/23/5dd98a8bfdddffa9738b461e.html,20191230130149
https://web.archive.org/web/20191230130149/https://www.elmundo.es/pais-vasco/2019/11/22/5dd7c6c2fdddff56a98b466e.html,20191230130149
https://web.archive.org/web/20191230130149/https://www.elmundo.es/madrid/2019/11/21/5dd65a49fc6c83bd238b4692.html,20191230130149
https://web.archive.org/web/20200114083532/https://www.elmundo.es/andalucia/2020/01/10/5e18566efc6c8337228b46d6.html,20200114083532
https://web.archive.org/web/20200114083532/https://www.elmundo.es/espana/2020/01/03/5e0f4c4efc6c8349118b46d7.html,20200114083532
https://web.archive.org/web/20200114083532/https://www.elmundo.es/comunidad-valenciana/castellon/2019/12/19/5dfa7cc6fdddff6c6e8b45e9.html,20200114083532
https://web.archive.org/web/20200114083532/https://www.elmundo.es/madrid/2019/11/27/5dde75e721efa066128b45f2.html,20200114083532
https://web.archive.org/web/20200114083532/https://www.elmundo.es/espana/2019/11/25/5ddb8cef21efa0d5218b457d.html,20200114083532
https://web.archive.org/web/20200115163953/https://www.elmundo.es/andalucia/2020/01/10/5e18566efc6c8337228b46d6.html,20200115163953
https://web.archive.org/web/20200115163953/https://www.elmundo.es/espana/2020/01/03/5e0f4c4efc6c8349118b46d7.html,20200115163953
https://web.archive.org/web/20200115163953/https://www.elmundo.es/comunidad-valenciana/castellon/2019/12/19/5dfa7cc6fdddff6c6e8b45e9.html,20200115163953
https://web.archive.org/web/20200115163953/https://www.elmundo.es/madrid/2019/11/27/5dde75e721efa066128b45f2.html,20200115163953
https://web.archive.org/web/20200115163953/https://www.elmundo.es/espana/2019/11/25/5ddb8cef21efa0d5218b457d.html,20200115163953
https://web.archive.org/web/20200116093740/https://www.elmundo.es/internacional/2020/01/15/5e1f4708fc6c83b40d8b4602.html,20200116093740
https://web.archive.org/web/20200116093740/https://www.elmundo.es/andalucia/2020/01/10/5e18566efc6c8337228b46d6.html,20200116093740
https://web.archive.org/web/20200116093740/https://www.elmundo.es/espana/2020/01/03/5e0f4c4efc6c8349118b46d7.html,20200116093740
https://web.archive.org/web/20200116093740/https://www.elmundo.es/comunidad-valenciana/castellon/2019/12/19/5dfa7cc6fdddff6c6e8b45e9.html,20200116093740
https://web.archive.org/web/20200116093740/https://www.elmundo.es/madrid/2019/11/27/5dde75e721efa066128b45f2.html,20200116093740
https://web.archive.org/web/20200116093740/https://www.elmundo.es/espana/2019/11/25/5ddb8cef21efa0d5218b457d.html,20200116093740
https://web.archive.org/web/20200118093413/https://www.elmundo.es/internacional/2020/01/15/5e1f4708fc6c83b40d8b4602.html,20200118093413
https://web.archive.org/web/20200118093413/https://www.elmundo.es/andalucia/2020/01/10/5e18566efc6c8337228b46d6.html,20200118093413
https://web.archive.org/web/20200118093413/https://www.elmundo.es/espana/2020/01/03/5e0f4c4efc6c8349118b46d7.html,20200118093413
https://web.archive.org/web/20200118093413/https://www.elmundo.es/comunidad-valenciana/castellon/2019/12/19/5dfa7cc6fdddff6c6e8b45e9.html,20200118093413
https://web.archive.org/web/20200118093413/https://www.elmundo.es/madrid/2019/11/27/5dde75e721efa066128b45f2.html,20200118093413
https://web.archive.org/web/20200119123245/https://www.elmundo.es/cataluna/2020/01/18/5e23533ffc6c83214b8b45a6.html,20200119123245
https://web.archive.org/web/20200119123245/https://www.elmundo.es/internacional/2020/01/15/5e1f4708fc6c83b40d8b4602.html,20200119123245
https://web.archive.org/web/20200119123245/https://www.elmundo.es/andalucia/2020/01/10/5e18566efc6c8337228b46d6.html,20200119123245
https://web.archive.org/web/20200119123245/https://www.elmundo.es/espana/2020/01/03/5e0f4c4efc6c8349118b46d7.html,20200119123245
https://web.archive.org/web/20200119123245/https://www.elmundo.es/comunidad-valenciana/castellon/2019/12/19/5dfa7cc6fdddff6c6e8b45e9.html,20200119123245
https://web.archive.org/web/20200120162839/https://www.elmundo.es/cataluna/2020/01/18/5e23533ffc6c83214b8b45a6.html,20200120162839
https://web.archive.org/web/20200120162839/https://www.elmundo.es/internacional/2020/01/15/5e1f4708fc6c83b40d8b4602.html,20200120162839
https://web.archive.org/web/20200120162839/https://www.elmundo.es/andalucia/2020/01/10/5e18566efc6c8337228b46d6.html,20200120162839
https://web.archive.org/web/20200120162839/https://www.elmundo.es/espana/2020/01/03/5e0f4c4efc6c8349118b46d7.html,20200120162839
https://web.archive.org/web/20200120162839/https://www.elmundo.es/comunidad-valenciana/castellon/2019/12/19/5dfa7cc6fdddff6c6e8b45e9.html,20200120162839
https://web.archive.org/web/20200121124148/https://www.elmundo.es/cataluna/2020/01/18/5e23533ffc6c83214b8b45a6.html,20200121124148
https://web.archive.org/web/20200121124148/https://www.elmundo.es/internacional/2020/01/15/5e1f4708fc6c83b40d8b4602.html,20200121124148
https://web.archive.org/web/20200121124148/https://www.elmundo.es/andalucia/2020/01/10/5e18566efc6c8337228b46d6.html,20200121124148
https://web.archive.org/web/20200121124148/https://www.elmundo.es/espana/2020/01/03/5e0f4c4efc6c8349118b46d7.html,20200121124148
https://web.archive.org/web/20200121124148/https://www.elmundo.es/comunidad-valenciana/castellon/2019/12/19/5dfa7cc6fdddff6c6e8b45e9.html,20200121124148
https://web.archive.org/web/20200122151825/https://www.elmundo.es/cataluna/2020/01/18/5e23533ffc6c83214b8b45a6.html,20200122151825
https://web.archive.org/web/20200122151825/https://www.elmundo.es/internacional/2020/01/15/5e1f4708fc6c83b40d8b4602.html,20200122151825
https://web.archive.org/web/20200122151825/https://www.elmundo.es/andalucia/2020/01/10/5e18566efc6c8337228b46d6.html,20200122151825
https://web.archive.org/web/20200122151825/https://www.elmundo.es/espana/2020/01/03/5e0f4c4efc6c8349118b46d7.html,20200122151825
https://web.archive.org/web/20200122151825/https://www.elmundo.es/comunidad-valenciana/castellon/2019/12/19/5dfa7cc6fdddff6c6e8b45e9.html,20200122151825
https://web.archive.org/web/20200125052408/https://www.elmundo.es/comunidad-valenciana/castellon/2020/01/24/5e2a1557fdddff444a8b4582.html,20200125052408
https://web.archive.org/web/20200125052408/https://www.elmundo.es/comunidad-valenciana/castellon/2020/01/23/5e28b14bfdddfffe7c8b4676.html,20200125052408
https://web.archive.org/web/20200125052408/https://www.elmundo.es/cataluna/2020/01/18/5e23533ffc6c83214b8b45a6.html,20200125052408
https://web.archive.org/web/20200125052408/https://www.elmundo.es/internacional/2020/01/15/5e1f4708fc6c83b40d8b4602.html,20200125052408
https://web.archive.org/web/20200125052408/https://www.elmundo.es/andalucia/2020/01/10/5e18566efc6c8337228b46d6.html,20200125052408
https://web.archive.org/web/20200125052408/https://www.elmundo.es/espana/2020/01/03/5e0f4c4efc6c8349118b46d7.html,20200125052408
https://web.archive.org/web/20200125052408/https://www.elmundo.es/comunidad-valenciana/castellon/2019/12/19/5dfa7cc6fdddff6c6e8b45e9.html,20200125052408
https://web.archive.org/web/20200203093052/https://www.elmundo.es/comunidad-valenciana/castellon/2020/01/24/5e2a1557fdddff444a8b4582.html,20200203093052
https://web.archive.org/web/20200203093052/https://www.elmundo.es/comunidad-valenciana/castellon/2020/01/23/5e28b14bfdddfffe7c8b4676.html,20200203093052
https://web.archive.org/web/20200203093052/https://www.elmundo.es/cataluna/2020/01/18/5e23533ffc6c83214b8b45a6.html,20200203093052
https://web.archive.org/web/20200203093052/https://www.elmundo.es/internacional/2020/01/15/5e1f4708fc6c83b40d8b4602.html,20200203093052
https://web.archive.org/web/20200203093052/https://www.elmundo.es/andalucia/2020/01/10/5e18566efc6c8337228b46d6.html,20200203093052
https://web.archive.org/web/20200203093052/https://www.elmundo.es/espana/2020/01/03/5e0f4c4efc6c8349118b46d7.html,20200203093052
https://web.archive.org/web/20200203093052/https://www.elmundo.es/comunidad-valenciana/castellon/2019/12/19/5dfa7cc6fdddff6c6e8b45e9.html,20200203093052
https://web.archive.org/web/20200204105714/https://www.elmundo.es/comunidad-valenciana/castellon/2020/01/24/5e2a1557fdddff444a8b4582.html,20200204105714
https://web.archive.org/web/20200204105714/https://www.elmundo.es/comunidad-valenciana/castellon/2020/01/23/5e28b14bfdddfffe7c8b4676.html,20200204105714
https://web.archive.org/web/20200204105714/https://www.elmundo.es/cataluna/2020/01/18/5e23533ffc6c83214b8b45a6.html,20200204105714
https://web.archive.org/web/20200204105714/https://www.elmundo.es/internacional/2020/01/15/5e1f4708fc6c83b40d8b4602.html,20200204105714
https://web.archive.org/web/20200204105714/https://www.elmundo.es/andalucia/2020/01/10/5e18566efc6c8337228b46d6.html,20200204105714
https://web.archive.org/web/20200204105714/https://www.elmundo.es/espana/2020/01/03/5e0f4c4efc6c8349118b46d7.html,20200204105714
https://web.archive.org/web/20200204105714/https://www.elmundo.es/comunidad-valenciana/castellon/2019/12/19/5dfa7cc6fdddff6c6e8b45e9.html,20200204105714
https://web.archive.org/web/20200211193422/https://www.elmundo.es/andalucia/2020/02/09/5e400cf421efa03b088b4643.html,20200211193422
https://web.archive.org/web/20200211193422/https://www.elmundo.es/andalucia/2020/02/08/5e3f17fafc6c8348788b45c2.html,20200211193422
https://web.archive.org/web/20200211193422/https://www.elmundo.es/comunidad-valenciana/castellon/2020/01/24/5e2a1557fdddff444a8b4582.html,20200211193422
https://web.archive.org/web/20200211193422/https://www.elmundo.es/comunidad-valenciana/castellon/2020/01/23/5e28b14bfdddfffe7c8b4676.html,20200211193422
https://web.archive.org/web/20200211193422/https://www.elmundo.es/cataluna/2020/01/18/5e23533ffc6c83214b8b45a6.html,20200211193422
https://web.archive.org/web/20200211193422/https://www.elmundo.es/internacional/2020/01/15/5e1f4708fc6c83b40d8b4602.html,20200211193422
https://web.archive.org/web/20200211193422/https://www.elmundo.es/andalucia/2020/01/10/5e18566efc6c8337228b46d6.html,20200211193422
https://web.archive.org/web/20200211193422/https://www.elmundo.es/espana/2020/01/03/5e0f4c4efc6c8349118b46d7.html,20200211193422
https://web.archive.org/web/20200211193422/https://www.elmundo.es/comunidad-valenciana/castellon/2019/12/19/5dfa7cc6fdddff6c6e8b45e9.html,20200211193422
https://web.archive.org/web/20200217203206/https://www.elmundo.es/andalucia/2020/02/09/5e400cf421efa03b088b4643.html,20200217203206
https://web.archive.org/web/20200217203206/https://www.elmundo.es/andalucia/2020/02/08/5e3f17fafc6c8348788b45c2.html,20200217203206
https://web.archive.org/web/20200217203206/https://www.elmundo.es/comunidad-valenciana/castellon/2020/01/24/5e2a1557fdddff444a8b4582.html,20200217203206
https://web.archive.org/web/20200217203206/https://www.elmundo.es/comunidad-valenciana/castellon/2020/01/23/5e28b14bfdddfffe7c8b4676.html,20200217203206
https://web.archive.org/web/20200217203206/https://www.elmundo.es/cataluna/2020/01/18/5e23533ffc6c83214b8b45a6.html,20200217203206
https://web.archive.org/web/20200217203206/https://www.elmundo.es/internacional/2020/01/15/5e1f4708fc6c83b40d8b4602.html,20200217203206
https://web.archive.org/web/20200217203206/https://www.elmundo.es/andalucia/2020/01/10/5e18566efc6c8337228b46d6.html,20200217203206
https://web.archive.org/web/20200217203206/https://www.elmundo.es/espana/2020/01/03/5e0f4c4efc6c8349118b46d7.html,20200217203206
https://web.archive.org/web/20200217203206/https://www.elmundo.es/comunidad-valenciana/castellon/2019/12/19/5dfa7cc6fdddff6c6e8b45e9.html,20200217203206
https://web.archive.org/web/20200224060445/https://www.elmundo.es/andalucia/2020/02/09/5e400cf421efa03b088b4643.html,20200224060445
https://web.archive.org/web/20200224060445/https://www.elmundo.es/andalucia/2020/02/08/5e3f17fafc6c8348788b45c2.html,20200224060445
https://web.archive.org/web/20200224060445/https://www.elmundo.es/comunidad-valenciana/castellon/2020/01/24/5e2a1557fdddff444a8b4582.html,20200224060445
https://web.archive.org/web/20200224060445/https://www.elmundo.es/comunidad-valenciana/castellon/2020/01/23/5e28b14bfdddfffe7c8b4676.html,20200224060445
https://web.archive.org/web/20200224060445/https://www.elmundo.es/cataluna/2020/01/18/5e23533ffc6c83214b8b45a6.html,20200224060445
https://web.archive.org/web/20200224060445/https://www.elmundo.es/internacional/2020/01/15/5e1f4708fc6c83b40d8b4602.html,20200224060445
https://web.archive.org/web/20200224060445/https://www.elmundo.es/andalucia/2020/01/10/5e18566efc6c8337228b46d6.html,20200224060445
https://web.archive.org/web/20200224060445/https://www.elmundo.es/espana/2020/01/03/5e0f4c4efc6c8349118b46d7.html,20200224060445
https://web.archive.org/web/20200225024656/https://www.elmundo.es/andalucia/2020/02/09/5e400cf421efa03b088b4643.html,20200225024656
https://web.archive.org/web/20200225024656/https://www.elmundo.es/andalucia/2020/02/08/5e3f17fafc6c8348788b45c2.html,20200225024656
https://web.archive.org/web/20200225024656/https://www.elmundo.es/comunidad-valenciana/castellon/2020/01/24/5e2a1557fdddff444a8b4582.html,20200225024656
https://web.archive.org/web/20200225024656/https://www.elmundo.es/comunidad-valenciana/castellon/2020/01/23/5e28b14bfdddfffe7c8b4676.html,20200225024656
https://web.archive.org/web/20200225024656/https://www.elmundo.es/cataluna/2020/01/18/5e23533ffc6c83214b8b45a6.html,20200225024656
https://web.archive.org/web/20200225024656/https://www.elmundo.es/internacional/2020/01/15/5e1f4708fc6c83b40d8b4602.html,20200225024656
https://web.archive.org/web/20200225024656/https://www.elmundo.es/andalucia/2020/01/10/5e18566efc6c8337228b46d6.html,20200225024656
https://web.archive.org/web/20200225024656/https://www.elmundo.es/espana/2020/01/03/5e0f4c4efc6c8349118b46d7.html,20200225024656
https://web.archive.org/web/20200301110808/https://www.elmundo.es/andalucia/2020/02/09/5e400cf421efa03b088b4643.html,20200301110808
https://web.archive.org/web/20200301110808/https://www.elmundo.es/andalucia/2020/02/08/5e3f17fafc6c8348788b45c2.html,20200301110808
https://web.archive.org/web/20200301110808/https://www.elmundo.es/comunidad-valenciana/castellon/2020/01/24/5e2a1557fdddff444a8b4582.html,20200301110808
https://web.archive.org/web/20200301110808/https://www.elmundo.es/comunidad-valenciana/castellon/2020/01/23/5e28b14bfdddfffe7c8b4676.html,20200301110808
https://web.archive.org/web/20200301110808/https://www.elmundo.es/cataluna/2020/01/18/5e23533ffc6c83214b8b45a6.html,20200301110808
https://web.archive.org/web/20200301110808/https://www.elmundo.es/internacional/2020/01/15/5e1f4708fc6c83b40d8b4602.html,20200301110808
https://web.archive.org/web/20200301110808/https://www.elmundo.es/andalucia/2020/01/10/5e18566efc6c8337228b46d6.html,20200301110808
https://web.archive.org/web/20200301110808/https://www.elmundo.es/espana/2020/01/03/5e0f4c4efc6c8349118b46d7.html,20200301110808
https://web.archive.org/web/20200302084514/https://www.elmundo.es/andalucia/2020/02/09/5e400cf421efa03b088b4643.html,20200302084514
https://web.archive.org/web/20200302084514/https://www.elmundo.es/andalucia/2020/02/08/5e3f17fafc6c8348788b45c2.html,20200302084514
https://web.archive.org/web/20200302084514/https://www.elmundo.es/comunidad-valenciana/castellon/2020/01/24/5e2a1557fdddff444a8b4582.html,20200302084514
https://web.archive.org/web/20200302084514/https://www.elmundo.es/comunidad-valenciana/castellon/2020/01/23/5e28b14bfdddfffe7c8b4676.html,20200302084514
https://web.archive.org/web/20200302084514/https://www.elmundo.es/cataluna/2020/01/18/5e23533ffc6c83214b8b45a6.html,20200302084514
https://web.archive.org/web/20200302084514/https://www.elmundo.es/internacional/2020/01/15/5e1f4708fc6c83b40d8b4602.html,20200302084514
https://web.archive.org/web/20200302084514/https://www.elmundo.es/andalucia/2020/01/10/5e18566efc6c8337228b46d6.html,20200302084514
https://web.archive.org/web/20200302084514/https://www.elmundo.es/espana/2020/01/03/5e0f4c4efc6c8349118b46d7.html,20200302084514
https://web.archive.org/web/20200303100111/https://www.elmundo.es/andalucia/2020/02/09/5e400cf421efa03b088b4643.html,20200303100111
https://web.archive.org/web/20200303100111/https://www.elmundo.es/andalucia/2020/02/08/5e3f17fafc6c8348788b45c2.html,20200303100111
https://web.archive.org/web/20200303100111/https://www.elmundo.es/comunidad-valenciana/castellon/2020/01/24/5e2a1557fdddff444a8b4582.html,20200303100111
https://web.archive.org/web/20200303100111/https://www.elmundo.es/comunidad-valenciana/castellon/2020/01/23/5e28b14bfdddfffe7c8b4676.html,20200303100111
https://web.archive.org/web/20200303100111/https://www.elmundo.es/cataluna/2020/01/18/5e23533ffc6c83214b8b45a6.html,20200303100111
https://web.archive.org/web/20200303100111/https://www.elmundo.es/internacional/2020/01/15/5e1f4708fc6c83b40d8b4602.html,20200303100111
https://web.archive.org/web/20200303100111/https://www.elmundo.es/andalucia/2020/01/10/5e18566efc6c8337228b46d6.html,20200303100111
https://web.archive.org/web/20200303100111/https://www.elmundo.es/espana/2020/01/03/5e0f4c4efc6c8349118b46d7.html,20200303100111
https://web.archive.org/web/20200304090324/https://www.elmundo.es/espana/2020/03/03/5e5e5077fc6c83976d8b4618.html,20200304090324
https://web.archive.org/web/20200304090324/https://www.elmundo.es/andalucia/2020/02/09/5e400cf421efa03b088b4643.html,20200304090324
https://web.archive.org/web/20200304090324/https://www.elmundo.es/andalucia/2020/02/08/5e3f17fafc6c8348788b45c2.html,20200304090324
https://web.archive.org/web/20200304090324/https://www.elmundo.es/comunidad-valenciana/castellon/2020/01/24/5e2a1557fdddff444a8b4582.html,20200304090324
https://web.archive.org/web/20200304090324/https://www.elmundo.es/comunidad-valenciana/castellon/2020/01/23/5e28b14bfdddfffe7c8b4676.html,20200304090324
https://web.archive.org/web/20200304090324/https://www.elmundo.es/cataluna/2020/01/18/5e23533ffc6c83214b8b45a6.html,20200304090324
https://web.archive.org/web/20200304090324/https://www.elmundo.es/internacional/2020/01/15/5e1f4708fc6c83b40d8b4602.html,20200304090324
https://web.archive.org/web/20200304090324/https://www.elmundo.es/andalucia/2020/01/10/5e18566efc6c8337228b46d6.html,20200304090324
https://web.archive.org/web/20200304090324/https://www.elmundo.es/espana/2020/01/03/5e0f4c4efc6c8349118b46d7.html,20200304090324
https://web.archive.org/web/20200305095139/https://www.elmundo.es/espana/2020/03/03/5e5e5077fc6c83976d8b4618.html,20200305095139
https://web.archive.org/web/20200305095139/https://www.elmundo.es/andalucia/2020/02/09/5e400cf421efa03b088b4643.html,20200305095139
https://web.archive.org/web/20200305095139/https://www.elmundo.es/andalucia/2020/02/08/5e3f17fafc6c8348788b45c2.html,20200305095139
https://web.archive.org/web/20200305095139/https://www.elmundo.es/comunidad-valenciana/castellon/2020/01/24/5e2a1557fdddff444a8b4582.html,20200305095139
https://web.archive.org/web/20200305095139/https://www.elmundo.es/comunidad-valenciana/castellon/2020/01/23/5e28b14bfdddfffe7c8b4676.html,20200305095139
https://web.archive.org/web/20200305095139/https://www.elmundo.es/cataluna/2020/01/18/5e23533ffc6c83214b8b45a6.html,20200305095139
https://web.archive.org/web/20200305095139/https://www.elmundo.es/internacional/2020/01/15/5e1f4708fc6c83b40d8b4602.html,20200305095139
https://web.archive.org/web/20200305095139/https://www.elmundo.es/andalucia/2020/01/10/5e18566efc6c8337228b46d6.html,20200305095139
https://web.archive.org/web/20200305095139/https://www.elmundo.es/espana/2020/03/04/5e6002befdddff1d558b45f2.html,20200305095139
https://web.archive.org/web/20200311160426/https://www.elmundo.es/espana/2020/03/03/5e5e5077fc6c83976d8b4618.html,20200311160426
https://web.archive.org/web/20200311160426/https://www.elmundo.es/andalucia/2020/02/09/5e400cf421efa03b088b4643.html,20200311160426
https://web.archive.org/web/20200311160426/https://www.elmundo.es/andalucia/2020/02/08/5e3f17fafc6c8348788b45c2.html,20200311160426
https://web.archive.org/web/20200311160426/https://www.elmundo.es/comunidad-valenciana/castellon/2020/01/24/5e2a1557fdddff444a8b4582.html,20200311160426
https://web.archive.org/web/20200311160426/https://www.elmundo.es/comunidad-valenciana/castellon/2020/01/23/5e28b14bfdddfffe7c8b4676.html,20200311160426
https://web.archive.org/web/20200311160426/https://www.elmundo.es/cataluna/2020/01/18/5e23533ffc6c83214b8b45a6.html,20200311160426
https://web.archive.org/web/20200311160426/https://www.elmundo.es/internacional/2020/01/15/5e1f4708fc6c83b40d8b4602.html,20200311160426
https://web.archive.org/web/20200311160426/https://www.elmundo.es/andalucia/2020/01/10/5e18566efc6c8337228b46d6.html,20200311160426
https://web.archive.org/web/20200312175807/https://www.elmundo.es/cataluna/2020/03/11/5e69142121efa095368b457b.html,20200312175807
https://web.archive.org/web/20200312175807/https://www.elmundo.es/espana/2020/03/03/5e5e5077fc6c83976d8b4618.html,20200312175807
https://web.archive.org/web/20200312175807/https://www.elmundo.es/andalucia/2020/02/09/5e400cf421efa03b088b4643.html,20200312175807
https://web.archive.org/web/20200312175807/https://www.elmundo.es/andalucia/2020/02/08/5e3f17fafc6c8348788b45c2.html,20200312175807
https://web.archive.org/web/20200312175807/https://www.elmundo.es/comunidad-valenciana/castellon/2020/01/24/5e2a1557fdddff444a8b4582.html,20200312175807
https://web.archive.org/web/20200312175807/https://www.elmundo.es/comunidad-valenciana/castellon/2020/01/23/5e28b14bfdddfffe7c8b4676.html,20200312175807
https://web.archive.org/web/20200312175807/https://www.elmundo.es/cataluna/2020/01/18/5e23533ffc6c83214b8b45a6.html,20200312175807
https://web.archive.org/web/20200312175807/https://www.elmundo.es/internacional/2020/01/15/5e1f4708fc6c83b40d8b4602.html,20200312175807
https://web.archive.org/web/20200313175513/https://www.elmundo.es/cataluna/2020/03/11/5e69142121efa095368b457b.html,20200313175513
https://web.archive.org/web/20200313175513/https://www.elmundo.es/espana/2020/03/03/5e5e5077fc6c83976d8b4618.html,20200313175513
https://web.archive.org/web/20200313175513/https://www.elmundo.es/andalucia/2020/02/09/5e400cf421efa03b088b4643.html,20200313175513
https://web.archive.org/web/20200313175513/https://www.elmundo.es/andalucia/2020/02/08/5e3f17fafc6c8348788b45c2.html,20200313175513
https://web.archive.org/web/20200313175513/https://www.elmundo.es/comunidad-valenciana/castellon/2020/01/24/5e2a1557fdddff444a8b4582.html,20200313175513
https://web.archive.org/web/20200313175513/https://www.elmundo.es/comunidad-valenciana/castellon/2020/01/23/5e28b14bfdddfffe7c8b4676.html,20200313175513
https://web.archive.org/web/20200313175513/https://www.elmundo.es/cataluna/2020/01/18/5e23533ffc6c83214b8b45a6.html,20200313175513
https://web.archive.org/web/20200313175513/https://www.elmundo.es/internacional/2020/01/15/5e1f4708fc6c83b40d8b4602.html,20200313175513
https://web.archive.org/web/20200316183317/https://www.elmundo.es/cataluna/2020/03/11/5e69142121efa095368b457b.html,20200316183317
https://web.archive.org/web/20200316183317/https://www.elmundo.es/espana/2020/03/03/5e5e5077fc6c83976d8b4618.html,20200316183317
https://web.archive.org/web/20200316183317/https://www.elmundo.es/andalucia/2020/02/09/5e400cf421efa03b088b4643.html,20200316183317
https://web.archive.org/web/20200316183317/https://www.elmundo.es/andalucia/2020/02/08/5e3f17fafc6c8348788b45c2.html,20200316183317
https://web.archive.org/web/20200316183317/https://www.elmundo.es/comunidad-valenciana/castellon/2020/01/24/5e2a1557fdddff444a8b4582.html,20200316183317
https://web.archive.org/web/20200316183317/https://www.elmundo.es/comunidad-valenciana/castellon/2020/01/23/5e28b14bfdddfffe7c8b4676.html,20200316183317
https://web.archive.org/web/20200316183317/https://www.elmundo.es/cataluna/2020/01/18/5e23533ffc6c83214b8b45a6.html,20200316183317
https://web.archive.org/web/20200316183317/https://www.elmundo.es/internacional/2020/01/15/5e1f4708fc6c83b40d8b4602.html,20200316183317
https://web.archive.org/web/20200317183013/https://www.elmundo.es/cataluna/2020/03/11/5e69142121efa095368b457b.html,20200317183013
https://web.archive.org/web/20200317183013/https://www.elmundo.es/espana/2020/03/03/5e5e5077fc6c83976d8b4618.html,20200317183013
https://web.archive.org/web/20200317183013/https://www.elmundo.es/andalucia/2020/02/09/5e400cf421efa03b088b4643.html,20200317183013
https://web.archive.org/web/20200317183013/https://www.elmundo.es/andalucia/2020/02/08/5e3f17fafc6c8348788b45c2.html,20200317183013
https://web.archive.org/web/20200317183013/https://www.elmundo.es/comunidad-valenciana/castellon/2020/01/24/5e2a1557fdddff444a8b4582.html,20200317183013
https://web.archive.org/web/20200317183013/https://www.elmundo.es/comunidad-valenciana/castellon/2020/01/23/5e28b14bfdddfffe7c8b4676.html,20200317183013
https://web.archive.org/web/20200317183013/https://www.elmundo.es/cataluna/2020/01/18/5e23533ffc6c83214b8b45a6.html,20200317183013
https://web.archive.org/web/20200317183013/https://www.elmundo.es/internacional/2020/01/15/5e1f4708fc6c83b40d8b4602.html,20200317183013
https://web.archive.org/web/20200318191614/https://www.elmundo.es/cataluna/2020/03/11/5e69142121efa095368b457b.html,20200318191614
https://web.archive.org/web/20200318191614/https://www.elmundo.es/espana/2020/03/03/5e5e5077fc6c83976d8b4618.html,20200318191614
https://web.archive.org/web/20200318191614/https://www.elmundo.es/andalucia/2020/02/09/5e400cf421efa03b088b4643.html,20200318191614
https://web.archive.org/web/20200318191614/https://www.elmundo.es/andalucia/2020/02/08/5e3f17fafc6c8348788b45c2.html,20200318191614
https://web.archive.org/web/20200318191614/https://www.elmundo.es/comunidad-valenciana/castellon/2020/01/24/5e2a1557fdddff444a8b4582.html,20200318191614
https://web.archive.org/web/20200318191614/https://www.elmundo.es/comunidad-valenciana/castellon/2020/01/23/5e28b14bfdddfffe7c8b4676.html,20200318191614
https://web.archive.org/web/20200318191614/https://www.elmundo.es/cataluna/2020/01/18/5e23533ffc6c83214b8b45a6.html,20200318191614
https://web.archive.org/web/20200318191614/https://www.elmundo.es/internacional/2020/01/15/5e1f4708fc6c83b40d8b4602.html,20200318191614
https://web.archive.org/web/20200319202406/https://www.elmundo.es/cataluna/2020/03/11/5e69142121efa095368b457b.html,20200319202406
https://web.archive.org/web/20200319202406/https://www.elmundo.es/espana/2020/03/03/5e5e5077fc6c83976d8b4618.html,20200319202406
https://web.archive.org/web/20200319202406/https://www.elmundo.es/andalucia/2020/02/09/5e400cf421efa03b088b4643.html,20200319202406
https://web.archive.org/web/20200319202406/https://www.elmundo.es/andalucia/2020/02/08/5e3f17fafc6c8348788b45c2.html,20200319202406
https://web.archive.org/web/20200319202406/https://www.elmundo.es/comunidad-valenciana/castellon/2020/01/24/5e2a1557fdddff444a8b4582.html,20200319202406
https://web.archive.org/web/20200319202406/https://www.elmundo.es/comunidad-valenciana/castellon/2020/01/23/5e28b14bfdddfffe7c8b4676.html,20200319202406
https://web.archive.org/web/20200319202406/https://www.elmundo.es/cataluna/2020/01/18/5e23533ffc6c83214b8b45a6.html,20200319202406
https://web.archive.org/web/20200319202406/https://www.elmundo.es/internacional/2020/01/15/5e1f4708fc6c83b40d8b4602.html,20200319202406
https://web.archive.org/web/20200320210735/https://www.elmundo.es/cataluna/2020/03/11/5e69142121efa095368b457b.html,20200320210735
https://web.archive.org/web/20200320210735/https://www.elmundo.es/espana/2020/03/03/5e5e5077fc6c83976d8b4618.html,20200320210735
https://web.archive.org/web/20200320210735/https://www.elmundo.es/andalucia/2020/02/09/5e400cf421efa03b088b4643.html,20200320210735
https://web.archive.org/web/20200320210735/https://www.elmundo.es/andalucia/2020/02/08/5e3f17fafc6c8348788b45c2.html,20200320210735
https://web.archive.org/web/20200320210735/https://www.elmundo.es/comunidad-valenciana/castellon/2020/01/24/5e2a1557fdddff444a8b4582.html,20200320210735
https://web.archive.org/web/20200320210735/https://www.elmundo.es/comunidad-valenciana/castellon/2020/01/23/5e28b14bfdddfffe7c8b4676.html,20200320210735
https://web.archive.org/web/20200320210735/https://www.elmundo.es/cataluna/2020/01/18/5e23533ffc6c83214b8b45a6.html,20200320210735
https://web.archive.org/web/20200320210735/https://www.elmundo.es/internacional/2020/01/15/5e1f4708fc6c83b40d8b4602.html,20200320210735
https://web.archive.org/web/20200321215751/https://www.elmundo.es/cataluna/2020/03/11/5e69142121efa095368b457b.html,20200321215751
https://web.archive.org/web/20200321215751/https://www.elmundo.es/espana/2020/03/03/5e5e5077fc6c83976d8b4618.html,20200321215751
https://web.archive.org/web/20200321215751/https://www.elmundo.es/andalucia/2020/02/09/5e400cf421efa03b088b4643.html,20200321215751
https://web.archive.org/web/20200321215751/https://www.elmundo.es/andalucia/2020/02/08/5e3f17fafc6c8348788b45c2.html,20200321215751
https://web.archive.org/web/20200321215751/https://www.elmundo.es/comunidad-valenciana/castellon/2020/01/24/5e2a1557fdddff444a8b4582.html,20200321215751
https://web.archive.org/web/20200321215751/https://www.elmundo.es/comunidad-valenciana/castellon/2020/01/23/5e28b14bfdddfffe7c8b4676.html,20200321215751
https://web.archive.org/web/20200321215751/https://www.elmundo.es/cataluna/2020/01/18/5e23533ffc6c83214b8b45a6.html,20200321215751
https://web.archive.org/web/20200321215751/https://www.elmundo.es/internacional/2020/01/15/5e1f4708fc6c83b40d8b4602.html,20200321215751
https://web.archive.org/web/20200405195004/https://www.elmundo.es/comunidad-valenciana/2020/03/22/5e765026fdddffad7c8b460a.html,20200405195004
https://web.archive.org/web/20200405195004/https://www.elmundo.es/cataluna/2020/03/11/5e69142121efa095368b457b.html,20200405195004
https://web.archive.org/web/20200405195004/https://www.elmundo.es/espana/2020/03/03/5e5e5077fc6c83976d8b4618.html,20200405195004
https://web.archive.org/web/20200405195004/https://www.elmundo.es/andalucia/2020/02/09/5e400cf421efa03b088b4643.html,20200405195004
https://web.archive.org/web/20200405195004/https://www.elmundo.es/andalucia/2020/02/08/5e3f17fafc6c8348788b45c2.html,20200405195004
https://web.archive.org/web/20200407005014/https://www.elmundo.es/comunidad-valenciana/2020/03/22/5e765026fdddffad7c8b460a.html,20200407005014
https://web.archive.org/web/20200407005014/https://www.elmundo.es/cataluna/2020/03/11/5e69142121efa095368b457b.html,20200407005014
https://web.archive.org/web/20200407005014/https://www.elmundo.es/espana/2020/03/03/5e5e5077fc6c83976d8b4618.html,20200407005014
https://web.archive.org/web/20200407005014/https://www.elmundo.es/andalucia/2020/02/09/5e400cf421efa03b088b4643.html,20200407005014
https://web.archive.org/web/20200407005014/https://www.elmundo.es/andalucia/2020/02/08/5e3f17fafc6c8348788b45c2.html,20200407005014
https://web.archive.org/web/20200408010153/https://www.elmundo.es/comunidad-valenciana/2020/03/22/5e765026fdddffad7c8b460a.html,20200408010153
https://web.archive.org/web/20200408010153/https://www.elmundo.es/cataluna/2020/03/11/5e69142121efa095368b457b.html,20200408010153
https://web.archive.org/web/20200408010153/https://www.elmundo.es/espana/2020/03/03/5e5e5077fc6c83976d8b4618.html,20200408010153
https://web.archive.org/web/20200408010153/https://www.elmundo.es/andalucia/2020/02/09/5e400cf421efa03b088b4643.html,20200408010153
https://web.archive.org/web/20200408010153/https://www.elmundo.es/andalucia/2020/02/08/5e3f17fafc6c8348788b45c2.html,20200408010153
https://web.archive.org/web/20200410034245/https://www.elmundo.es/comunidad-valenciana/2020/03/22/5e765026fdddffad7c8b460a.html,20200410034245
https://web.archive.org/web/20200410034245/https://www.elmundo.es/cataluna/2020/03/11/5e69142121efa095368b457b.html,20200410034245
https://web.archive.org/web/20200410034245/https://www.elmundo.es/espana/2020/03/03/5e5e5077fc6c83976d8b4618.html,20200410034245
https://web.archive.org/web/20200410034245/https://www.elmundo.es/andalucia/2020/02/09/5e400cf421efa03b088b4643.html,20200410034245
https://web.archive.org/web/20200410034245/https://www.elmundo.es/andalucia/2020/02/08/5e3f17fafc6c8348788b45c2.html,20200410034245
https://web.archive.org/web/20200421040913/https://www.elmundo.es/comunidad-valenciana/2020/03/22/5e765026fdddffad7c8b460a.html,20200421040913
https://web.archive.org/web/20200421040913/https://www.elmundo.es/cataluna/2020/03/11/5e69142121efa095368b457b.html,20200421040913
https://web.archive.org/web/20200421040913/https://www.elmundo.es/espana/2020/03/03/5e5e5077fc6c83976d8b4618.html,20200421040913
https://web.archive.org/web/20200423221359/https://www.elmundo.es/comunidad-valenciana/2020/03/22/5e765026fdddffad7c8b460a.html,20200423221359
https://web.archive.org/web/20200423221359/https://www.elmundo.es/cataluna/2020/03/11/5e69142121efa095368b457b.html,20200423221359
https://web.archive.org/web/20200423221359/https://www.elmundo.es/espana/2020/03/03/5e5e5077fc6c83976d8b4618.html,20200423221359
https://web.archive.org/web/20200424052839/https://www.elmundo.es/comunidad-valenciana/2020/03/22/5e765026fdddffad7c8b460a.html,20200424052839
https://web.archive.org/web/20200424052839/https://www.elmundo.es/cataluna/2020/03/11/5e69142121efa095368b457b.html,20200424052839
https://web.archive.org/web/20200424052839/https://www.elmundo.es/espana/2020/03/03/5e5e5077fc6c83976d8b4618.html,20200424052839
https://web.archive.org/web/20200425070355/https://www.elmundo.es/comunidad-valenciana/2020/03/22/5e765026fdddffad7c8b460a.html,20200425070355
https://web.archive.org/web/20200425070355/https://www.elmundo.es/cataluna/2020/03/11/5e69142121efa095368b457b.html,20200425070355
https://web.archive.org/web/20200425070355/https://www.elmundo.es/espana/2020/03/03/5e5e5077fc6c83976d8b4618.html,20200425070355
https://web.archive.org/web/20200426084915/https://www.elmundo.es/comunidad-valenciana/2020/03/22/5e765026fdddffad7c8b460a.html,20200426084915
https://web.archive.org/web/20200426084915/https://www.elmundo.es/cataluna/2020/03/11/5e69142121efa095368b457b.html,20200426084915
https://web.archive.org/web/20200426084915/https://www.elmundo.es/espana/2020/03/03/5e5e5077fc6c83976d8b4618.html,20200426084915
https://web.archive.org/web/20200427090417/https://www.elmundo.es/comunidad-valenciana/2020/03/22/5e765026fdddffad7c8b460a.html,20200427090417
https://web.archive.org/web/20200427090417/https://www.elmundo.es/cataluna/2020/03/11/5e69142121efa095368b457b.html,20200427090417
https://web.archive.org/web/20200427090417/https://www.elmundo.es/espana/2020/03/03/5e5e5077fc6c83976d8b4618.html,20200427090417
https://web.archive.org/web/20200428103104/https://www.elmundo.es/comunidad-valenciana/2020/03/22/5e765026fdddffad7c8b460a.html,20200428103104
https://web.archive.org/web/20200428103104/https://www.elmundo.es/cataluna/2020/03/11/5e69142121efa095368b457b.html,20200428103104
https://web.archive.org/web/20200428103104/https://www.elmundo.es/espana/2020/03/03/5e5e5077fc6c83976d8b4618.html,20200428103104
https://web.archive.org/web/20200430121743/https://www.elmundo.es/comunidad-valenciana/2020/03/22/5e765026fdddffad7c8b460a.html,20200430121743
https://web.archive.org/web/20200430121743/https://www.elmundo.es/cataluna/2020/03/11/5e69142121efa095368b457b.html,20200430121743
https://web.archive.org/web/20200430121743/https://www.elmundo.es/espana/2020/03/03/5e5e5077fc6c83976d8b4618.html,20200430121743
https://web.archive.org/web/20200501121550/https://www.elmundo.es/comunidad-valenciana/2020/03/22/5e765026fdddffad7c8b460a.html,20200501121550
https://web.archive.org/web/20200501121550/https://www.elmundo.es/cataluna/2020/03/11/5e69142121efa095368b457b.html,20200501121550
https://web.archive.org/web/20200501121550/https://www.elmundo.es/espana/2020/03/03/5e5e5077fc6c83976d8b4618.html,20200501121550
https://web.archive.org/web/20200502114151/https://www.elmundo.es/comunidad-valenciana/2020/03/22/5e765026fdddffad7c8b460a.html,20200502114151
https://web.archive.org/web/20200502114151/https://www.elmundo.es/cataluna/2020/03/11/5e69142121efa095368b457b.html,20200502114151
https://web.archive.org/web/20200502114151/https://www.elmundo.es/espana/2020/03/03/5e5e5077fc6c83976d8b4618.html,20200502114151
https://web.archive.org/web/20200503130714/https://www.elmundo.es/comunidad-valenciana/2020/03/22/5e765026fdddffad7c8b460a.html,20200503130714
https://web.archive.org/web/20200503130714/https://www.elmundo.es/cataluna/2020/03/11/5e69142121efa095368b457b.html,20200503130714
https://web.archive.org/web/20200503130714/https://www.elmundo.es/espana/2020/03/03/5e5e5077fc6c83976d8b4618.html,20200503130714
https://web.archive.org/web/20200504161829/https://www.elmundo.es/comunidad-valenciana/2020/03/22/5e765026fdddffad7c8b460a.html,20200504161829
https://web.archive.org/web/20200504161829/https://www.elmundo.es/cataluna/2020/03/11/5e69142121efa095368b457b.html,20200504161829
https://web.archive.org/web/20200504161829/https://www.elmundo.es/espana/2020/03/03/5e5e5077fc6c83976d8b4618.html,20200504161829
https://web.archive.org/web/20200505171440/https://www.elmundo.es/comunidad-valenciana/2020/03/22/5e765026fdddffad7c8b460a.html,20200505171440
https://web.archive.org/web/20200505171440/https://www.elmundo.es/cataluna/2020/03/11/5e69142121efa095368b457b.html,20200505171440
https://web.archive.org/web/20200505171440/https://www.elmundo.es/espana/2020/03/03/5e5e5077fc6c83976d8b4618.html,20200505171440
https://web.archive.org/web/20200506165958/https://www.elmundo.es/comunidad-valenciana/2020/03/22/5e765026fdddffad7c8b460a.html,20200506165958
https://web.archive.org/web/20200506165958/https://www.elmundo.es/cataluna/2020/03/11/5e69142121efa095368b457b.html,20200506165958
https://web.archive.org/web/20200506165958/https://www.elmundo.es/espana/2020/03/03/5e5e5077fc6c83976d8b4618.html,20200506165958
https://web.archive.org/web/20200507184051/https://www.elmundo.es/comunidad-valenciana/2020/03/22/5e765026fdddffad7c8b460a.html,20200507184051
https://web.archive.org/web/20200507184051/https://www.elmundo.es/cataluna/2020/03/11/5e69142121efa095368b457b.html,20200507184051
https://web.archive.org/web/20200507184051/https://www.elmundo.es/espana/2020/03/03/5e5e5077fc6c83976d8b4618.html,20200507184051
https://web.archive.org/web/20200508191423/https://www.elmundo.es/comunidad-valenciana/2020/03/22/5e765026fdddffad7c8b460a.html,20200508191423
https://web.archive.org/web/20200508191423/https://www.elmundo.es/cataluna/2020/03/11/5e69142121efa095368b457b.html,20200508191423
https://web.archive.org/web/20200508191423/https://www.elmundo.es/espana/2020/03/03/5e5e5077fc6c83976d8b4618.html,20200508191423
https://web.archive.org/web/20200701020512/https://www.elmundo.es/espana/2020/06/17/5ee9ebdffc6c8344748b4583.html,20200701020512
https://web.archive.org/web/20200701020512/https://www.elmundo.es/cultura/literatura/2020/05/13/5ebab8c321efa0fb6d8b457e.html,20200701020512
https://web.archive.org/web/20200701020512/https://www.elmundo.es/comunidad-valenciana/2020/03/22/5e765026fdddffad7c8b460a.html,20200701020512
https://web.archive.org/web/20200701020512/https://www.elmundo.es/cataluna/2020/03/11/5e69142121efa095368b457b.html,20200701020512
https://web.archive.org/web/20200702021826/https://www.elmundo.es/espana/2020/06/17/5ee9ebdffc6c8344748b4583.html,20200702021826
https://web.archive.org/web/20200702021826/https://www.elmundo.es/cultura/literatura/2020/05/13/5ebab8c321efa0fb6d8b457e.html,20200702021826
https://web.archive.org/web/20200702021826/https://www.elmundo.es/comunidad-valenciana/2020/03/22/5e765026fdddffad7c8b460a.html,20200702021826
https://web.archive.org/web/20200702021826/https://www.elmundo.es/cataluna/2020/03/11/5e69142121efa095368b457b.html,20200702021826
https://web.archive.org/web/20200703024606/https://www.elmundo.es/espana/2020/06/17/5ee9ebdffc6c8344748b4583.html,20200703024606
https://web.archive.org/web/20200703024606/https://www.elmundo.es/cultura/literatura/2020/05/13/5ebab8c321efa0fb6d8b457e.html,20200703024606
https://web.archive.org/web/20200703024606/https://www.elmundo.es/comunidad-valenciana/2020/03/22/5e765026fdddffad7c8b460a.html,20200703024606
https://web.archive.org/web/20200703024606/https://www.elmundo.es/cataluna/2020/03/11/5e69142121efa095368b457b.html,20200703024606
https://web.archive.org/web/20200704033935/https://www.elmundo.es/espana/2020/06/17/5ee9ebdffc6c8344748b4583.html,20200704033935
https://web.archive.org/web/20200704033935/https://www.elmundo.es/cultura/literatura/2020/05/13/5ebab8c321efa0fb6d8b457e.html,20200704033935
https://web.archive.org/web/20200704033935/https://www.elmundo.es/comunidad-valenciana/2020/03/22/5e765026fdddffad7c8b460a.html,20200704033935
https://web.archive.org/web/20200704033935/https://www.elmundo.es/cataluna/2020/03/11/5e69142121efa095368b457b.html,20200704033935
https://web.archive.org/web/20200705053821/https://www.elmundo.es/espana/2020/06/17/5ee9ebdffc6c8344748b4583.html,20200705053821
https://web.archive.org/web/20200705053821/https://www.elmundo.es/cultura/literatura/2020/05/13/5ebab8c321efa0fb6d8b457e.html,20200705053821
https://web.archive.org/web/20200705053821/https://www.elmundo.es/comunidad-valenciana/2020/03/22/5e765026fdddffad7c8b460a.html,20200705053821
https://web.archive.org/web/20200705053821/https://www.elmundo.es/cataluna/2020/03/11/5e69142121efa095368b457b.html,20200705053821
https://web.archive.org/web/20200706063803/https://www.elmundo.es/espana/2020/06/17/5ee9ebdffc6c8344748b4583.html,20200706063803
https://web.archive.org/web/20200706063803/https://www.elmundo.es/cultura/literatura/2020/05/13/5ebab8c321efa0fb6d8b457e.html,20200706063803
https://web.archive.org/web/20200706063803/https://www.elmundo.es/comunidad-valenciana/2020/03/22/5e765026fdddffad7c8b460a.html,20200706063803
https://web.archive.org/web/20200706063803/https://www.elmundo.es/cataluna/2020/03/11/5e69142121efa095368b457b.html,20200706063803
https://web.archive.org/web/20200707052128/https://www.elmundo.es/espana/2020/06/17/5ee9ebdffc6c8344748b4583.html,20200707052128
https://web.archive.org/web/20200707052128/https://www.elmundo.es/cultura/literatura/2020/05/13/5ebab8c321efa0fb6d8b457e.html,20200707052128
https://web.archive.org/web/20200707052128/https://www.elmundo.es/comunidad-valenciana/2020/03/22/5e765026fdddffad7c8b460a.html,20200707052128
https://web.archive.org/web/20200707052128/https://www.elmundo.es/cataluna/2020/03/11/5e69142121efa095368b457b.html,20200707052128
https://web.archive.org/web/20200708073409/https://www.elmundo.es/espana/2020/06/17/5ee9ebdffc6c8344748b4583.html,20200708073409
https://web.archive.org/web/20200708073409/https://www.elmundo.es/cultura/literatura/2020/05/13/5ebab8c321efa0fb6d8b457e.html,20200708073409
https://web.archive.org/web/20200708073409/https://www.elmundo.es/comunidad-valenciana/2020/03/22/5e765026fdddffad7c8b460a.html,20200708073409
https://web.archive.org/web/20200708073409/https://www.elmundo.es/cataluna/2020/03/11/5e69142121efa095368b457b.html,20200708073409
https://web.archive.org/web/20200709084522/https://www.elmundo.es/espana/2020/06/17/5ee9ebdffc6c8344748b4583.html,20200709084522
https://web.archive.org/web/20200709084522/https://www.elmundo.es/cultura/literatura/2020/05/13/5ebab8c321efa0fb6d8b457e.html,20200709084522
https://web.archive.org/web/20200709084522/https://www.elmundo.es/comunidad-valenciana/2020/03/22/5e765026fdddffad7c8b460a.html,20200709084522
https://web.archive.org/web/20200709084522/https://www.elmundo.es/cataluna/2020/03/11/5e69142121efa095368b457b.html,20200709084522
https://web.archive.org/web/20200710102824/https://www.elmundo.es/espana/2020/06/17/5ee9ebdffc6c8344748b4583.html,20200710102824
https://web.archive.org/web/20200710102824/https://www.elmundo.es/cultura/literatura/2020/05/13/5ebab8c321efa0fb6d8b457e.html,20200710102824
https://web.archive.org/web/20200710102824/https://www.elmundo.es/comunidad-valenciana/2020/03/22/5e765026fdddffad7c8b460a.html,20200710102824
https://web.archive.org/web/20200710102824/https://www.elmundo.es/cataluna/2020/03/11/5e69142121efa095368b457b.html,20200710102824
https://web.archive.org/web/20200711103559/https://www.elmundo.es/espana/2020/06/17/5ee9ebdffc6c8344748b4583.html,20200711103559
https://web.archive.org/web/20200711103559/https://www.elmundo.es/cultura/literatura/2020/05/13/5ebab8c321efa0fb6d8b457e.html,20200711103559
https://web.archive.org/web/20200711103559/https://www.elmundo.es/comunidad-valenciana/2020/03/22/5e765026fdddffad7c8b460a.html,20200711103559
https://web.archive.org/web/20200711103559/https://www.elmundo.es/cataluna/2020/03/11/5e69142121efa095368b457b.html,20200711103559
https://web.archive.org/web/20200712132321/https://www.elmundo.es/espana/2020/06/17/5ee9ebdffc6c8344748b4583.html,20200712132321
https://web.archive.org/web/20200712132321/https://www.elmundo.es/cultura/literatura/2020/05/13/5ebab8c321efa0fb6d8b457e.html,20200712132321
https://web.archive.org/web/20200712132321/https://www.elmundo.es/comunidad-valenciana/2020/03/22/5e765026fdddffad7c8b460a.html,20200712132321
https://web.archive.org/web/20200712132321/https://www.elmundo.es/cataluna/2020/03/11/5e69142121efa095368b457b.html,20200712132321
https://web.archive.org/web/20200713174249/https://www.elmundo.es/espana/2020/06/17/5ee9ebdffc6c8344748b4583.html,20200713174249
https://web.archive.org/web/20200713174249/https://www.elmundo.es/cultura/literatura/2020/05/13/5ebab8c321efa0fb6d8b457e.html,20200713174249
https://web.archive.org/web/20200713174249/https://www.elmundo.es/comunidad-valenciana/2020/03/22/5e765026fdddffad7c8b460a.html,20200713174249
https://web.archive.org/web/20200713174249/https://www.elmundo.es/cataluna/2020/03/11/5e69142121efa095368b457b.html,20200713174249
https://web.archive.org/web/20200717191913/https://www.elmundo.es/espana/2020/06/17/5ee9ebdffc6c8344748b4583.html,20200717191913
https://web.archive.org/web/20200717191913/https://www.elmundo.es/cultura/literatura/2020/05/13/5ebab8c321efa0fb6d8b457e.html,20200717191913
https://web.archive.org/web/20200717191913/https://www.elmundo.es/comunidad-valenciana/2020/03/22/5e765026fdddffad7c8b460a.html,20200717191913
https://web.archive.org/web/20200717191913/https://www.elmundo.es/cataluna/2020/03/11/5e69142121efa095368b457b.html,20200717191913
https://web.archive.org/web/20200805220654/https://www.elmundo.es/espana/2020/06/17/5ee9ebdffc6c8344748b4583.html,20200805220654
https://web.archive.org/web/20200805220654/https://www.elmundo.es/cultura/literatura/2020/05/13/5ebab8c321efa0fb6d8b457e.html,20200805220654
https://web.archive.org/web/20200806182539/https://www.elmundo.es/espana/2020/06/17/5ee9ebdffc6c8344748b4583.html,20200806182539
https://web.archive.org/web/20200806182539/https://www.elmundo.es/cultura/literatura/2020/05/13/5ebab8c321efa0fb6d8b457e.html,20200806182539
https://web.archive.org/web/20200809201431/https://www.elmundo.es/espana/2020/06/17/5ee9ebdffc6c8344748b4583.html,20200809201431
https://web.archive.org/web/20200809201431/https://www.elmundo.es/cultura/literatura/2020/05/13/5ebab8c321efa0fb6d8b457e.html,20200809201431
https://web.archive.org/web/20200811224630/https://www.elmundo.es/espana/2020/06/17/5ee9ebdffc6c8344748b4583.html,20200811224630
https://web.archive.org/web/20200811224630/https://www.elmundo.es/cultura/literatura/2020/05/13/5ebab8c321efa0fb6d8b457e.html,20200811224630
https://web.archive.org/web/20200812222830/https://www.elmundo.es/espana/2020/06/17/5ee9ebdffc6c8344748b4583.html,20200812222830
https://web.archive.org/web/20200812222830/https://www.elmundo.es/cultura/literatura/2020/05/13/5ebab8c321efa0fb6d8b457e.html,20200812222830
https://web.archive.org/web/20200827103046/https://www.elmundo.es/espana/2020/06/17/5ee9ebdffc6c8344748b4583.html,20200827103046
https://web.archive.org/web/20200827103046/https://www.elmundo.es/cultura/literatura/2020/05/13/5ebab8c321efa0fb6d8b457e.html,20200827103046
https://web.archive.org/web/20200919113246/https://www.elmundo.es/espana/2020/09/11/5f5a6244fc6c8359138b45ae.html,20200919113246
https://web.archive.org/web/20200919113246/https://www.elmundo.es/madrid/2020/09/10/5f5a20d9fdddffc0a08b46bd.html,20200919113246
https://web.archive.org/web/20200919113246/https://www.elmundo.es/comunidad-valenciana/2020/09/09/5f590434fdddff1c5f8b4654.html,20200919113246
https://web.archive.org/web/20200919113246/https://www.elmundo.es/espana/2020/06/17/5ee9ebdffc6c8344748b4583.html,20200919113246
https://web.archive.org/web/20200923000845/https://www.elmundo.es/cultura/musica/2020/09/22/5f6a246021efa077248b460e.html,20200923000845
https://web.archive.org/web/20200923000845/https://www.elmundo.es/espana/2020/09/11/5f5a6244fc6c8359138b45ae.html,20200923000845
https://web.archive.org/web/20200923000845/https://www.elmundo.es/madrid/2020/09/10/5f5a20d9fdddffc0a08b46bd.html,20200923000845
https://web.archive.org/web/20200923000845/https://www.elmundo.es/comunidad-valenciana/2020/09/09/5f590434fdddff1c5f8b4654.html,20200923000845
https://web.archive.org/web/20200923000845/https://www.elmundo.es/espana/2020/06/17/5ee9ebdffc6c8344748b4583.html,20200923000845
https://web.archive.org/web/20200925211048/https://www.elmundo.es/cultura/musica/2020/09/22/5f6a246021efa077248b460e.html,20200925211048
https://web.archive.org/web/20200925211048/https://www.elmundo.es/espana/2020/09/11/5f5a6244fc6c8359138b45ae.html,20200925211048
https://web.archive.org/web/20200925211048/https://www.elmundo.es/madrid/2020/09/10/5f5a20d9fdddffc0a08b46bd.html,20200925211048
https://web.archive.org/web/20200925211048/https://www.elmundo.es/comunidad-valenciana/2020/09/09/5f590434fdddff1c5f8b4654.html,20200925211048
https://web.archive.org/web/20200925211048/https://www.elmundo.es/espana/2020/06/17/5ee9ebdffc6c8344748b4583.html,20200925211048
https://web.archive.org/web/20200926060853/https://www.elmundo.es/cultura/musica/2020/09/22/5f6a246021efa077248b460e.html,20200926060853
https://web.archive.org/web/20200926060853/https://www.elmundo.es/espana/2020/09/11/5f5a6244fc6c8359138b45ae.html,20200926060853
https://web.archive.org/web/20200926060853/https://www.elmundo.es/madrid/2020/09/10/5f5a20d9fdddffc0a08b46bd.html,20200926060853
https://web.archive.org/web/20200926060853/https://www.elmundo.es/comunidad-valenciana/2020/09/09/5f590434fdddff1c5f8b4654.html,20200926060853
https://web.archive.org/web/20200926060853/https://www.elmundo.es/espana/2020/06/17/5ee9ebdffc6c8344748b4583.html,20200926060853
https://web.archive.org/web/20200927074700/https://www.elmundo.es/cultura/musica/2020/09/22/5f6a246021efa077248b460e.html,20200927074700
https://web.archive.org/web/20200927074700/https://www.elmundo.es/espana/2020/09/11/5f5a6244fc6c8359138b45ae.html,20200927074700
https://web.archive.org/web/20200927074700/https://www.elmundo.es/madrid/2020/09/10/5f5a20d9fdddffc0a08b46bd.html,20200927074700
https://web.archive.org/web/20200927074700/https://www.elmundo.es/comunidad-valenciana/2020/09/09/5f590434fdddff1c5f8b4654.html,20200927074700
https://web.archive.org/web/20200927074700/https://www.elmundo.es/espana/2020/06/17/5ee9ebdffc6c8344748b4583.html,20200927074700
https://web.archive.org/web/20200928113821/https://www.elmundo.es/cultura/musica/2020/09/22/5f6a246021efa077248b460e.html,20200928113821
https://web.archive.org/web/20200928113821/https://www.elmundo.es/espana/2020/09/11/5f5a6244fc6c8359138b45ae.html,20200928113821
https://web.archive.org/web/20200928113821/https://www.elmundo.es/madrid/2020/09/10/5f5a20d9fdddffc0a08b46bd.html,20200928113821
https://web.archive.org/web/20200928113821/https://www.elmundo.es/comunidad-valenciana/2020/09/09/5f590434fdddff1c5f8b4654.html,20200928113821
https://web.archive.org/web/20200928113821/https://www.elmundo.es/espana/2020/06/17/5ee9ebdffc6c8344748b4583.html,20200928113821
https://web.archive.org/web/20200929104944/https://www.elmundo.es/cultura/musica/2020/09/22/5f6a246021efa077248b460e.html,20200929104944
https://web.archive.org/web/20200929104944/https://www.elmundo.es/espana/2020/09/11/5f5a6244fc6c8359138b45ae.html,20200929104944
https://web.archive.org/web/20200929104944/https://www.elmundo.es/madrid/2020/09/10/5f5a20d9fdddffc0a08b46bd.html,20200929104944
https://web.archive.org/web/20200929104944/https://www.elmundo.es/comunidad-valenciana/2020/09/09/5f590434fdddff1c5f8b4654.html,20200929104944
https://web.archive.org/web/20200929104944/https://www.elmundo.es/espana/2020/06/17/5ee9ebdffc6c8344748b4583.html,20200929104944
https://web.archive.org/web/20200930163512/https://www.elmundo.es/cultura/musica/2020/09/22/5f6a246021efa077248b460e.html,20200930163512
https://web.archive.org/web/20200930163512/https://www.elmundo.es/espana/2020/09/11/5f5a6244fc6c8359138b45ae.html,20200930163512
https://web.archive.org/web/20200930163512/https://www.elmundo.es/madrid/2020/09/10/5f5a20d9fdddffc0a08b46bd.html,20200930163512
https://web.archive.org/web/20200930163512/https://www.elmundo.es/comunidad-valenciana/2020/09/09/5f590434fdddff1c5f8b4654.html,20200930163512
https://web.archive.org/web/20200930163512/https://www.elmundo.es/espana/2020/06/17/5ee9ebdffc6c8344748b4583.html,20200930163512
https://web.archive.org/web/20201001122249/https://www.elmundo.es/cultura/musica/2020/09/22/5f6a246021efa077248b460e.html,20201001122249
https://web.archive.org/web/20201001122249/https://www.elmundo.es/espana/2020/09/11/5f5a6244fc6c8359138b45ae.html,20201001122249
https://web.archive.org/web/20201001122249/https://www.elmundo.es/madrid/2020/09/10/5f5a20d9fdddffc0a08b46bd.html,20201001122249
https://web.archive.org/web/20201001122249/https://www.elmundo.es/comunidad-valenciana/2020/09/09/5f590434fdddff1c5f8b4654.html,20201001122249
https://web.archive.org/web/20201001122249/https://www.elmundo.es/espana/2020/06/17/5ee9ebdffc6c8344748b4583.html,20201001122249
https://web.archive.org/web/20201002135748/https://www.elmundo.es/cultura/musica/2020/09/22/5f6a246021efa077248b460e.html,20201002135748
https://web.archive.org/web/20201002135748/https://www.elmundo.es/espana/2020/09/11/5f5a6244fc6c8359138b45ae.html,20201002135748
https://web.archive.org/web/20201002135748/https://www.elmundo.es/madrid/2020/09/10/5f5a20d9fdddffc0a08b46bd.html,20201002135748
https://web.archive.org/web/20201002135748/https://www.elmundo.es/comunidad-valenciana/2020/09/09/5f590434fdddff1c5f8b4654.html,20201002135748
https://web.archive.org/web/20201003141753/https://www.elmundo.es/cultura/musica/2020/09/22/5f6a246021efa077248b460e.html,20201003141753
https://web.archive.org/web/20201003141753/https://www.elmundo.es/espana/2020/09/11/5f5a6244fc6c8359138b45ae.html,20201003141753
https://web.archive.org/web/20201003141753/https://www.elmundo.es/madrid/2020/09/10/5f5a20d9fdddffc0a08b46bd.html,20201003141753
https://web.archive.org/web/20201003141753/https://www.elmundo.es/comunidad-valenciana/2020/09/09/5f590434fdddff1c5f8b4654.html,20201003141753
https://web.archive.org/web/20201004140444/https://www.elmundo.es/cultura/musica/2020/09/22/5f6a246021efa077248b460e.html,20201004140444
https://web.archive.org/web/20201004140444/https://www.elmundo.es/espana/2020/09/11/5f5a6244fc6c8359138b45ae.html,20201004140444
https://web.archive.org/web/20201004140444/https://www.elmundo.es/madrid/2020/09/10/5f5a20d9fdddffc0a08b46bd.html,20201004140444
https://web.archive.org/web/20201004140444/https://www.elmundo.es/comunidad-valenciana/2020/09/09/5f590434fdddff1c5f8b4654.html,20201004140444
https://web.archive.org/web/20201012025618/https://www.elmundo.es/cultura/musica/2020/09/22/5f6a246021efa077248b460e.html,20201012025618
https://web.archive.org/web/20201012025618/https://www.elmundo.es/espana/2020/09/11/5f5a6244fc6c8359138b45ae.html,20201012025618
https://web.archive.org/web/20201012025618/https://www.elmundo.es/madrid/2020/09/10/5f5a20d9fdddffc0a08b46bd.html,20201012025618
https://web.archive.org/web/20201012025618/https://www.elmundo.es/comunidad-valenciana/2020/09/09/5f590434fdddff1c5f8b4654.html,20201012025618
https://web.archive.org/web/20201013032944/https://www.elmundo.es/cultura/musica/2020/09/22/5f6a246021efa077248b460e.html,20201013032944
https://web.archive.org/web/20201013032944/https://www.elmundo.es/espana/2020/09/11/5f5a6244fc6c8359138b45ae.html,20201013032944
https://web.archive.org/web/20201013032944/https://www.elmundo.es/madrid/2020/09/10/5f5a20d9fdddffc0a08b46bd.html,20201013032944
https://web.archive.org/web/20201013032944/https://www.elmundo.es/comunidad-valenciana/2020/09/09/5f590434fdddff1c5f8b4654.html,20201013032944
https://web.archive.org/web/20201017102929/https://www.elmundo.es/cultura/musica/2020/09/22/5f6a246021efa077248b460e.html,20201017102929
https://web.archive.org/web/20201017102929/https://www.elmundo.es/espana/2020/09/11/5f5a6244fc6c8359138b45ae.html,20201017102929
https://web.archive.org/web/20201017102929/https://www.elmundo.es/madrid/2020/09/10/5f5a20d9fdddffc0a08b46bd.html,20201017102929
https://web.archive.org/web/20201017102929/https://www.elmundo.es/comunidad-valenciana/2020/09/09/5f590434fdddff1c5f8b4654.html,20201017102929
https://web.archive.org/web/20201021201527/https://www.elmundo.es/baleares/2020/10/21/5f9008b8fdddff3e0d8b4786.html,20201021201527
https://web.archive.org/web/20201021201527/https://www.elmundo.es/cultura/musica/2020/09/22/5f6a246021efa077248b460e.html,20201021201527
https://web.archive.org/web/20201021201527/https://www.elmundo.es/espana/2020/09/11/5f5a6244fc6c8359138b45ae.html,20201021201527
https://web.archive.org/web/20201021201527/https://www.elmundo.es/madrid/2020/09/10/5f5a20d9fdddffc0a08b46bd.html,20201021201527
https://web.archive.org/web/20201021201527/https://www.elmundo.es/comunidad-valenciana/2020/09/09/5f590434fdddff1c5f8b4654.html,20201021201527
https://web.archive.org/web/20201024193411/https://www.elmundo.es/baleares/2020/10/21/5f9008b8fdddff3e0d8b4786.html,20201024193411
https://web.archive.org/web/20201024193411/https://www.elmundo.es/cultura/musica/2020/09/22/5f6a246021efa077248b460e.html,20201024193411
https://web.archive.org/web/20201024193411/https://www.elmundo.es/espana/2020/09/11/5f5a6244fc6c8359138b45ae.html,20201024193411
https://web.archive.org/web/20201024193411/https://www.elmundo.es/madrid/2020/09/10/5f5a20d9fdddffc0a08b46bd.html,20201024193411
https://web.archive.org/web/20201024193411/https://www.elmundo.es/comunidad-valenciana/2020/09/09/5f590434fdddff1c5f8b4654.html,20201024193411
https://web.archive.org/web/20201108204305/https://www.elmundo.es/baleares/2020/10/21/5f9008b8fdddff3e0d8b4786.html,20201108204305
https://web.archive.org/web/20201108204305/https://www.elmundo.es/cultura/musica/2020/09/22/5f6a246021efa077248b460e.html,20201108204305
https://web.archive.org/web/20201108204305/https://www.elmundo.es/espana/2020/09/11/5f5a6244fc6c8359138b45ae.html,20201108204305
https://web.archive.org/web/20201108204305/https://www.elmundo.es/madrid/2020/09/10/5f5a20d9fdddffc0a08b46bd.html,20201108204305
https://web.archive.org/web/20201108204305/https://www.elmundo.es/comunidad-valenciana/2020/09/09/5f590434fdddff1c5f8b4654.html,20201108204305
https://web.archive.org/web/20201113003402/https://www.elmundo.es/andalucia/2020/11/10/5faabd00fdddff72bc8b457f.html,20201113003402
https://web.archive.org/web/20201113003402/https://www.elmundo.es/baleares/2020/10/21/5f9008b8fdddff3e0d8b4786.html,20201113003402
https://web.archive.org/web/20201113003402/https://www.elmundo.es/cultura/musica/2020/09/22/5f6a246021efa077248b460e.html,20201113003402
https://web.archive.org/web/20201113003402/https://www.elmundo.es/espana/2020/09/11/5f5a6244fc6c8359138b45ae.html,20201113003402
https://web.archive.org/web/20201113003402/https://www.elmundo.es/madrid/2020/09/10/5f5a20d9fdddffc0a08b46bd.html,20201113003402
https://web.archive.org/web/20201113003402/https://www.elmundo.es/comunidad-valenciana/2020/09/09/5f590434fdddff1c5f8b4654.html,20201113003402
https://web.archive.org/web/20201118100708/https://www.elmundo.es/andalucia/2020/11/10/5faabd00fdddff72bc8b457f.html,20201118100708
https://web.archive.org/web/20201118100708/https://www.elmundo.es/baleares/2020/10/21/5f9008b8fdddff3e0d8b4786.html,20201118100708
https://web.archive.org/web/20201118100708/https://www.elmundo.es/cultura/musica/2020/09/22/5f6a246021efa077248b460e.html,20201118100708
https://web.archive.org/web/20201118100708/https://www.elmundo.es/espana/2020/09/11/5f5a6244fc6c8359138b45ae.html,20201118100708
https://web.archive.org/web/20201118100708/https://www.elmundo.es/madrid/2020/09/10/5f5a20d9fdddffc0a08b46bd.html,20201118100708
https://web.archive.org/web/20201118100708/https://www.elmundo.es/comunidad-valenciana/2020/09/09/5f590434fdddff1c5f8b4654.html,20201118100708
https://web.archive.org/web/20201125170753/https://www.elmundo.es/cataluna/2020/11/24/5fbd638321efa04e488b462b.html,20201125170753
https://web.archive.org/web/20201125170753/https://www.elmundo.es/pais-vasco/2020/11/22/5fba526821efa063738b45f7.html,20201125170753
https://web.archive.org/web/20201125170753/https://www.elmundo.es/pais-vasco/2020/11/21/5fb91441fc6c8318748b4571.html,20201125170753
https://web.archive.org/web/20201125170753/https://www.elmundo.es/andalucia/2020/11/10/5faabd00fdddff72bc8b457f.html,20201125170753
https://web.archive.org/web/20201125170753/https://www.elmundo.es/baleares/2020/10/21/5f9008b8fdddff3e0d8b4786.html,20201125170753
https://web.archive.org/web/20201125170753/https://www.elmundo.es/cultura/musica/2020/09/22/5f6a246021efa077248b460e.html,20201125170753
https://web.archive.org/web/20201125170753/https://www.elmundo.es/espana/2020/09/11/5f5a6244fc6c8359138b45ae.html,20201125170753
https://web.archive.org/web/20201125170753/https://www.elmundo.es/madrid/2020/09/10/5f5a20d9fdddffc0a08b46bd.html,20201125170753
https://web.archive.org/web/20201125170753/https://www.elmundo.es/comunidad-valenciana/2020/09/09/5f590434fdddff1c5f8b4654.html,20201125170753
https://web.archive.org/web/20201126193003/https://www.elmundo.es/cataluna/2020/11/24/5fbd638321efa04e488b462b.html,20201126193003
https://web.archive.org/web/20201126193003/https://www.elmundo.es/pais-vasco/2020/11/22/5fba526821efa063738b45f7.html,20201126193003
https://web.archive.org/web/20201126193003/https://www.elmundo.es/pais-vasco/2020/11/21/5fb91441fc6c8318748b4571.html,20201126193003
https://web.archive.org/web/20201126193003/https://www.elmundo.es/andalucia/2020/11/10/5faabd00fdddff72bc8b457f.html,20201126193003
https://web.archive.org/web/20201126193003/https://www.elmundo.es/baleares/2020/10/21/5f9008b8fdddff3e0d8b4786.html,20201126193003
https://web.archive.org/web/20201126193003/https://www.elmundo.es/cultura/musica/2020/09/22/5f6a246021efa077248b460e.html,20201126193003
https://web.archive.org/web/20201126193003/https://www.elmundo.es/espana/2020/09/11/5f5a6244fc6c8359138b45ae.html,20201126193003
https://web.archive.org/web/20201126193003/https://www.elmundo.es/madrid/2020/09/10/5f5a20d9fdddffc0a08b46bd.html,20201126193003
https://web.archive.org/web/20201126193003/https://www.elmundo.es/comunidad-valenciana/2020/09/09/5f590434fdddff1c5f8b4654.html,20201126193003
https://web.archive.org/web/20201127184400/https://www.elmundo.es/comunidad-valenciana/castellon/2020/11/25/5fbe72bcfc6c831a348b464b.html,20201127184400
https://web.archive.org/web/20201127184400/https://www.elmundo.es/cataluna/2020/11/24/5fbd638321efa04e488b462b.html,20201127184400
https://web.archive.org/web/20201127184400/https://www.elmundo.es/pais-vasco/2020/11/22/5fba526821efa063738b45f7.html,20201127184400
https://web.archive.org/web/20201127184400/https://www.elmundo.es/pais-vasco/2020/11/21/5fb91441fc6c8318748b4571.html,20201127184400
https://web.archive.org/web/20201127184400/https://www.elmundo.es/andalucia/2020/11/10/5faabd00fdddff72bc8b457f.html,20201127184400
https://web.archive.org/web/20201127184400/https://www.elmundo.es/baleares/2020/10/21/5f9008b8fdddff3e0d8b4786.html,20201127184400
https://web.archive.org/web/20201127184400/https://www.elmundo.es/cultura/musica/2020/09/22/5f6a246021efa077248b460e.html,20201127184400
https://web.archive.org/web/20201127184400/https://www.elmundo.es/espana/2020/09/11/5f5a6244fc6c8359138b45ae.html,20201127184400
https://web.archive.org/web/20201128191927/https://www.elmundo.es/comunidad-valenciana/castellon/2020/11/25/5fbe72bcfc6c831a348b464b.html,20201128191927
https://web.archive.org/web/20201128191927/https://www.elmundo.es/cataluna/2020/11/24/5fbd638321efa04e488b462b.html,20201128191927
https://web.archive.org/web/20201128191927/https://www.elmundo.es/pais-vasco/2020/11/22/5fba526821efa063738b45f7.html,20201128191927
https://web.archive.org/web/20201128191927/https://www.elmundo.es/pais-vasco/2020/11/21/5fb91441fc6c8318748b4571.html,20201128191927
https://web.archive.org/web/20201128191927/https://www.elmundo.es/andalucia/2020/11/10/5faabd00fdddff72bc8b457f.html,20201128191927
https://web.archive.org/web/20201128191927/https://www.elmundo.es/baleares/2020/10/21/5f9008b8fdddff3e0d8b4786.html,20201128191927
https://web.archive.org/web/20201128191927/https://www.elmundo.es/cultura/musica/2020/09/22/5f6a246021efa077248b460e.html,20201128191927
https://web.archive.org/web/20201128191927/https://www.elmundo.es/espana/2020/09/11/5f5a6244fc6c8359138b45ae.html,20201128191927
https://web.archive.org/web/20201129195058/https://www.elmundo.es/comunidad-valenciana/castellon/2020/11/25/5fbe72bcfc6c831a348b464b.html,20201129195058
https://web.archive.org/web/20201129195058/https://www.elmundo.es/cataluna/2020/11/24/5fbd638321efa04e488b462b.html,20201129195058
https://web.archive.org/web/20201129195058/https://www.elmundo.es/pais-vasco/2020/11/22/5fba526821efa063738b45f7.html,20201129195058
https://web.archive.org/web/20201129195058/https://www.elmundo.es/pais-vasco/2020/11/21/5fb91441fc6c8318748b4571.html,20201129195058
https://web.archive.org/web/20201129195058/https://www.elmundo.es/andalucia/2020/11/10/5faabd00fdddff72bc8b457f.html,20201129195058
https://web.archive.org/web/20201129195058/https://www.elmundo.es/baleares/2020/10/21/5f9008b8fdddff3e0d8b4786.html,20201129195058
https://web.archive.org/web/20201129195058/https://www.elmundo.es/cultura/musica/2020/09/22/5f6a246021efa077248b460e.html,20201129195058
https://web.archive.org/web/20201129195058/https://www.elmundo.es/espana/2020/09/11/5f5a6244fc6c8359138b45ae.html,20201129195058
https://web.archive.org/web/20201130211436/https://www.elmundo.es/baleares/2020/11/30/5fc4d516fc6c8392328b462d.html,20201130211436
https://web.archive.org/web/20201130211436/https://www.elmundo.es/comunidad-valenciana/castellon/2020/11/25/5fbe72bcfc6c831a348b464b.html,20201130211436
https://web.archive.org/web/20201130211436/https://www.elmundo.es/cataluna/2020/11/24/5fbd638321efa04e488b462b.html,20201130211436
https://web.archive.org/web/20201130211436/https://www.elmundo.es/pais-vasco/2020/11/22/5fba526821efa063738b45f7.html,20201130211436
https://web.archive.org/web/20201130211436/https://www.elmundo.es/pais-vasco/2020/11/21/5fb91441fc6c8318748b4571.html,20201130211436
https://web.archive.org/web/20201130211436/https://www.elmundo.es/andalucia/2020/11/10/5faabd00fdddff72bc8b457f.html,20201130211436
https://web.archive.org/web/20201130211436/https://www.elmundo.es/baleares/2020/10/21/5f9008b8fdddff3e0d8b4786.html,20201130211436
https://web.archive.org/web/20201130211436/https://www.elmundo.es/cultura/musica/2020/09/22/5f6a246021efa077248b460e.html,20201130211436
https://web.archive.org/web/20201201214828/https://www.elmundo.es/baleares/2020/11/30/5fc4d516fc6c8392328b462d.html,20201201214828
https://web.archive.org/web/20201201214828/https://www.elmundo.es/comunidad-valenciana/castellon/2020/11/25/5fbe72bcfc6c831a348b464b.html,20201201214828
https://web.archive.org/web/20201201214828/https://www.elmundo.es/cataluna/2020/11/24/5fbd638321efa04e488b462b.html,20201201214828
https://web.archive.org/web/20201201214828/https://www.elmundo.es/pais-vasco/2020/11/22/5fba526821efa063738b45f7.html,20201201214828
https://web.archive.org/web/20201201214828/https://www.elmundo.es/pais-vasco/2020/11/21/5fb91441fc6c8318748b4571.html,20201201214828
https://web.archive.org/web/20201201214828/https://www.elmundo.es/andalucia/2020/11/10/5faabd00fdddff72bc8b457f.html,20201201214828
https://web.archive.org/web/20201201214828/https://www.elmundo.es/baleares/2020/10/21/5f9008b8fdddff3e0d8b4786.html,20201201214828
https://web.archive.org/web/20201201214828/https://www.elmundo.es/cultura/musica/2020/09/22/5f6a246021efa077248b460e.html,20201201214828
https://web.archive.org/web/20201202223533/https://www.elmundo.es/baleares/2020/11/30/5fc4d516fc6c8392328b462d.html,20201202223533
https://web.archive.org/web/20201202223533/https://www.elmundo.es/comunidad-valenciana/castellon/2020/11/25/5fbe72bcfc6c831a348b464b.html,20201202223533
https://web.archive.org/web/20201202223533/https://www.elmundo.es/cataluna/2020/11/24/5fbd638321efa04e488b462b.html,20201202223533
https://web.archive.org/web/20201202223533/https://www.elmundo.es/pais-vasco/2020/11/22/5fba526821efa063738b45f7.html,20201202223533
https://web.archive.org/web/20201202223533/https://www.elmundo.es/pais-vasco/2020/11/21/5fb91441fc6c8318748b4571.html,20201202223533
https://web.archive.org/web/20201202223533/https://www.elmundo.es/andalucia/2020/11/10/5faabd00fdddff72bc8b457f.html,20201202223533
https://web.archive.org/web/20201202223533/https://www.elmundo.es/baleares/2020/10/21/5f9008b8fdddff3e0d8b4786.html,20201202223533
https://web.archive.org/web/20201202223533/https://www.elmundo.es/cultura/musica/2020/09/22/5f6a246021efa077248b460e.html,20201202223533
https://web.archive.org/web/20201203231659/https://www.elmundo.es/baleares/2020/11/30/5fc4d516fc6c8392328b462d.html,20201203231659
https://web.archive.org/web/20201203231659/https://www.elmundo.es/comunidad-valenciana/castellon/2020/11/25/5fbe72bcfc6c831a348b464b.html,20201203231659
https://web.archive.org/web/20201203231659/https://www.elmundo.es/cataluna/2020/11/24/5fbd638321efa04e488b462b.html,20201203231659
https://web.archive.org/web/20201203231659/https://www.elmundo.es/pais-vasco/2020/11/22/5fba526821efa063738b45f7.html,20201203231659
https://web.archive.org/web/20201203231659/https://www.elmundo.es/pais-vasco/2020/11/21/5fb91441fc6c8318748b4571.html,20201203231659
https://web.archive.org/web/20201203231659/https://www.elmundo.es/andalucia/2020/11/10/5faabd00fdddff72bc8b457f.html,20201203231659
https://web.archive.org/web/20201203231659/https://www.elmundo.es/baleares/2020/10/21/5f9008b8fdddff3e0d8b4786.html,20201203231659
https://web.archive.org/web/20201203231659/https://www.elmundo.es/cultura/musica/2020/09/22/5f6a246021efa077248b460e.html,20201203231659
https://web.archive.org/web/20201205004608/https://www.elmundo.es/baleares/2020/11/30/5fc4d516fc6c8392328b462d.html,20201205004608
https://web.archive.org/web/20201205004608/https://www.elmundo.es/comunidad-valenciana/castellon/2020/11/25/5fbe72bcfc6c831a348b464b.html,20201205004608
https://web.archive.org/web/20201205004608/https://www.elmundo.es/cataluna/2020/11/24/5fbd638321efa04e488b462b.html,20201205004608
https://web.archive.org/web/20201205004608/https://www.elmundo.es/pais-vasco/2020/11/22/5fba526821efa063738b45f7.html,20201205004608
https://web.archive.org/web/20201205004608/https://www.elmundo.es/pais-vasco/2020/11/21/5fb91441fc6c8318748b4571.html,20201205004608
https://web.archive.org/web/20201205004608/https://www.elmundo.es/andalucia/2020/11/10/5faabd00fdddff72bc8b457f.html,20201205004608
https://web.archive.org/web/20201205004608/https://www.elmundo.es/baleares/2020/10/21/5f9008b8fdddff3e0d8b4786.html,20201205004608
https://web.archive.org/web/20201205004608/https://www.elmundo.es/cultura/musica/2020/09/22/5f6a246021efa077248b460e.html,20201205004608
https://web.archive.org/web/20201206013031/https://www.elmundo.es/baleares/2020/11/30/5fc4d516fc6c8392328b462d.html,20201206013031
https://web.archive.org/web/20201206013031/https://www.elmundo.es/comunidad-valenciana/castellon/2020/11/25/5fbe72bcfc6c831a348b464b.html,20201206013031
https://web.archive.org/web/20201206013031/https://www.elmundo.es/cataluna/2020/11/24/5fbd638321efa04e488b462b.html,20201206013031
https://web.archive.org/web/20201206013031/https://www.elmundo.es/pais-vasco/2020/11/22/5fba526821efa063738b45f7.html,20201206013031
https://web.archive.org/web/20201206013031/https://www.elmundo.es/pais-vasco/2020/11/21/5fb91441fc6c8318748b4571.html,20201206013031
https://web.archive.org/web/20201206013031/https://www.elmundo.es/andalucia/2020/11/10/5faabd00fdddff72bc8b457f.html,20201206013031
https://web.archive.org/web/20201206013031/https://www.elmundo.es/baleares/2020/10/21/5f9008b8fdddff3e0d8b4786.html,20201206013031
https://web.archive.org/web/20201206013031/https://www.elmundo.es/cultura/musica/2020/09/22/5f6a246021efa077248b460e.html,20201206013031
https://web.archive.org/web/20201207023622/https://www.elmundo.es/baleares/2020/11/30/5fc4d516fc6c8392328b462d.html,20201207023622
https://web.archive.org/web/20201207023622/https://www.elmundo.es/comunidad-valenciana/castellon/2020/11/25/5fbe72bcfc6c831a348b464b.html,20201207023622
https://web.archive.org/web/20201207023622/https://www.elmundo.es/cataluna/2020/11/24/5fbd638321efa04e488b462b.html,20201207023622
https://web.archive.org/web/20201207023622/https://www.elmundo.es/pais-vasco/2020/11/22/5fba526821efa063738b45f7.html,20201207023622
https://web.archive.org/web/20201207023622/https://www.elmundo.es/pais-vasco/2020/11/21/5fb91441fc6c8318748b4571.html,20201207023622
https://web.archive.org/web/20201207023622/https://www.elmundo.es/andalucia/2020/11/10/5faabd00fdddff72bc8b457f.html,20201207023622
https://web.archive.org/web/20201207023622/https://www.elmundo.es/baleares/2020/10/21/5f9008b8fdddff3e0d8b4786.html,20201207023622
https://web.archive.org/web/20201207023622/https://www.elmundo.es/cultura/musica/2020/09/22/5f6a246021efa077248b460e.html,20201207023622
https://web.archive.org/web/20201208022751/https://www.elmundo.es/baleares/2020/11/30/5fc4d516fc6c8392328b462d.html,20201208022751
https://web.archive.org/web/20201208022751/https://www.elmundo.es/comunidad-valenciana/castellon/2020/11/25/5fbe72bcfc6c831a348b464b.html,20201208022751
https://web.archive.org/web/20201208022751/https://www.elmundo.es/cataluna/2020/11/24/5fbd638321efa04e488b462b.html,20201208022751
https://web.archive.org/web/20201208022751/https://www.elmundo.es/pais-vasco/2020/11/22/5fba526821efa063738b45f7.html,20201208022751
https://web.archive.org/web/20201208022751/https://www.elmundo.es/pais-vasco/2020/11/21/5fb91441fc6c8318748b4571.html,20201208022751
https://web.archive.org/web/20201208022751/https://www.elmundo.es/andalucia/2020/11/10/5faabd00fdddff72bc8b457f.html,20201208022751
https://web.archive.org/web/20201208022751/https://www.elmundo.es/baleares/2020/10/21/5f9008b8fdddff3e0d8b4786.html,20201208022751
https://web.archive.org/web/20201208022751/https://www.elmundo.es/cultura/musica/2020/09/22/5f6a246021efa077248b460e.html,20201208022751
https://web.archive.org/web/20201209033234/https://www.elmundo.es/baleares/2020/11/30/5fc4d516fc6c8392328b462d.html,20201209033234
https://web.archive.org/web/20201209033234/https://www.elmundo.es/comunidad-valenciana/castellon/2020/11/25/5fbe72bcfc6c831a348b464b.html,20201209033234
https://web.archive.org/web/20201209033234/https://www.elmundo.es/cataluna/2020/11/24/5fbd638321efa04e488b462b.html,20201209033234
https://web.archive.org/web/20201209033234/https://www.elmundo.es/pais-vasco/2020/11/22/5fba526821efa063738b45f7.html,20201209033234
https://web.archive.org/web/20201209033234/https://www.elmundo.es/pais-vasco/2020/11/21/5fb91441fc6c8318748b4571.html,20201209033234
https://web.archive.org/web/20201209033234/https://www.elmundo.es/andalucia/2020/11/10/5faabd00fdddff72bc8b457f.html,20201209033234
https://web.archive.org/web/20201209033234/https://www.elmundo.es/baleares/2020/10/21/5f9008b8fdddff3e0d8b4786.html,20201209033234
https://web.archive.org/web/20201209033234/https://www.elmundo.es/cultura/musica/2020/09/22/5f6a246021efa077248b460e.html,20201209033234
https://web.archive.org/web/20201210043726/https://www.elmundo.es/baleares/2020/11/30/5fc4d516fc6c8392328b462d.html,20201210043726
https://web.archive.org/web/20201210043726/https://www.elmundo.es/comunidad-valenciana/castellon/2020/11/25/5fbe72bcfc6c831a348b464b.html,20201210043726
https://web.archive.org/web/20201210043726/https://www.elmundo.es/cataluna/2020/11/24/5fbd638321efa04e488b462b.html,20201210043726
https://web.archive.org/web/20201210043726/https://www.elmundo.es/pais-vasco/2020/11/22/5fba526821efa063738b45f7.html,20201210043726
https://web.archive.org/web/20201210043726/https://www.elmundo.es/pais-vasco/2020/11/21/5fb91441fc6c8318748b4571.html,20201210043726
https://web.archive.org/web/20201210043726/https://www.elmundo.es/andalucia/2020/11/10/5faabd00fdddff72bc8b457f.html,20201210043726
https://web.archive.org/web/20201210043726/https://www.elmundo.es/baleares/2020/10/21/5f9008b8fdddff3e0d8b4786.html,20201210043726
https://web.archive.org/web/20201210043726/https://www.elmundo.es/cultura/musica/2020/09/22/5f6a246021efa077248b460e.html,20201210043726
https://web.archive.org/web/20201211052927/https://www.elmundo.es/baleares/2020/11/30/5fc4d516fc6c8392328b462d.html,20201211052927
https://web.archive.org/web/20201211052927/https://www.elmundo.es/comunidad-valenciana/castellon/2020/11/25/5fbe72bcfc6c831a348b464b.html,20201211052927
https://web.archive.org/web/20201211052927/https://www.elmundo.es/cataluna/2020/11/24/5fbd638321efa04e488b462b.html,20201211052927
https://web.archive.org/web/20201211052927/https://www.elmundo.es/pais-vasco/2020/11/22/5fba526821efa063738b45f7.html,20201211052927
https://web.archive.org/web/20201211052927/https://www.elmundo.es/pais-vasco/2020/11/21/5fb91441fc6c8318748b4571.html,20201211052927
https://web.archive.org/web/20201211052927/https://www.elmundo.es/andalucia/2020/11/10/5faabd00fdddff72bc8b457f.html,20201211052927
https://web.archive.org/web/20201211052927/https://www.elmundo.es/baleares/2020/10/21/5f9008b8fdddff3e0d8b4786.html,20201211052927
https://web.archive.org/web/20201211052927/https://www.elmundo.es/cultura/musica/2020/09/22/5f6a246021efa077248b460e.html,20201211052927
https://web.archive.org/web/20201212065009/https://www.elmundo.es/baleares/2020/11/30/5fc4d516fc6c8392328b462d.html,20201212065009
https://web.archive.org/web/20201212065009/https://www.elmundo.es/comunidad-valenciana/castellon/2020/11/25/5fbe72bcfc6c831a348b464b.html,20201212065009
https://web.archive.org/web/20201212065009/https://www.elmundo.es/cataluna/2020/11/24/5fbd638321efa04e488b462b.html,20201212065009
https://web.archive.org/web/20201212065009/https://www.elmundo.es/pais-vasco/2020/11/22/5fba526821efa063738b45f7.html,20201212065009
https://web.archive.org/web/20201212065009/https://www.elmundo.es/pais-vasco/2020/11/21/5fb91441fc6c8318748b4571.html,20201212065009
https://web.archive.org/web/20201212065009/https://www.elmundo.es/andalucia/2020/11/10/5faabd00fdddff72bc8b457f.html,20201212065009
https://web.archive.org/web/20201212065009/https://www.elmundo.es/baleares/2020/10/21/5f9008b8fdddff3e0d8b4786.html,20201212065009
https://web.archive.org/web/20201212065009/https://www.elmundo.es/cultura/musica/2020/09/22/5f6a246021efa077248b460e.html,20201212065009
https://web.archive.org/web/20201226042131/https://www.elmundo.es/baleares/2020/11/30/5fc4d516fc6c8392328b462d.html,20201226042131
https://web.archive.org/web/20201226042131/https://www.elmundo.es/comunidad-valenciana/castellon/2020/11/25/5fbe72bcfc6c831a348b464b.html,20201226042131
https://web.archive.org/web/20201226042131/https://www.elmundo.es/cataluna/2020/11/24/5fbd638321efa04e488b462b.html,20201226042131
https://web.archive.org/web/20201226042131/https://www.elmundo.es/pais-vasco/2020/11/22/5fba526821efa063738b45f7.html,20201226042131
https://web.archive.org/web/20201226042131/https://www.elmundo.es/pais-vasco/2020/11/21/5fb91441fc6c8318748b4571.html,20201226042131
https://web.archive.org/web/20201226042131/https://www.elmundo.es/andalucia/2020/11/10/5faabd00fdddff72bc8b457f.html,20201226042131
https://web.archive.org/web/20201226042131/https://www.elmundo.es/baleares/2020/10/21/5f9008b8fdddff3e0d8b4786.html,20201226042131
https://web.archive.org/web/20201229054325/https://www.elmundo.es/baleares/2020/11/30/5fc4d516fc6c8392328b462d.html,20201229054325
https://web.archive.org/web/20201229054325/https://www.elmundo.es/comunidad-valenciana/castellon/2020/11/25/5fbe72bcfc6c831a348b464b.html,20201229054325
https://web.archive.org/web/20201229054325/https://www.elmundo.es/cataluna/2020/11/24/5fbd638321efa04e488b462b.html,20201229054325
https://web.archive.org/web/20201229054325/https://www.elmundo.es/pais-vasco/2020/11/22/5fba526821efa063738b45f7.html,20201229054325
https://web.archive.org/web/20201229054325/https://www.elmundo.es/pais-vasco/2020/11/21/5fb91441fc6c8318748b4571.html,20201229054325
https://web.archive.org/web/20201229054325/https://www.elmundo.es/andalucia/2020/11/10/5faabd00fdddff72bc8b457f.html,20201229054325
https://web.archive.org/web/20201229054325/https://www.elmundo.es/baleares/2020/10/21/5f9008b8fdddff3e0d8b4786.html,20201229054325
https://web.archive.org/web/20210125191709/https://www.elmundo.es/baleares/2020/11/30/5fc4d516fc6c8392328b462d.html,20210125191709
https://web.archive.org/web/20210125191709/https://www.elmundo.es/comunidad-valenciana/castellon/2020/11/25/5fbe72bcfc6c831a348b464b.html,20210125191709
https://web.archive.org/web/20210125191709/https://www.elmundo.es/cataluna/2020/11/24/5fbd638321efa04e488b462b.html,20210125191709
https://web.archive.org/web/20210125191709/https://www.elmundo.es/pais-vasco/2020/11/22/5fba526821efa063738b45f7.html,20210125191709
https://web.archive.org/web/20210125191709/https://www.elmundo.es/pais-vasco/2020/11/21/5fb91441fc6c8318748b4571.html,20210125191709
https://web.archive.org/web/20210125191709/https://www.elmundo.es/andalucia/2020/11/10/5faabd00fdddff72bc8b457f.html,20210125191709
https://web.archive.org/web/20210125191709/https://www.elmundo.es/baleares/2020/10/21/5f9008b8fdddff3e0d8b4786.html,20210125191709
https://web.archive.org/web/20210521155504/https://www.elmundo.es/espana/2021/05/21/60a7add3fc6c83cd388b45e1.html,20210521155504
https://web.archive.org/web/20210521155504/https://www.elmundo.es/yodona/lifestyle/2021/04/06/606c15e4fdddff89888b45a0.html,20210521155504
https://web.archive.org/web/20210521155504/https://www.elmundo.es/espana/2021/03/30/60631a99fc6c83b9368b4665.html,20210521155504
https://web.archive.org/web/20210521155504/https://www.elmundo.es/espana/2021/03/26/605dcee021efa0bb4f8b469d.html,20210521155504
https://web.archive.org/web/20210521155504/https://www.elmundo.es/comunidad-valenciana/castellon/2021/03/16/60508df321efa0456a8b45c3.html,20210521155504
https://web.archive.org/web/20210521155504/https://www.elmundo.es/espana/2021/02/24/603635f1fc6c8388078b457b.html,20210521155504
https://web.archive.org/web/20210521155504/https://www.elmundo.es/baleares/2020/11/30/5fc4d516fc6c8392328b462d.html,20210521155504
https://web.archive.org/web/20220519141003/https://www.elmundo.es/internacional/2022/05/13/627df30721efa02e388b4570.html,20220519141003
https://web.archive.org/web/20220519141003/https://www.elmundo.es/espana/2022/05/10/627a3db221efa0017b8b457b.html,20220519141003
https://web.archive.org/web/20220519141003/https://www.elmundo.es/internacional/2022/05/08/6272bddfe4d4d8f9758b45af.html,20220519141003
https://web.archive.org/web/20220519141003/https://www.elmundo.es/comunidad-valenciana/castellon/2022/04/06/624d68e221efa0a9478b45bd.html,20220519141003
https://web.archive.org/web/20220519141003/https://www.elmundo.es/papel/historias/2022/02/01/61f83a3421efa0496e8b45be.html,20220519141003
https://web.archive.org/web/20220519141003/https://www.elmundo.es/espana/2021/12/30/61cd8bfb21efa0e2148b4586.html,20220519141003
https://web.archive.org/web/20220523162126/https://www.elmundo.es/internacional/2022/05/13/627df30721efa02e388b4570.html,20220523162126
https://web.archive.org/web/20220523162126/https://www.elmundo.es/espana/2022/05/10/627a3db221efa0017b8b457b.html,20220523162126
https://web.archive.org/web/20220523162126/https://www.elmundo.es/internacional/2022/05/08/6272bddfe4d4d8f9758b45af.html,20220523162126
https://web.archive.org/web/20220523162126/https://www.elmundo.es/comunidad-valenciana/castellon/2022/04/06/624d68e221efa0a9478b45bd.html,20220523162126
https://web.archive.org/web/20220523162126/https://www.elmundo.es/papel/historias/2022/02/01/61f83a3421efa0496e8b45be.html,20220523162126
https://web.archive.org/web/20220523162126/https://www.elmundo.es/espana/2021/12/30/61cd8bfb21efa0e2148b4586.html,20220523162126
https://web.archive.org/web/20220528230700/https://www.elmundo.es/internacional/2022/05/13/627df30721efa02e388b4570.html,20220528230700
https://web.archive.org/web/20220528230700/https://www.elmundo.es/espana/2022/05/10/627a3db221efa0017b8b457b.html,20220528230700
https://web.archive.org/web/20220528230700/https://www.elmundo.es/internacional/2022/05/08/6272bddfe4d4d8f9758b45af.html,20220528230700
https://web.archive.org/web/20220528230700/https://www.elmundo.es/comunidad-valenciana/castellon/2022/04/06/624d68e221efa0a9478b45bd.html,20220528230700
https://web.archive.org/web/20220528230700/https://www.elmundo.es/papel/historias/2022/02/01/61f83a3421efa0496e8b45be.html,20220528230700
https://web.archive.org/web/20220531174949/https://www.elmundo.es/internacional/2022/05/13/627df30721efa02e388b4570.html,20220531174949
https://web.archive.org/web/20220531174949/https://www.elmundo.es/espana/2022/05/10/627a3db221efa0017b8b457b.html,20220531174949
https://web.archive.org/web/20220531174949/https://www.elmundo.es/internacional/2022/05/08/6272bddfe4d4d8f9758b45af.html,20220531174949
https://web.archive.org/web/20220531174949/https://www.elmundo.es/comunidad-valenciana/castellon/2022/04/06/624d68e221efa0a9478b45bd.html,20220531174949
https://web.archive.org/web/20220531174949/https://www.elmundo.es/papel/historias/2022/02/01/61f83a3421efa0496e8b45be.html,20220531174949
https://web.archive.org/web/20220711052746/https://www.elmundo.es/espana/2022/06/01/6296e7d9e4d4d87e628b45a6.html,20220711052746
https://web.archive.org/web/20220711052746/https://www.elmundo.es/internacional/2022/05/13/627df30721efa02e388b4570.html,20220711052746
https://web.archive.org/web/20220711052746/https://www.elmundo.es/espana/2022/05/10/627a3db221efa0017b8b457b.html,20220711052746
https://web.archive.org/web/20220711052746/https://www.elmundo.es/internacional/2022/05/08/6272bddfe4d4d8f9758b45af.html,20220711052746
https://web.archive.org/web/20220711052746/https://www.elmundo.es/comunidad-valenciana/castellon/2022/04/06/624d68e221efa0a9478b45bd.html,20220711052746
https://web.archive.org/web/20220922020612/https://www.elmundo.es/internacional/2022/09/21/632a9cc221efa0f9328b45b1.html,20220922020612
https://web.archive.org/web/20220922020612/https://www.elmundo.es/espana/2022/09/12/631f0de821efa08d168b45e0.html,20220922020612
https://web.archive.org/web/20220922020612/https://www.elmundo.es/espana/2022/06/01/6296e7d9e4d4d87e628b45a6.html,20220922020612
https://web.archive.org/web/20220922020612/https://www.elmundo.es/internacional/2022/05/13/627df30721efa02e388b4570.html,20220922020612
https://web.archive.org/web/20220922020612/https://www.elmundo.es/espana/2022/05/10/627a3db221efa0017b8b457b.html,20220922020612
https://web.archive.org/web/20220922020612/https://www.elmundo.es/internacional/2022/05/08/6272bddfe4d4d8f9758b45af.html,20220922020612
https://web.archive.org/web/20220922020612/https://www.elmundo.es/espana/2022/09/20/6328b0a0fdddfff05a8b45e3.html,20220922020612
https://web.archive.org/web/20220927141134/https://www.elmundo.es/internacional/2022/09/21/632a9cc221efa0f9328b45b1.html,20220927141134
https://web.archive.org/web/20220927141134/https://www.elmundo.es/espana/2022/09/12/631f0de821efa08d168b45e0.html,20220927141134
https://web.archive.org/web/20220927141134/https://www.elmundo.es/espana/2022/06/01/6296e7d9e4d4d87e628b45a6.html,20220927141134
https://web.archive.org/web/20220928005343/https://www.elmundo.es/internacional/2022/09/21/632a9cc221efa0f9328b45b1.html,20220928005343
https://web.archive.org/web/20220928005343/https://www.elmundo.es/espana/2022/09/12/631f0de821efa08d168b45e0.html,20220928005343
https://web.archive.org/web/20220928005343/https://www.elmundo.es/espana/2022/06/01/6296e7d9e4d4d87e628b45a6.html,20220928005343
https://web.archive.org/web/20221008031646/https://www.elmundo.es/television/2022/09/28/6333fa9c21efa0fa448b4593.html,20221008031646
https://web.archive.org/web/20221008031646/https://www.elmundo.es/internacional/2022/09/21/632a9cc221efa0f9328b45b1.html,20221008031646
https://web.archive.org/web/20221008031646/https://www.elmundo.es/espana/2022/09/12/631f0de821efa08d168b45e0.html,20221008031646
https://web.archive.org/web/20221029143709/https://www.elmundo.es/television/2022/09/28/6333fa9c21efa0fa448b4593.html,20221029143709
https://web.archive.org/web/20221029143709/https://www.elmundo.es/internacional/2022/09/21/632a9cc221efa0f9328b45b1.html,20221029143709
https://web.archive.org/web/20221029143709/https://www.elmundo.es/espana/2022/09/12/631f0de821efa08d168b45e0.html,20221029143709
https://web.archive.org/web/20221205150645/https://www.elmundo.es/comunidad-valenciana/castellon/2022/11/09/636aace2fc6c83201d8b4622.html,20221205150645
https://web.archive.org/web/20221205150645/https://www.elmundo.es/comunidad-valenciana/castellon/2022/11/04/6364331221efa055528b45c0.html,20221205150645
https://web.archive.org/web/20221231071159/https://www.elmundo.es/espana/2022/12/25/63a8836ffc6c83b23a8b4570.html,20221231071159
https://web.archive.org/web/20221231071159/https://www.elmundo.es/comunidad-valenciana/castellon/2022/11/09/636aace2fc6c83201d8b4622.html,20221231071159
https://web.archive.org/web/20221231071159/https://www.elmundo.es/comunidad-valenciana/castellon/2022/11/04/6364331221efa055528b45c0.html,20221231071159
https://web.archive.org/web/20230111075335/https://www.elmundo.es/espana/2022/12/25/63a8836ffc6c83b23a8b4570.html,20230111075335
https://web.archive.org/web/20230112152721/https://www.elmundo.es/espana/2022/12/25/63a8836ffc6c83b23a8b4570.html,20230112152721
https://web.archive.org/web/20230113015534/https://www.elmundo.es/espana/2022/12/25/63a8836ffc6c83b23a8b4570.html,20230113015534
https://web.archive.org/web/20230116025432/https://www.elmundo.es/espana/2022/12/25/63a8836ffc6c83b23a8b4570.html,20230116025432
https://web.archive.org/web/20231215123723/https://www.elmundo.es/espana/2023/12/07/6571c282fc6c83c1548b4575.html,20231215123723
https://web.archive.org/web/20231215123723/https://www.elmundo.es/opinion/columnistas/2023/12/06/656f5a44fc6c83da6f8b45d5.html,20231215123723
https://web.archive.org/web/20231215123723/https://www.elmundo.es/andalucia/2023/11/03/6544c7a1e9cf4a5b6e8b457a.html,20231215123723
https://web.archive.org/web/20231215123723/https://www.elmundo.es/papel/historias/2023/11/01/65427530e85ece3e718b45a5.html,20231215123723
https://web.archive.org/web/20231215123723/https://www.elmundo.es/andalucia/2023/10/11/65268473fdddffc26f8b45c1.html,20231215123723
https://web.archive.org/web/20231215123723/https://www.elmundo.es/opinion/editorial/2023/09/26/6511d481fdddffc3268b456d.html,20231215123723
https://web.archive.org/web/20240131105734/https://www.elmundo.es/espana/2024/01/10/659da213e85ece3d588b4589.html,20240131105734
https://web.archive.org/web/20240131105734/https://www.elmundo.es/yodona/actualidad/2024/01/03/657712a9e85ece0f368b4588.html,20240131105734
https://web.archive.org/web/20240131105734/https://www.elmundo.es/espana/2023/12/29/658e985221efa0a9128b45cc.html,20240131105734
https://web.archive.org/web/20240131105734/https://www.elmundo.es/espana/2023/12/07/6571c282fc6c83c1548b4575.html,20240131105734
https://web.archive.org/web/20240131105734/https://www.elmundo.es/opinion/columnistas/2023/12/06/656f5a44fc6c83da6f8b45d5.html,20240131105734
https://web.archive.org/web/20240131105734/https://www.elmundo.es/andalucia/2023/11/03/6544c7a1e9cf4a5b6e8b457a.html,20240131105734
https://web.archive.org/web/20240131105734/https://www.elmundo.es/papel/historias/2023/11/01/65427530e85ece3e718b45a5.html,20240131105734
https://web.archive.org/web/20240131105734/https://www.elmundo.es/andalucia/2023/10/11/65268473fdddffc26f8b45c1.html,20240131105734
https://web.archive.org/web/20240210163151/https://diariodecastillayleon.elmundo.es/articulo/soria/dirigente-psoe-detenido-violencia-machistaabreme-puerta-zorra/20240207135851089294.html,20240210163151
https://web.archive.org/web/20240210163151/https://www.elmundo.es/espana/2024/01/10/659da213e85ece3d588b4589.html,20240210163151
https://web.archive.org/web/20240210163151/https://www.elmundo.es/yodona/actualidad/2024/01/03/657712a9e85ece0f368b4588.html,20240210163151
https://web.archive.org/web/20240210163151/https://www.elmundo.es/espana/2023/12/29/658e985221efa0a9128b45cc.html,20240210163151
https://web.archive.org/web/20240210163151/https://www.elmundo.es/espana/2023/12/07/6571c282fc6c83c1548b4575.html,20240210163151
https://web.archive.org/web/20240210163151/https://www.elmundo.es/opinion/columnistas/2023/12/06/656f5a44fc6c83da6f8b45d5.html,20240210163151
https://web.archive.org/web/20240210163151/https://www.elmundo.es/andalucia/2023/11/03/6544c7a1e9cf4a5b6e8b457a.html,20240210163151
https://web.archive.org/web/20240210163151/https://www.elmundo.es/papel/historias/2023/11/01/65427530e85ece3e718b45a5.html,20240210163151
https://web.archive.org/web/20240210163151/https://www.elmundo.es/andalucia/2023/10/11/65268473fdddffc26f8b45c1.html,20240210163151
https://web.archive.org/web/20240223105717/https://diariodecastillayleon.elmundo.es/articulo/soria/dirigente-psoe-detenido-violencia-machistaabreme-puerta-zorra/20240207135851089294.html,20240223105717
https://web.archive.org/web/20240223105717/https://www.elmundo.es/espana/2024/01/10/659da213e85ece3d588b4589.html,20240223105717
https://web.archive.org/web/20240223105717/https://www.elmundo.es/yodona/actualidad/2024/01/03/657712a9e85ece0f368b4588.html,20240223105717
https://web.archive.org/web/20240223105717/https://www.elmundo.es/espana/2023/12/29/658e985221efa0a9128b45cc.html,20240223105717
https://web.archive.org/web/20240223105717/https://www.elmundo.es/espana/2023/12/07/6571c282fc6c83c1548b4575.html,20240223105717
https://web.archive.org/web/20240223105717/https://www.elmundo.es/opinion/columnistas/2023/12/06/656f5a44fc6c83da6f8b45d5.html,20240223105717
https://web.archive.org/web/20240223105717/https://www.elmundo.es/andalucia/2023/11/03/6544c7a1e9cf4a5b6e8b457a.html,20240223105717
https://web.archive.org/web/20240223105717/https://www.elmundo.es/papel/historias/2023/11/01/65427530e85ece3e718b45a5.html,20240223105717
https://web.archive.org/web/20240327022835/https://www.elmundo.es/espana/2024/03/08/65df82c8e85ece426c8b458d.html,20240327022835
https://web.archive.org/web/20240327022835/https://www.elmundo.es/madrid/2024/03/07/65e8e08221efa034418b45ad.html,20240327022835
https://web.archive.org/web/20240327022835/https://diariodecastillayleon.elmundo.es/articulo/soria/dirigente-psoe-detenido-violencia-machistaabreme-puerta-zorra/20240207135851089294.html,20240327022835
https://web.archive.org/web/20240327022835/https://www.elmundo.es/espana/2024/01/10/659da213e85ece3d588b4589.html,20240327022835
https://web.archive.org/web/20240327022835/https://www.elmundo.es/yodona/actualidad/2024/01/03/657712a9e85ece0f368b4588.html,20240327022835
https://web.archive.org/web/20240327022835/https://www.elmundo.es/espana/2023/12/29/658e985221efa0a9128b45cc.html,20240327022835
https://web.archive.org/web/20240327022835/https://www.elmundo.es/espana/2023/12/07/6571c282fc6c83c1548b4575.html,20240327022835
https://web.archive.org/web/20240327022835/https://www.elmundo.es/opinion/columnistas/2023/12/06/656f5a44fc6c83da6f8b45d5.html,20240327022835
https://web.archive.org/web/20240328021124/https://www.elmundo.es/espana/2024/03/08/65df82c8e85ece426c8b458d.html,20240328021124
https://web.archive.org/web/20240328021124/https://www.elmundo.es/madrid/2024/03/07/65e8e08221efa034418b45ad.html,20240328021124
https://web.archive.org/web/20240328021124/https://diariodecastillayleon.elmundo.es/articulo/soria/dirigente-psoe-detenido-violencia-machistaabreme-puerta-zorra/20240207135851089294.html,20240328021124
https://web.archive.org/web/20240328021124/https://www.elmundo.es/espana/2024/01/10/659da213e85ece3d588b4589.html,20240328021124
https://web.archive.org/web/20240328021124/https://www.elmundo.es/yodona/actualidad/2024/01/03/657712a9e85ece0f368b4588.html,20240328021124
https://web.archive.org/web/20240328021124/https://www.elmundo.es/espana/2023/12/29/658e985221efa0a9128b45cc.html,20240328021124
https://web.archive.org/web/20240328021124/https://www.elmundo.es/espana/2023/12/07/6571c282fc6c83c1548b4575.html,20240328021124
https://web.archive.org/web/20240328021124/https://www.elmundo.es/opinion/columnistas/2023/12/06/656f5a44fc6c83da6f8b45d5.html,20240328021124
https://web.archive.org/web/20240329123252/https://www.elmundo.es/espana/2024/03/08/65df82c8e85ece426c8b458d.html,20240329123252
https://web.archive.org/web/20240329123252/https://www.elmundo.es/madrid/2024/03/07/65e8e08221efa034418b45ad.html,20240329123252
https://web.archive.org/web/20240329123252/https://diariodecastillayleon.elmundo.es/articulo/soria/dirigente-psoe-detenido-violencia-machistaabreme-puerta-zorra/20240207135851089294.html,20240329123252
https://web.archive.org/web/20240329123252/https://www.elmundo.es/espana/2024/01/10/659da213e85ece3d588b4589.html,20240329123252
https://web.archive.org/web/20240329123252/https://www.elmundo.es/yodona/actualidad/2024/01/03/657712a9e85ece0f368b4588.html,20240329123252
https://web.archive.org/web/20240329123252/https://www.elmundo.es/espana/2023/12/29/658e985221efa0a9128b45cc.html,20240329123252
https://web.archive.org/web/20240329123252/https://www.elmundo.es/espana/2023/12/07/6571c282fc6c83c1548b4575.html,20240329123252
https://web.archive.org/web/20240329123252/https://www.elmundo.es/opinion/columnistas/2023/12/06/656f5a44fc6c83da6f8b45d5.html,20240329123252
https://web.archive.org/web/20240330221455/https://www.elmundo.es/espana/2024/03/29/6606bd34fdddffcd4c8b457d.html,20240330221455
https://web.archive.org/web/20240330221455/https://www.elmundo.es/espana/2024/03/08/65df82c8e85ece426c8b458d.html,20240330221455
https://web.archive.org/web/20240330221455/https://www.elmundo.es/madrid/2024/03/07/65e8e08221efa034418b45ad.html,20240330221455
https://web.archive.org/web/20240330221455/https://diariodecastillayleon.elmundo.es/articulo/soria/dirigente-psoe-detenido-violencia-machistaabreme-puerta-zorra/20240207135851089294.html,20240330221455
https://web.archive.org/web/20240330221455/https://www.elmundo.es/espana/2024/01/10/659da213e85ece3d588b4589.html,20240330221455
https://web.archive.org/web/20240330221455/https://www.elmundo.es/yodona/actualidad/2024/01/03/657712a9e85ece0f368b4588.html,20240330221455
https://web.archive.org/web/20240330221455/https://www.elmundo.es/espana/2023/12/29/658e985221efa0a9128b45cc.html,20240330221455
https://web.archive.org/web/20240330221455/https://www.elmundo.es/espana/2023/12/07/6571c282fc6c83c1548b4575.html,20240330221455
https://web.archive.org/web/20240330221455/https://www.elmundo.es/opinion/columnistas/2023/12/06/656f5a44fc6c83da6f8b45d5.html,20240330221455
https://web.archive.org/web/20240331234450/https://www.elmundo.es/espana/2024/03/29/6606bd34fdddffcd4c8b457d.html,20240331234450
https://web.archive.org/web/20240331234450/https://www.elmundo.es/espana/2024/03/08/65df82c8e85ece426c8b458d.html,20240331234450
https://web.archive.org/web/20240331234450/https://www.elmundo.es/madrid/2024/03/07/65e8e08221efa034418b45ad.html,20240331234450
https://web.archive.org/web/20240331234450/https://diariodecastillayleon.elmundo.es/articulo/soria/dirigente-psoe-detenido-violencia-machistaabreme-puerta-zorra/20240207135851089294.html,20240331234450
https://web.archive.org/web/20240331234450/https://www.elmundo.es/espana/2024/01/10/659da213e85ece3d588b4589.html,20240331234450
https://web.archive.org/web/20240331234450/https://www.elmundo.es/yodona/actualidad/2024/01/03/657712a9e85ece0f368b4588.html,20240331234450
https://web.archive.org/web/20240331234450/https://www.elmundo.es/espana/2023/12/29/658e985221efa0a9128b45cc.html,20240331234450
https://web.archive.org/web/20240331234450/https://www.elmundo.es/espana/2023/12/07/6571c282fc6c83c1548b4575.html,20240331234450
https://web.archive.org/web/20240331234450/https://www.elmundo.es/opinion/columnistas/2023/12/06/656f5a44fc6c83da6f8b45d5.html,20240331234450
https://web.archive.org/web/20240401235041/https://www.elmundo.es/espana/2024/03/29/6606bd34fdddffcd4c8b457d.html,20240401235041
https://web.archive.org/web/20240401235041/https://www.elmundo.es/espana/2024/03/08/65df82c8e85ece426c8b458d.html,20240401235041
https://web.archive.org/web/20240401235041/https://www.elmundo.es/madrid/2024/03/07/65e8e08221efa034418b45ad.html,20240401235041
https://web.archive.org/web/20240401235041/https://diariodecastillayleon.elmundo.es/articulo/soria/dirigente-psoe-detenido-violencia-machistaabreme-puerta-zorra/20240207135851089294.html,20240401235041
https://web.archive.org/web/20240401235041/https://www.elmundo.es/espana/2024/01/10/659da213e85ece3d588b4589.html,20240401235041
https://web.archive.org/web/20240401235041/https://www.elmundo.es/yodona/actualidad/2024/01/03/657712a9e85ece0f368b4588.html,20240401235041
https://web.archive.org/web/20240401235041/https://www.elmundo.es/espana/2023/12/29/658e985221efa0a9128b45cc.html,20240401235041
https://web.archive.org/web/20240401235041/https://www.elmundo.es/espana/2023/12/07/6571c282fc6c83c1548b4575.html,20240401235041
https://web.archive.org/web/20240401235041/https://www.elmundo.es/opinion/columnistas/2023/12/06/656f5a44fc6c83da6f8b45d5.html,20240401235041
https://web.archive.org/web/20240402145207/https://www.elmundo.es/espana/2024/03/29/6606bd34fdddffcd4c8b457d.html,20240402145207
https://web.archive.org/web/20240402145207/https://www.elmundo.es/espana/2024/03/08/65df82c8e85ece426c8b458d.html,20240402145207
https://web.archive.org/web/20240402145207/https://www.elmundo.es/madrid/2024/03/07/65e8e08221efa034418b45ad.html,20240402145207
https://web.archive.org/web/20240402145207/https://diariodecastillayleon.elmundo.es/articulo/soria/dirigente-psoe-detenido-violencia-machistaabreme-puerta-zorra/20240207135851089294.html,20240402145207
https://web.archive.org/web/20240402145207/https://www.elmundo.es/espana/2024/01/10/659da213e85ece3d588b4589.html,20240402145207
https://web.archive.org/web/20240402145207/https://www.elmundo.es/yodona/actualidad/2024/01/03/657712a9e85ece0f368b4588.html,20240402145207
https://web.archive.org/web/20240402145207/https://www.elmundo.es/espana/2023/12/29/658e985221efa0a9128b45cc.html,20240402145207
https://web.archive.org/web/20240402145207/https://www.elmundo.es/espana/2023/12/07/6571c282fc6c83c1548b4575.html,20240402145207
https://web.archive.org/web/20240402145207/https://www.elmundo.es/opinion/columnistas/2023/12/06/656f5a44fc6c83da6f8b45d5.html,20240402145207
https://web.archive.org/web/20240403150959/https://www.elmundo.es/espana/2024/03/29/6606bd34fdddffcd4c8b457d.html,20240403150959
https://web.archive.org/web/20240403150959/https://www.elmundo.es/espana/2024/03/08/65df82c8e85ece426c8b458d.html,20240403150959
https://web.archive.org/web/20240403150959/https://www.elmundo.es/madrid/2024/03/07/65e8e08221efa034418b45ad.html,20240403150959
https://web.archive.org/web/20240403150959/https://diariodecastillayleon.elmundo.es/articulo/soria/dirigente-psoe-detenido-violencia-machistaabreme-puerta-zorra/20240207135851089294.html,20240403150959
https://web.archive.org/web/20240403150959/https://www.elmundo.es/espana/2024/01/10/659da213e85ece3d588b4589.html,20240403150959
https://web.archive.org/web/20240403150959/https://www.elmundo.es/yodona/actualidad/2024/01/03/657712a9e85ece0f368b4588.html,20240403150959
https://web.archive.org/web/20240403150959/https://www.elmundo.es/espana/2023/12/29/658e985221efa0a9128b45cc.html,20240403150959
https://web.archive.org/web/20240403150959/https://www.elmundo.es/espana/2023/12/07/6571c282fc6c83c1548b4575.html,20240403150959
https://web.archive.org/web/20240403150959/https://www.elmundo.es/opinion/columnistas/2023/12/06/656f5a44fc6c83da6f8b45d5.html,20240403150959
https://web.archive.org/web/20240404152842/https://www.elmundo.es/espana/2024/03/29/6606bd34fdddffcd4c8b457d.html,20240404152842
https://web.archive.org/web/20240404152842/https://www.elmundo.es/espana/2024/03/08/65df82c8e85ece426c8b458d.html,20240404152842
https://web.archive.org/web/20240404152842/https://www.elmundo.es/madrid/2024/03/07/65e8e08221efa034418b45ad.html,20240404152842
https://web.archive.org/web/20240404152842/https://diariodecastillayleon.elmundo.es/articulo/soria/dirigente-psoe-detenido-violencia-machistaabreme-puerta-zorra/20240207135851089294.html,20240404152842
https://web.archive.org/web/20240404152842/https://www.elmundo.es/espana/2024/01/10/659da213e85ece3d588b4589.html,20240404152842
https://web.archive.org/web/20240404152842/https://www.elmundo.es/yodona/actualidad/2024/01/03/657712a9e85ece0f368b4588.html,20240404152842
https://web.archive.org/web/20240404152842/https://www.elmundo.es/espana/2023/12/29/658e985221efa0a9128b45cc.html,20240404152842
https://web.archive.org/web/20240404152842/https://www.elmundo.es/espana/2023/12/07/6571c282fc6c83c1548b4575.html,20240404152842
https://web.archive.org/web/20240404152842/https://www.elmundo.es/opinion/columnistas/2023/12/06/656f5a44fc6c83da6f8b45d5.html,20240404152842
https://web.archive.org/web/20240405162650/https://www.elmundo.es/espana/2024/03/29/6606bd34fdddffcd4c8b457d.html,20240405162650
https://web.archive.org/web/20240405162650/https://www.elmundo.es/espana/2024/03/08/65df82c8e85ece426c8b458d.html,20240405162650
https://web.archive.org/web/20240405162650/https://www.elmundo.es/madrid/2024/03/07/65e8e08221efa034418b45ad.html,20240405162650
https://web.archive.org/web/20240405162650/https://diariodecastillayleon.elmundo.es/articulo/soria/dirigente-psoe-detenido-violencia-machistaabreme-puerta-zorra/20240207135851089294.html,20240405162650
https://web.archive.org/web/20240405162650/https://www.elmundo.es/espana/2024/01/10/659da213e85ece3d588b4589.html,20240405162650
https://web.archive.org/web/20240405162650/https://www.elmundo.es/yodona/actualidad/2024/01/03/657712a9e85ece0f368b4588.html,20240405162650
https://web.archive.org/web/20240405162650/https://www.elmundo.es/espana/2023/12/29/658e985221efa0a9128b45cc.html,20240405162650
https://web.archive.org/web/20240405162650/https://www.elmundo.es/espana/2023/12/07/6571c282fc6c83c1548b4575.html,20240405162650
https://web.archive.org/web/20240405162650/https://www.elmundo.es/opinion/columnistas/2023/12/06/656f5a44fc6c83da6f8b45d5.html,20240405162650
https://web.archive.org/web/20240406171300/https://www.elmundo.es/espana/2024/03/29/6606bd34fdddffcd4c8b457d.html,20240406171300
https://web.archive.org/web/20240406171300/https://www.elmundo.es/espana/2024/03/08/65df82c8e85ece426c8b458d.html,20240406171300
https://web.archive.org/web/20240406171300/https://www.elmundo.es/madrid/2024/03/07/65e8e08221efa034418b45ad.html,20240406171300
https://web.archive.org/web/20240406171300/https://diariodecastillayleon.elmundo.es/articulo/soria/dirigente-psoe-detenido-violencia-machistaabreme-puerta-zorra/20240207135851089294.html,20240406171300
https://web.archive.org/web/20240406171300/https://www.elmundo.es/espana/2024/01/10/659da213e85ece3d588b4589.html,20240406171300
https://web.archive.org/web/20240406171300/https://www.elmundo.es/yodona/actualidad/2024/01/03/657712a9e85ece0f368b4588.html,20240406171300
https://web.archive.org/web/20240406171300/https://www.elmundo.es/espana/2023/12/29/658e985221efa0a9128b45cc.html,20240406171300
https://web.archive.org/web/20240406171300/https://www.elmundo.es/espana/2023/12/07/6571c282fc6c83c1548b4575.html,20240406171300
https://web.archive.org/web/20240406171300/https://www.elmundo.es/opinion/columnistas/2023/12/06/656f5a44fc6c83da6f8b45d5.html,20240406171300
https://web.archive.org/web/20240407182459/https://www.elmundo.es/espana/2024/03/29/6606bd34fdddffcd4c8b457d.html,20240407182459
https://web.archive.org/web/20240407182459/https://www.elmundo.es/espana/2024/03/08/65df82c8e85ece426c8b458d.html,20240407182459
https://web.archive.org/web/20240407182459/https://www.elmundo.es/madrid/2024/03/07/65e8e08221efa034418b45ad.html,20240407182459
https://web.archive.org/web/20240407182459/https://diariodecastillayleon.elmundo.es/articulo/soria/dirigente-psoe-detenido-violencia-machistaabreme-puerta-zorra/20240207135851089294.html,20240407182459
https://web.archive.org/web/20240407182459/https://www.elmundo.es/espana/2024/01/10/659da213e85ece3d588b4589.html,20240407182459
https://web.archive.org/web/20240407182459/https://www.elmundo.es/yodona/actualidad/2024/01/03/657712a9e85ece0f368b4588.html,20240407182459
https://web.archive.org/web/20240407182459/https://www.elmundo.es/espana/2023/12/29/658e985221efa0a9128b45cc.html,20240407182459
https://web.archive.org/web/20240407182459/https://www.elmundo.es/espana/2023/12/07/6571c282fc6c83c1548b4575.html,20240407182459
https://web.archive.org/web/20240407182459/https://www.elmundo.es/opinion/columnistas/2023/12/06/656f5a44fc6c83da6f8b45d5.html,20240407182459
https://web.archive.org/web/20240408161524/https://www.elmundo.es/espana/2024/03/29/6606bd34fdddffcd4c8b457d.html,20240408161524
https://web.archive.org/web/20240408161524/https://www.elmundo.es/espana/2024/03/08/65df82c8e85ece426c8b458d.html,20240408161524
https://web.archive.org/web/20240408161524/https://www.elmundo.es/madrid/2024/03/07/65e8e08221efa034418b45ad.html,20240408161524
https://web.archive.org/web/20240408161524/https://diariodecastillayleon.elmundo.es/articulo/soria/dirigente-psoe-detenido-violencia-machistaabreme-puerta-zorra/20240207135851089294.html,20240408161524
https://web.archive.org/web/20240408161524/https://www.elmundo.es/espana/2024/01/10/659da213e85ece3d588b4589.html,20240408161524
https://web.archive.org/web/20240408161524/https://www.elmundo.es/yodona/actualidad/2024/01/03/657712a9e85ece0f368b4588.html,20240408161524
https://web.archive.org/web/20240408161524/https://www.elmundo.es/espana/2023/12/29/658e985221efa0a9128b45cc.html,20240408161524
https://web.archive.org/web/20240408161524/https://www.elmundo.es/espana/2023/12/07/6571c282fc6c83c1548b4575.html,20240408161524
https://web.archive.org/web/20240408161524/https://www.elmundo.es/opinion/columnistas/2023/12/06/656f5a44fc6c83da6f8b45d5.html,20240408161524
https://web.archive.org/web/20240409184437/https://www.elmundo.es/espana/2024/03/29/6606bd34fdddffcd4c8b457d.html,20240409184437
https://web.archive.org/web/20240409184437/https://www.elmundo.es/espana/2024/03/08/65df82c8e85ece426c8b458d.html,20240409184437
https://web.archive.org/web/20240409184437/https://www.elmundo.es/madrid/2024/03/07/65e8e08221efa034418b45ad.html,20240409184437
https://web.archive.org/web/20240409184437/https://diariodecastillayleon.elmundo.es/articulo/soria/dirigente-psoe-detenido-violencia-machistaabreme-puerta-zorra/20240207135851089294.html,20240409184437
https://web.archive.org/web/20240409184437/https://www.elmundo.es/espana/2024/01/10/659da213e85ece3d588b4589.html,20240409184437
https://web.archive.org/web/20240409184437/https://www.elmundo.es/yodona/actualidad/2024/01/03/657712a9e85ece0f368b4588.html,20240409184437
https://web.archive.org/web/20240409184437/https://www.elmundo.es/espana/2023/12/29/658e985221efa0a9128b45cc.html,20240409184437
https://web.archive.org/web/20240409184437/https://www.elmundo.es/espana/2023/12/07/6571c282fc6c83c1548b4575.html,20240409184437
https://web.archive.org/web/20240409184437/https://www.elmundo.es/opinion/columnistas/2023/12/06/656f5a44fc6c83da6f8b45d5.html,20240409184437
https://web.archive.org/web/20240410191703/https://www.elmundo.es/espana/2024/03/29/6606bd34fdddffcd4c8b457d.html,20240410191703
https://web.archive.org/web/20240410191703/https://www.elmundo.es/espana/2024/03/08/65df82c8e85ece426c8b458d.html,20240410191703
https://web.archive.org/web/20240410191703/https://www.elmundo.es/madrid/2024/03/07/65e8e08221efa034418b45ad.html,20240410191703
https://web.archive.org/web/20240410191703/https://diariodecastillayleon.elmundo.es/articulo/soria/dirigente-psoe-detenido-violencia-machistaabreme-puerta-zorra/20240207135851089294.html,20240410191703
https://web.archive.org/web/20240410191703/https://www.elmundo.es/espana/2024/01/10/659da213e85ece3d588b4589.html,20240410191703
https://web.archive.org/web/20240410191703/https://www.elmundo.es/yodona/actualidad/2024/01/03/657712a9e85ece0f368b4588.html,20240410191703
https://web.archive.org/web/20240410191703/https://www.elmundo.es/espana/2023/12/29/658e985221efa0a9128b45cc.html,20240410191703
https://web.archive.org/web/20240410191703/https://www.elmundo.es/espana/2023/12/07/6571c282fc6c83c1548b4575.html,20240410191703
https://web.archive.org/web/20240410191703/https://www.elmundo.es/opinion/columnistas/2023/12/06/656f5a44fc6c83da6f8b45d5.html,20240410191703
https://web.archive.org/web/20240411144320/https://www.elmundo.es/cataluna/2024/04/11/6616e8bbe9cf4a4d128b4599.html,20240411144320
https://web.archive.org/web/20240411144320/https://www.elmundo.es/como/2024/04/11/66179bb9fdddff5c7d8b4595.html,20240411144320
https://web.archive.org/web/20240411144320/https://www.elmundo.es/espana/2024/03/29/6606bd34fdddffcd4c8b457d.html,20240411144320
https://web.archive.org/web/20240411144320/https://www.elmundo.es/espana/2024/03/08/65df82c8e85ece426c8b458d.html,20240411144320
https://web.archive.org/web/20240411144320/https://www.elmundo.es/madrid/2024/03/07/65e8e08221efa034418b45ad.html,20240411144320
https://web.archive.org/web/20240411144320/https://diariodecastillayleon.elmundo.es/articulo/soria/dirigente-psoe-detenido-violencia-machistaabreme-puerta-zorra/20240207135851089294.html,20240411144320
https://web.archive.org/web/20240411144320/https://www.elmundo.es/espana/2024/01/10/659da213e85ece3d588b4589.html,20240411144320
https://web.archive.org/web/20240411144320/https://www.elmundo.es/yodona/actualidad/2024/01/03/657712a9e85ece0f368b4588.html,20240411144320
https://web.archive.org/web/20240411144320/https://www.elmundo.es/espana/2023/12/29/658e985221efa0a9128b45cc.html,20240411144320
https://web.archive.org/web/20240411144320/https://www.elmundo.es/espana/2023/12/07/6571c282fc6c83c1548b4575.html,20240411144320
https://web.archive.org/web/20240424010257/https://www.elmundo.es/espana/2024/04/12/6617f8d9e4d4d841368b459c.html,20240424010257
https://web.archive.org/web/20240424010257/https://www.elmundo.es/cataluna/2024/04/11/6616e8bbe9cf4a4d128b4599.html,20240424010257
https://web.archive.org/web/20240424010257/https://www.elmundo.es/como/2024/04/11/66179bb9fdddff5c7d8b4595.html,20240424010257
https://web.archive.org/web/20240424010257/https://www.elmundo.es/espana/2024/03/29/6606bd34fdddffcd4c8b457d.html,20240424010257
https://web.archive.org/web/20240424010257/https://www.elmundo.es/espana/2024/03/08/65df82c8e85ece426c8b458d.html,20240424010257
https://web.archive.org/web/20240424010257/https://www.elmundo.es/madrid/2024/03/07/65e8e08221efa034418b45ad.html,20240424010257
https://web.archive.org/web/20240424010257/https://diariodecastillayleon.elmundo.es/articulo/soria/dirigente-psoe-detenido-violencia-machistaabreme-puerta-zorra/20240207135851089294.html,20240424010257
https://web.archive.org/web/20240424010257/https://www.elmundo.es/espana/2024/01/10/659da213e85ece3d588b4589.html,20240424010257
https://web.archive.org/web/20240424010257/https://www.elmundo.es/yodona/actualidad/2024/01/03/657712a9e85ece0f368b4588.html,20240424010257
https://web.archive.org/web/20240424010257/https://www.elmundo.es/espana/2023/12/29/658e985221efa0a9128b45cc.html,20240424010257
https://web.archive.org/web/20240426023731/https://www.elmundo.es/espana/2024/04/12/6617f8d9e4d4d841368b459c.html,20240426023731
https://web.archive.org/web/20240426023731/https://www.elmundo.es/cataluna/2024/04/11/6616e8bbe9cf4a4d128b4599.html,20240426023731
https://web.archive.org/web/20240426023731/https://www.elmundo.es/como/2024/04/11/66179bb9fdddff5c7d8b4595.html,20240426023731
https://web.archive.org/web/20240426023731/https://www.elmundo.es/espana/2024/03/29/6606bd34fdddffcd4c8b457d.html,20240426023731
https://web.archive.org/web/20240426023731/https://www.elmundo.es/espana/2024/03/08/65df82c8e85ece426c8b458d.html,20240426023731
https://web.archive.org/web/20240426023731/https://www.elmundo.es/madrid/2024/03/07/65e8e08221efa034418b45ad.html,20240426023731
https://web.archive.org/web/20240426023731/https://diariodecastillayleon.elmundo.es/articulo/soria/dirigente-psoe-detenido-violencia-machistaabreme-puerta-zorra/20240207135851089294.html,20240426023731
https://web.archive.org/web/20240426023731/https://www.elmundo.es/espana/2024/01/10/659da213e85ece3d588b4589.html,20240426023731
https://web.archive.org/web/20240426023731/https://www.elmundo.es/yodona/actualidad/2024/01/03/657712a9e85ece0f368b4588.html,20240426023731
https://web.archive.org/web/20240426023731/https://www.elmundo.es/espana/2023/12/29/658e985221efa0a9128b45cc.html,20240426023731
https://web.archive.org/web/20240514032353/https://www.elmundo.es/espana/2024/05/10/663e3928fc6c8324328b45ae.html,20240514032353
https://web.archive.org/web/20240514032353/https://www.elmundo.es/espana/2024/04/12/6617f8d9e4d4d841368b459c.html,20240514032353
https://web.archive.org/web/20240514032353/https://www.elmundo.es/cataluna/2024/04/11/6616e8bbe9cf4a4d128b4599.html,20240514032353
https://web.archive.org/web/20240514032353/https://www.elmundo.es/como/2024/04/11/66179bb9fdddff5c7d8b4595.html,20240514032353
https://web.archive.org/web/20240514032353/https://www.elmundo.es/espana/2024/03/29/6606bd34fdddffcd4c8b457d.html,20240514032353
https://web.archive.org/web/20240514032353/https://www.elmundo.es/espana/2024/03/08/65df82c8e85ece426c8b458d.html,20240514032353
https://web.archive.org/web/20240514032353/https://www.elmundo.es/madrid/2024/03/07/65e8e08221efa034418b45ad.html,20240514032353
https://web.archive.org/web/20240514032353/https://diariodecastillayleon.elmundo.es/articulo/soria/dirigente-psoe-detenido-violencia-machistaabreme-puerta-zorra/20240207135851089294.html,20240514032353
https://web.archive.org/web/20240514032353/https://www.elmundo.es/espana/2024/01/10/659da213e85ece3d588b4589.html,20240514032353
https://web.archive.org/web/20240906100833/https://www.elmundo.es/internacional/2024/09/06/66da987f21efa041168b456e.html,20240906100833
https://web.archive.org/web/20240906100833/https://www.elmundo.es/espana/2024/08/23/66c81d87fc6c83b3098b45b6.html,20240906100833
https://web.archive.org/web/20240906100833/https://www.elmundo.es/cataluna/2024/07/14/66937faae4d4d87a228b4574.html,20240906100833
https://web.archive.org/web/20240906100833/https://www.elmundo.es/comunidad-valenciana/2024/07/03/66857fd121efa077488b4574.html,20240906100833
https://web.archive.org/web/20240906100833/https://www.elmundo.es/espana/2024/07/02/668447c0fc6c83f94f8b45a3.html,20240906100833
https://web.archive.org/web/20240906100833/https://www.elmundo.es/television/2024/07/02/6683a589fdddfff9848b456e.html,20240906100833
https://web.archive.org/web/20240906100833/https://www.elmundo.es/madrid/2024/06/27/667d9d4dfdddff5fac8b45c7.html,20240906100833
https://web.archive.org/web/20250417105105/https://www.elmundo.es/espana/2025/02/10/67aa00d2e85ece5c458b457a-video.html,20250417105105
https://web.archive.org/web/20250417105105/https://www.elmundo.es/espana/2025/01/26/67962784fdddff734c8b457e.html,20250417105105
https://web.archive.org/web/20250510043826/https://www.elmundo.es/andalucia/2025/04/22/680767b8e9cf4a5f158b45b4.html,20250510043826
https://web.archive.org/web/20250510043826/https://www.elmundo.es/espana/2025/02/10/67aa00d2e85ece5c458b457a-video.html,20250510043826
https://web.archive.org/web/20250730175438/https://www.elmundo.es/espana/2025/07/29/68890aa5e85ecea8428b459e.html,20250730175438
https://web.archive.org/web/20250730175438/https://www.elmundo.es/espana/2025/07/21/687e02efe85ece400f8b4581-video.html,20250730175438
https://web.archive.org/web/20250730175438/https://www.elmundo.es/andalucia/2025/07/09/686e4dd3e85ece75638b45bd.html,20250730175438
https://web.archive.org/web/20250730175438/https://www.elmundo.es/espana/2025/06/25/685c1854fdddffa15a8b45a5.html,20250730175438
https://web.archive.org/web/20250730175438/https://www.elmundo.es/cataluna/2025/06/02/683d5878e9cf4a9d128b459b.html,20250730175438
https://web.archive.org/web/20250730175438/https://www.elmundo.es/andalucia/2025/04/22/680767b8e9cf4a5f158b45b4.html,20250730175438
https://web.archive.org/web/20250820153417/https://www.elmundo.es/espana/2025/07/29/68890aa5e85ecea8428b459e.html,20250820153417
https://web.archive.org/web/20250820153417/https://www.elmundo.es/espana/2025/07/21/687e02efe85ece400f8b4581-video.html,20250820153417
https://web.archive.org/web/20250820153417/https://www.elmundo.es/andalucia/2025/07/09/686e4dd3e85ece75638b45bd.html,20250820153417
https://web.archive.org/web/20250820153417/https://www.elmundo.es/espana/2025/06/25/685c1854fdddffa15a8b45a5.html,20250820153417
https://web.archive.org/web/20250820153417/https://www.elmundo.es/cataluna/2025/06/02/683d5878e9cf4a9d128b459b.html,20250820153417
https://web.archive.org/web/20250820153417/https://www.elmundo.es/andalucia/2025/04/22/680767b8e9cf4a5f158b45b4.html,20250820153417
https://web.archive.org/web/20250911102108/https://www.elmundo.es/espana/2025/09/11/68c29a6f21efa0a93b8b45bb.html,20250911102108
https://web.archive.org/web/20250911102108/https://www.elmundo.es/espana/2025/07/29/68890aa5e85ecea8428b459e.html,20250911102108
https://web.archive.org/web/20250911102108/https://www.elmundo.es/espana/2025/07/21/687e02efe85ece400f8b4581-video.html,20250911102108
https://web.archive.org/web/20250911102108/https://www.elmundo.es/andalucia/2025/07/09/686e4dd3e85ece75638b45bd.html,20250911102108
https://web.archive.org/web/20250911102108/https://www.elmundo.es/espana/2025/06/25/685c1854fdddffa15a8b45a5.html,20250911102108
https://web.archive.org/web/20250911102108/https://www.elmundo.es/cataluna/2025/06/02/683d5878e9cf4a9d128b459b.html,20250911102108
https://web.archive.org/web/20250911102108/https://www.elmundo.es/andalucia/2025/04/22/680767b8e9cf4a5f158b45b4.html,20250911102108
